=== Wed Nov 12 03:30:01 PM IST 2025 ===
Traceback (most recent call last):
  File "/home/tuxedo/Desktop/Dashboard/server_py/rapidapi_amazon_collector.py", line 17, in <module>
    from dotenv import load_dotenv
ModuleNotFoundError: No module named 'dotenv'
2025-11-12 16:04:33,919 - INFO - [CONFIG] ✓ Loaded
2025-11-12 16:04:33,920 - INFO - [RapidAPI] Client initialized for host: real-time-amazon-data.p.rapidapi.com
2025-11-12 16:04:33,920 - INFO - [START] Collection starting
2025-11-12 16:04:33,920 - INFO - [DB] Connecting (1/3)...
2025-11-12 16:04:33,929 - INFO - [DB] ✓ Connected
2025-11-12 16:04:33,934 - INFO - [DB] ✓ Tables ready
2025-11-12 16:04:33,934 - INFO - [MODE] Using DATABASE
2025-11-12 16:04:33,934 - INFO - 
[PROGRESS] Category 1/6
2025-11-12 16:04:33,934 - INFO - 
======================================================================
[COLLECT] Baby Products
2025-11-12 16:04:33,934 - INFO - [PAGE] 1/3...
2025-11-12 16:04:33,934 - INFO - [RapidAPI] Fetching products: category=1350380031, page=1, country=IN
2025-11-12 16:04:37,297 - INFO - [RapidAPI] ✓ Success: 24 products (total available: 69946)
2025-11-12 16:04:37,305 - INFO - [DB] ✓ Saved 24 products with analytics
2025-11-12 16:04:37,305 - INFO - [SAVED] ✓ 24 products
2025-11-12 16:04:39,305 - INFO - [PAGE] 2/3...
2025-11-12 16:04:39,306 - INFO - [RapidAPI] Fetching products: category=1350380031, page=2, country=IN
2025-11-12 16:04:42,203 - INFO - [RapidAPI] ✓ Success: 24 products (total available: 75315)
2025-11-12 16:04:42,209 - INFO - [DB] ✓ Saved 24 products with analytics
2025-11-12 16:04:42,209 - INFO - [SAVED] ✓ 24 products
2025-11-12 16:04:44,210 - INFO - [PAGE] 3/3...
2025-11-12 16:04:44,210 - INFO - [RapidAPI] Fetching products: category=1350380031, page=3, country=IN
2025-11-12 16:04:46,678 - INFO - [RapidAPI] ✓ Success: 24 products (total available: 75315)
2025-11-12 16:04:46,685 - INFO - [DB] ✓ Saved 24 products with analytics
2025-11-12 16:04:46,685 - INFO - [SAVED] ✓ 24 products
2025-11-12 16:04:46,686 - INFO - [RESULT] 72 products saved
2025-11-12 16:04:49,686 - INFO - 
[PROGRESS] Category 2/6
2025-11-12 16:04:49,686 - INFO - 
======================================================================
[COLLECT] Electronics
2025-11-12 16:04:49,686 - INFO - [PAGE] 1/3...
2025-11-12 16:04:49,686 - INFO - [RapidAPI] Fetching products: category=976419031, page=1, country=IN
2025-11-12 16:04:52,680 - INFO - [RapidAPI] ✓ Success: 24 products (total available: 68426)
2025-11-12 16:04:52,689 - INFO - [DB] ✓ Saved 24 products with analytics
2025-11-12 16:04:52,689 - INFO - [SAVED] ✓ 24 products
2025-11-12 16:04:54,689 - INFO - [PAGE] 2/3...
2025-11-12 16:04:54,689 - INFO - [RapidAPI] Fetching products: category=976419031, page=2, country=IN
2025-11-12 16:04:57,146 - INFO - [RapidAPI] ✓ Success: 24 products (total available: 68426)
2025-11-12 16:04:57,153 - INFO - [DB] ✓ Saved 24 products with analytics
2025-11-12 16:04:57,153 - INFO - [SAVED] ✓ 24 products
2025-11-12 16:04:59,153 - INFO - [PAGE] 3/3...
2025-11-12 16:04:59,153 - INFO - [RapidAPI] Fetching products: category=976419031, page=3, country=IN
2025-11-12 16:05:01,774 - INFO - [RapidAPI] ✓ Success: 24 products (total available: 74412)
2025-11-12 16:05:01,781 - INFO - [DB] ✓ Saved 24 products with analytics
2025-11-12 16:05:01,781 - INFO - [SAVED] ✓ 24 products
2025-11-12 16:05:01,781 - INFO - [RESULT] 72 products saved
2025-11-12 16:05:04,782 - INFO - 
[PROGRESS] Category 3/6
2025-11-12 16:05:04,782 - INFO - 
======================================================================
[COLLECT] Computers & Accessories
2025-11-12 16:05:04,782 - INFO - [PAGE] 1/3...
2025-11-12 16:05:04,782 - INFO - [RapidAPI] Fetching products: category=976392031, page=1, country=IN
2025-11-12 16:05:07,519 - INFO - [RapidAPI] ✓ Success: 24 products (total available: 74535)
2025-11-12 16:05:07,525 - INFO - [DB] ✓ Saved 24 products with analytics
2025-11-12 16:05:07,526 - INFO - [SAVED] ✓ 24 products
2025-11-12 16:05:09,526 - INFO - [PAGE] 2/3...
2025-11-12 16:05:09,526 - INFO - [RapidAPI] Fetching products: category=976392031, page=2, country=IN
2025-11-12 16:05:12,040 - INFO - [RapidAPI] ✓ Success: 24 products (total available: 74535)
2025-11-12 16:05:12,048 - INFO - [DB] ✓ Saved 24 products with analytics
2025-11-12 16:05:12,048 - INFO - [SAVED] ✓ 24 products
2025-11-12 16:05:14,048 - INFO - [PAGE] 3/3...
2025-11-12 16:05:14,048 - INFO - [RapidAPI] Fetching products: category=976392031, page=3, country=IN
2025-11-12 16:05:16,457 - INFO - [RapidAPI] ✓ Success: 24 products (total available: 74535)
2025-11-12 16:05:16,464 - INFO - [DB] ✓ Saved 24 products with analytics
2025-11-12 16:05:16,465 - INFO - [SAVED] ✓ 24 products
2025-11-12 16:05:16,465 - INFO - [RESULT] 72 products saved
2025-11-12 16:05:19,465 - INFO - 
[PROGRESS] Category 4/6
2025-11-12 16:05:19,465 - INFO - 
======================================================================
[COLLECT] Cell Phones
2025-11-12 16:05:19,465 - INFO - [PAGE] 1/3...
2025-11-12 16:05:19,465 - INFO - [RapidAPI] Fetching products: category=1389401031, page=1, country=IN
2025-11-12 16:05:22,141 - INFO - [RapidAPI] ✓ Success: 24 products (total available: 66953)
2025-11-12 16:05:22,148 - INFO - [DB] ✓ Saved 24 products with analytics
2025-11-12 16:05:22,148 - INFO - [SAVED] ✓ 24 products
2025-11-12 16:05:24,148 - INFO - [PAGE] 2/3...
2025-11-12 16:05:24,148 - INFO - [RapidAPI] Fetching products: category=1389401031, page=2, country=IN
2025-11-12 16:05:26,539 - INFO - [RapidAPI] ✓ Success: 24 products (total available: 66953)
2025-11-12 16:05:26,547 - INFO - [DB] ✓ Saved 24 products with analytics
2025-11-12 16:05:26,547 - INFO - [SAVED] ✓ 24 products
2025-11-12 16:05:28,547 - INFO - [PAGE] 3/3...
2025-11-12 16:05:28,547 - INFO - [RapidAPI] Fetching products: category=1389401031, page=3, country=IN
2025-11-12 16:05:31,028 - INFO - [RapidAPI] ✓ Success: 24 products (total available: 66953)
2025-11-12 16:05:31,035 - INFO - [DB] ✓ Saved 24 products with analytics
2025-11-12 16:05:31,035 - INFO - [SAVED] ✓ 24 products
2025-11-12 16:05:31,035 - INFO - [RESULT] 72 products saved
2025-11-12 16:05:34,036 - INFO - 
[PROGRESS] Category 5/6
2025-11-12 16:05:34,036 - INFO - 
======================================================================
[COLLECT] Toys & Games
2025-11-12 16:05:34,036 - INFO - [PAGE] 1/3...
2025-11-12 16:05:34,036 - INFO - [RapidAPI] Fetching products: category=1350387031, page=1, country=IN
2025-11-12 16:05:35,431 - INFO - 
[STOP] Interrupted
2025-11-12 16:05:35,433 - INFO - [DB] Disconnected
2025-11-12 16:09:45,281 - INFO - [CONFIG] ✓ Loaded
2025-11-12 16:09:45,281 - INFO - [RapidAPI] Client initialized for host: real-time-amazon-data.p.rapidapi.com
2025-11-12 16:09:45,281 - INFO - [START] Collection starting
2025-11-12 16:09:45,281 - INFO - [DB] Connecting (1/3)...
2025-11-12 16:09:45,290 - INFO - [DB] ✓ Connected
2025-11-12 16:09:45,294 - INFO - [DB] ✓ Tables ready
2025-11-12 16:09:45,294 - INFO - [MODE] Using DATABASE
2025-11-12 16:09:45,294 - INFO - 
[PROGRESS] Category 1/6
2025-11-12 16:09:45,294 - INFO - 
======================================================================
[COLLECT] Baby Products
2025-11-12 16:09:45,294 - INFO - [PAGE] 1/3...
2025-11-12 16:09:45,294 - INFO - [RapidAPI] Fetching products: category=1350380031, page=1, country=IN
2025-11-12 16:09:48,779 - INFO - [RapidAPI] ✓ Success: 24 products (total available: 71543)
2025-11-12 16:09:48,787 - INFO - [DB] ✓ Saved 24 products with analytics
2025-11-12 16:09:48,787 - INFO - [SAVED] ✓ 24 products
2025-11-12 16:09:50,788 - INFO - [PAGE] 2/3...
2025-11-12 16:09:50,788 - INFO - [RapidAPI] Fetching products: category=1350380031, page=2, country=IN
2025-11-12 16:09:53,396 - INFO - [RapidAPI] ✓ Success: 24 products (total available: 71543)
2025-11-12 16:09:53,402 - INFO - [DB] ✓ Saved 24 products with analytics
2025-11-12 16:09:53,403 - INFO - [SAVED] ✓ 24 products
2025-11-12 16:09:55,403 - INFO - [PAGE] 3/3...
2025-11-12 16:09:55,403 - INFO - [RapidAPI] Fetching products: category=1350380031, page=3, country=IN
2025-11-12 16:09:57,997 - INFO - [RapidAPI] ✓ Success: 24 products (total available: 71543)
2025-11-12 16:09:58,004 - INFO - [DB] ✓ Saved 24 products with analytics
2025-11-12 16:09:58,004 - INFO - [SAVED] ✓ 24 products
2025-11-12 16:09:58,004 - INFO - [RESULT] 72 products saved
2025-11-12 16:10:01,004 - INFO - 
[PROGRESS] Category 2/6
2025-11-12 16:10:01,004 - INFO - 
======================================================================
[COLLECT] Electronics
2025-11-12 16:10:01,004 - INFO - [PAGE] 1/3...
2025-11-12 16:10:01,004 - INFO - [RapidAPI] Fetching products: category=976419031, page=1, country=IN
2025-11-12 16:10:03,486 - INFO - [RapidAPI] ✓ Success: 24 products (total available: 69809)
2025-11-12 16:10:03,493 - INFO - [DB] ✓ Saved 24 products with analytics
2025-11-12 16:10:03,493 - INFO - [SAVED] ✓ 24 products
2025-11-12 16:10:05,493 - INFO - [PAGE] 2/3...
2025-11-12 16:10:05,493 - INFO - [RapidAPI] Fetching products: category=976419031, page=2, country=IN
2025-11-12 16:10:07,944 - INFO - [RapidAPI] ✓ Success: 24 products (total available: 69809)
2025-11-12 16:10:07,951 - INFO - [DB] ✓ Saved 24 products with analytics
2025-11-12 16:10:07,951 - INFO - [SAVED] ✓ 24 products
2025-11-12 16:10:09,951 - INFO - [PAGE] 3/3...
2025-11-12 16:10:09,951 - INFO - [RapidAPI] Fetching products: category=976419031, page=3, country=IN
2025-11-12 16:10:12,688 - INFO - [RapidAPI] ✓ Success: 24 products (total available: 69809)
2025-11-12 16:10:12,697 - INFO - [DB] ✓ Saved 24 products with analytics
2025-11-12 16:10:12,697 - INFO - [SAVED] ✓ 24 products
2025-11-12 16:10:12,697 - INFO - [RESULT] 72 products saved
2025-11-12 16:10:15,697 - INFO - 
[PROGRESS] Category 3/6
2025-11-12 16:10:15,697 - INFO - 
======================================================================
[COLLECT] Computers & Accessories
2025-11-12 16:10:15,697 - INFO - [PAGE] 1/3...
2025-11-12 16:10:15,697 - INFO - [RapidAPI] Fetching products: category=976392031, page=1, country=IN
2025-11-12 16:10:18,904 - INFO - [RapidAPI] ✓ Success: 24 products (total available: 74830)
2025-11-12 16:10:18,911 - INFO - [DB] ✓ Saved 24 products with analytics
2025-11-12 16:10:18,911 - INFO - [SAVED] ✓ 24 products
2025-11-12 16:10:20,911 - INFO - [PAGE] 2/3...
2025-11-12 16:10:20,911 - INFO - [RapidAPI] Fetching products: category=976392031, page=2, country=IN
2025-11-12 16:10:23,476 - INFO - [RapidAPI] ✓ Success: 24 products (total available: 74830)
2025-11-12 16:10:23,482 - INFO - [DB] ✓ Saved 24 products with analytics
2025-11-12 16:10:23,482 - INFO - [SAVED] ✓ 24 products
2025-11-12 16:10:25,483 - INFO - [PAGE] 3/3...
2025-11-12 16:10:25,483 - INFO - [RapidAPI] Fetching products: category=976392031, page=3, country=IN
2025-11-12 16:10:27,859 - INFO - [RapidAPI] ✓ Success: 24 products (total available: 74830)
2025-11-12 16:10:27,867 - INFO - [DB] ✓ Saved 24 products with analytics
2025-11-12 16:10:27,867 - INFO - [SAVED] ✓ 24 products
2025-11-12 16:10:27,867 - INFO - [RESULT] 72 products saved
2025-11-12 16:10:30,868 - INFO - 
[PROGRESS] Category 4/6
2025-11-12 16:10:30,868 - INFO - 
======================================================================
[COLLECT] Cell Phones
2025-11-12 16:10:30,868 - INFO - [PAGE] 1/3...
2025-11-12 16:10:30,868 - INFO - [RapidAPI] Fetching products: category=1389401031, page=1, country=IN
2025-11-12 16:10:33,345 - INFO - [RapidAPI] ✓ Success: 24 products (total available: 70470)
2025-11-12 16:10:33,352 - INFO - [DB] ✓ Saved 24 products with analytics
2025-11-12 16:10:33,352 - INFO - [SAVED] ✓ 24 products
2025-11-12 16:10:35,352 - INFO - [PAGE] 2/3...
2025-11-12 16:10:35,352 - INFO - [RapidAPI] Fetching products: category=1389401031, page=2, country=IN
2025-11-12 16:10:37,954 - INFO - [RapidAPI] ✓ Success: 24 products (total available: 70470)
2025-11-12 16:10:37,960 - INFO - [DB] ✓ Saved 24 products with analytics
2025-11-12 16:10:37,960 - INFO - [SAVED] ✓ 24 products
2025-11-12 16:10:39,961 - INFO - [PAGE] 3/3...
2025-11-12 16:10:39,961 - INFO - [RapidAPI] Fetching products: category=1389401031, page=3, country=IN
2025-11-12 16:10:42,611 - INFO - [RapidAPI] ✓ Success: 24 products (total available: 70227)
2025-11-12 16:10:42,617 - INFO - [DB] ✓ Saved 24 products with analytics
2025-11-12 16:10:42,617 - INFO - [SAVED] ✓ 24 products
2025-11-12 16:10:42,617 - INFO - [RESULT] 72 products saved
2025-11-12 16:10:45,617 - INFO - 
[PROGRESS] Category 5/6
2025-11-12 16:10:45,617 - INFO - 
======================================================================
[COLLECT] Toys & Games
2025-11-12 16:10:45,617 - INFO - [PAGE] 1/3...
2025-11-12 16:10:45,618 - INFO - [RapidAPI] Fetching products: category=1350387031, page=1, country=IN
2025-11-12 16:10:48,193 - INFO - [RapidAPI] ✓ Success: 48 products (total available: 39195)
2025-11-12 16:10:48,202 - INFO - [DB] ✓ Saved 48 products with analytics
2025-11-12 16:10:48,202 - INFO - [SAVED] ✓ 48 products
2025-11-12 16:10:50,202 - INFO - [PAGE] 2/3...
2025-11-12 16:10:50,202 - INFO - [RapidAPI] Fetching products: category=1350387031, page=2, country=IN
2025-11-12 16:10:57,069 - INFO - [RapidAPI] ✓ Success: 48 products (total available: 39195)
2025-11-12 16:10:57,077 - INFO - [DB] ✓ Saved 48 products with analytics
2025-11-12 16:10:57,078 - INFO - [SAVED] ✓ 48 products
2025-11-12 16:10:59,078 - INFO - [PAGE] 3/3...
2025-11-12 16:10:59,078 - INFO - [RapidAPI] Fetching products: category=1350387031, page=3, country=IN
2025-11-12 16:11:01,945 - INFO - [RapidAPI] ✓ Success: 48 products (total available: 38037)
2025-11-12 16:11:01,953 - INFO - [DB] ✓ Saved 48 products with analytics
2025-11-12 16:11:01,953 - INFO - [SAVED] ✓ 48 products
2025-11-12 16:11:01,953 - INFO - [RESULT] 144 products saved
2025-11-12 16:11:02,476 - INFO - 
[STOP] Interrupted
2025-11-12 16:11:02,476 - INFO - [DB] Disconnected
2025-11-12 16:20:00,603 - INFO - [CONFIG] ✓ Loaded
2025-11-12 16:20:00,603 - INFO - [RapidAPI] Client initialized for host: real-time-amazon-data.p.rapidapi.com
2025-11-12 16:20:00,603 - INFO - [START] Collection starting
2025-11-12 16:20:00,603 - INFO - [DB] Connecting (1/3)...
2025-11-12 16:20:00,611 - INFO - [DB] ✓ Connected
2025-11-12 16:20:00,616 - INFO - [DB] ✓ Tables ready
2025-11-12 16:20:00,616 - INFO - [MODE] Using DATABASE
2025-11-12 16:20:00,616 - INFO - 
[PROGRESS] Category 1/6
2025-11-12 16:20:00,616 - INFO - 
======================================================================
[COLLECT] Baby Products
2025-11-12 16:20:00,616 - INFO - [PAGE] 1/3...
2025-11-12 16:20:00,616 - INFO - [RapidAPI] Fetching products: category=1350380031, page=1, country=IN
2025-11-12 16:20:03,416 - INFO - [RapidAPI] ✓ Success: 24 products (total available: 77822)
2025-11-12 16:20:03,424 - INFO - [DB] ✓ Saved 24 products with analytics
2025-11-12 16:20:03,424 - INFO - [SAVED] ✓ 24 products
2025-11-12 16:20:05,424 - INFO - [PAGE] 2/3...
2025-11-12 16:20:05,425 - INFO - [RapidAPI] Fetching products: category=1350380031, page=2, country=IN
2025-11-12 16:20:07,952 - INFO - [RapidAPI] ✓ Success: 24 products (total available: 70328)
2025-11-12 16:20:07,959 - INFO - [DB] ✓ Saved 24 products with analytics
2025-11-12 16:20:07,960 - INFO - [SAVED] ✓ 24 products
2025-11-12 16:20:09,960 - INFO - [PAGE] 3/3...
2025-11-12 16:20:09,960 - INFO - [RapidAPI] Fetching products: category=1350380031, page=3, country=IN
2025-11-12 16:20:12,844 - INFO - [RapidAPI] ✓ Success: 24 products (total available: 70328)
2025-11-12 16:20:12,851 - INFO - [DB] ✓ Saved 24 products with analytics
2025-11-12 16:20:12,851 - INFO - [SAVED] ✓ 24 products
2025-11-12 16:20:12,851 - INFO - [RESULT] 72 products saved
2025-11-12 16:20:15,851 - INFO - 
[PROGRESS] Category 2/6
2025-11-12 16:20:15,851 - INFO - 
======================================================================
[COLLECT] Electronics
2025-11-12 16:20:15,851 - INFO - [PAGE] 1/3...
2025-11-12 16:20:15,851 - INFO - [RapidAPI] Fetching products: category=976419031, page=1, country=IN
2025-11-12 16:20:18,530 - INFO - [RapidAPI] ✓ Success: 24 products (total available: 69400)
2025-11-12 16:20:18,537 - INFO - [DB] ✓ Saved 24 products with analytics
2025-11-12 16:20:18,537 - INFO - [SAVED] ✓ 24 products
2025-11-12 16:20:20,538 - INFO - [PAGE] 2/3...
2025-11-12 16:20:20,538 - INFO - [RapidAPI] Fetching products: category=976419031, page=2, country=IN
2025-11-12 16:20:23,245 - INFO - [RapidAPI] ✓ Success: 24 products (total available: 69400)
2025-11-12 16:20:23,252 - INFO - [DB] ✓ Saved 24 products with analytics
2025-11-12 16:20:23,252 - INFO - [SAVED] ✓ 24 products
2025-11-12 16:20:25,252 - INFO - [PAGE] 3/3...
2025-11-12 16:20:25,252 - INFO - [RapidAPI] Fetching products: category=976419031, page=3, country=IN
2025-11-12 16:20:27,912 - INFO - [RapidAPI] ✓ Success: 24 products (total available: 69400)
2025-11-12 16:20:27,919 - INFO - [DB] ✓ Saved 24 products with analytics
2025-11-12 16:20:27,920 - INFO - [SAVED] ✓ 24 products
2025-11-12 16:20:27,920 - INFO - [RESULT] 72 products saved
2025-11-12 16:20:30,920 - INFO - 
[PROGRESS] Category 3/6
2025-11-12 16:20:30,920 - INFO - 
======================================================================
[COLLECT] Computers & Accessories
2025-11-12 16:20:30,920 - INFO - [PAGE] 1/3...
2025-11-12 16:20:30,920 - INFO - [RapidAPI] Fetching products: category=976392031, page=1, country=IN
2025-11-12 16:20:33,630 - INFO - [RapidAPI] ✓ Success: 24 products (total available: 72429)
2025-11-12 16:20:33,637 - INFO - [DB] ✓ Saved 24 products with analytics
2025-11-12 16:20:33,637 - INFO - [SAVED] ✓ 24 products
2025-11-12 16:20:35,637 - INFO - [PAGE] 2/3...
2025-11-12 16:20:35,637 - INFO - [RapidAPI] Fetching products: category=976392031, page=2, country=IN
2025-11-12 16:20:38,216 - INFO - [RapidAPI] ✓ Success: 24 products (total available: 72429)
2025-11-12 16:20:38,222 - INFO - [DB] ✓ Saved 24 products with analytics
2025-11-12 16:20:38,222 - INFO - [SAVED] ✓ 24 products
2025-11-12 16:20:40,222 - INFO - [PAGE] 3/3...
2025-11-12 16:20:40,222 - INFO - [RapidAPI] Fetching products: category=976392031, page=3, country=IN
2025-11-12 16:20:42,796 - INFO - [RapidAPI] ✓ Success: 24 products (total available: 72429)
2025-11-12 16:20:42,802 - INFO - [DB] ✓ Saved 24 products with analytics
2025-11-12 16:20:42,802 - INFO - [SAVED] ✓ 24 products
2025-11-12 16:20:42,802 - INFO - [RESULT] 72 products saved
2025-11-12 16:20:45,803 - INFO - 
[PROGRESS] Category 4/6
2025-11-12 16:20:45,803 - INFO - 
======================================================================
[COLLECT] Cell Phones
2025-11-12 16:20:45,803 - INFO - [PAGE] 1/3...
2025-11-12 16:20:45,803 - INFO - [RapidAPI] Fetching products: category=1389401031, page=1, country=IN
2025-11-12 16:20:49,369 - INFO - [RapidAPI] ✓ Success: 24 products (total available: 66682)
2025-11-12 16:20:49,375 - INFO - [DB] ✓ Saved 24 products with analytics
2025-11-12 16:20:49,375 - INFO - [SAVED] ✓ 24 products
2025-11-12 16:20:51,376 - INFO - [PAGE] 2/3...
2025-11-12 16:20:51,376 - INFO - [RapidAPI] Fetching products: category=1389401031, page=2, country=IN
2025-11-12 16:20:54,070 - INFO - [RapidAPI] ✓ Success: 24 products (total available: 66682)
2025-11-12 16:20:54,076 - INFO - [DB] ✓ Saved 24 products with analytics
2025-11-12 16:20:54,077 - INFO - [SAVED] ✓ 24 products
2025-11-12 16:20:56,077 - INFO - [PAGE] 3/3...
2025-11-12 16:20:56,077 - INFO - [RapidAPI] Fetching products: category=1389401031, page=3, country=IN
2025-11-12 16:20:59,098 - INFO - [RapidAPI] ✓ Success: 24 products (total available: 66682)
2025-11-12 16:20:59,103 - INFO - [DB] ✓ Saved 24 products with analytics
2025-11-12 16:20:59,103 - INFO - [SAVED] ✓ 24 products
2025-11-12 16:20:59,103 - INFO - [RESULT] 72 products saved
2025-11-12 16:21:02,104 - INFO - 
[PROGRESS] Category 5/6
2025-11-12 16:21:02,104 - INFO - 
======================================================================
[COLLECT] Toys & Games
2025-11-12 16:21:02,104 - INFO - [PAGE] 1/3...
2025-11-12 16:21:02,104 - INFO - [RapidAPI] Fetching products: category=1350387031, page=1, country=IN
2025-11-12 16:21:07,134 - INFO - [RapidAPI] ✓ Success: 48 products (total available: 41660)
2025-11-12 16:21:07,143 - INFO - [DB] ✓ Saved 48 products with analytics
2025-11-12 16:21:07,143 - INFO - [SAVED] ✓ 48 products
2025-11-12 16:21:09,143 - INFO - [PAGE] 2/3...
2025-11-12 16:21:09,143 - INFO - [RapidAPI] Fetching products: category=1350387031, page=2, country=IN
2025-11-12 16:21:11,691 - INFO - [RapidAPI] ✓ Success: 48 products (total available: 41660)
2025-11-12 16:21:11,703 - INFO - [DB] ✓ Saved 48 products with analytics
2025-11-12 16:21:11,703 - INFO - [SAVED] ✓ 48 products
2025-11-12 16:21:13,703 - INFO - [PAGE] 3/3...
2025-11-12 16:21:13,703 - INFO - [RapidAPI] Fetching products: category=1350387031, page=3, country=IN
2025-11-12 16:21:16,245 - INFO - [RapidAPI] ✓ Success: 48 products (total available: 38433)
2025-11-12 16:21:16,254 - INFO - [DB] ✓ Saved 48 products with analytics
2025-11-12 16:21:16,254 - INFO - [SAVED] ✓ 48 products
2025-11-12 16:21:16,254 - INFO - [RESULT] 144 products saved
2025-11-12 16:21:19,254 - INFO - 
[PROGRESS] Category 6/6
2025-11-12 16:21:19,254 - INFO - 
======================================================================
[COLLECT] Health & Personal Care
2025-11-12 16:21:19,254 - INFO - [PAGE] 1/3...
2025-11-12 16:21:19,254 - INFO - [RapidAPI] Fetching products: category=1350384031, page=1, country=IN
2025-11-12 16:21:21,687 - INFO - [RapidAPI] ✓ Success: 24 products (total available: 73160)
2025-11-12 16:21:21,694 - INFO - [DB] ✓ Saved 24 products with analytics
2025-11-12 16:21:21,694 - INFO - [SAVED] ✓ 24 products
2025-11-12 16:21:23,695 - INFO - [PAGE] 2/3...
2025-11-12 16:21:23,695 - INFO - [RapidAPI] Fetching products: category=1350384031, page=2, country=IN
2025-11-12 16:21:26,607 - INFO - [RapidAPI] ✓ Success: 24 products (total available: 73160)
2025-11-12 16:21:26,613 - INFO - [DB] ✓ Saved 24 products with analytics
2025-11-12 16:21:26,614 - INFO - [SAVED] ✓ 24 products
2025-11-12 16:21:28,614 - INFO - [PAGE] 3/3...
2025-11-12 16:21:28,614 - INFO - [RapidAPI] Fetching products: category=1350384031, page=3, country=IN
2025-11-12 16:21:31,072 - INFO - [RapidAPI] ✓ Success: 24 products (total available: 73160)
2025-11-12 16:21:31,080 - INFO - [DB] ✓ Saved 24 products with analytics
2025-11-12 16:21:31,080 - INFO - [SAVED] ✓ 24 products
2025-11-12 16:21:31,080 - INFO - [RESULT] 72 products saved
2025-11-12 16:21:31,083 - INFO - 
[STATS] Products: 1225, ASINs: 1125
2025-11-12 16:21:31,083 - INFO - [ANALYTICS] Avg Price: ₹1581.58
2025-11-12 16:21:31,083 - INFO - [ANALYTICS] Avg Sales: 159,816,695
2025-11-12 16:21:31,083 - INFO - [COMPLETE] 504 products collected
2025-11-12 16:21:31,083 - INFO - [DB] Disconnected
2025-11-12 16:31:51,068 - INFO - [CONFIG] ✓ Loaded
2025-11-12 16:31:51,068 - INFO - [RapidAPI] Client initialized for host: real-time-amazon-data.p.rapidapi.com
2025-11-12 16:31:51,068 - INFO - [START] Collection starting
2025-11-12 16:31:51,068 - INFO - [DB] Connecting (1/3)...
2025-11-12 16:31:51,077 - INFO - [DB] ✓ Connected
2025-11-12 16:31:51,081 - INFO - [DB] ✓ Tables ready
2025-11-12 16:31:51,081 - INFO - [MODE] Using DATABASE
2025-11-12 16:31:51,081 - INFO - 
[PROGRESS] Category 1/6
2025-11-12 16:31:51,081 - INFO - 
======================================================================
[COLLECT] Baby Products
2025-11-12 16:31:51,081 - INFO - [PAGE] 1/3...
2025-11-12 16:31:51,081 - INFO - [RapidAPI] Fetching products: category=1350380031, page=1, country=IN
2025-11-12 16:31:53,825 - INFO - [RapidAPI] ✓ Success: 24 products (total available: 69545)
2025-11-12 16:31:53,833 - INFO - [DB] ✓ Saved 24 products with analytics
2025-11-12 16:31:53,833 - INFO - [SAVED] ✓ 24 products
2025-11-12 16:31:55,833 - INFO - [PAGE] 2/3...
2025-11-12 16:31:55,833 - INFO - [RapidAPI] Fetching products: category=1350380031, page=2, country=IN
2025-11-12 16:31:58,188 - INFO - [RapidAPI] ✓ Success: 24 products (total available: 69545)
2025-11-12 16:31:58,195 - INFO - [DB] ✓ Saved 24 products with analytics
2025-11-12 16:31:58,195 - INFO - [SAVED] ✓ 24 products
2025-11-12 16:32:00,195 - INFO - [PAGE] 3/3...
2025-11-12 16:32:00,195 - INFO - [RapidAPI] Fetching products: category=1350380031, page=3, country=IN
2025-11-12 16:32:02,998 - INFO - [RapidAPI] ✓ Success: 24 products (total available: 69207)
2025-11-12 16:32:03,005 - INFO - [DB] ✓ Saved 24 products with analytics
2025-11-12 16:32:03,005 - INFO - [SAVED] ✓ 24 products
2025-11-12 16:32:03,005 - INFO - [RESULT] 72 products saved
2025-11-12 16:32:06,005 - INFO - 
[PROGRESS] Category 2/6
2025-11-12 16:32:06,005 - INFO - 
======================================================================
[COLLECT] Electronics
2025-11-12 16:32:06,005 - INFO - [PAGE] 1/3...
2025-11-12 16:32:06,005 - INFO - [RapidAPI] Fetching products: category=976419031, page=1, country=IN
2025-11-12 16:32:08,678 - INFO - [RapidAPI] ✓ Success: 24 products (total available: 68323)
2025-11-12 16:32:08,685 - INFO - [DB] ✓ Saved 24 products with analytics
2025-11-12 16:32:08,685 - INFO - [SAVED] ✓ 24 products
2025-11-12 16:32:10,686 - INFO - [PAGE] 2/3...
2025-11-12 16:32:10,686 - INFO - [RapidAPI] Fetching products: category=976419031, page=2, country=IN
2025-11-12 16:32:13,169 - INFO - [RapidAPI] ✓ Success: 24 products (total available: 67861)
2025-11-12 16:32:13,176 - INFO - [DB] ✓ Saved 24 products with analytics
2025-11-12 16:32:13,176 - INFO - [SAVED] ✓ 24 products
2025-11-12 16:32:15,176 - INFO - [PAGE] 3/3...
2025-11-12 16:32:15,176 - INFO - [RapidAPI] Fetching products: category=976419031, page=3, country=IN
2025-11-12 16:32:17,756 - INFO - [RapidAPI] ✓ Success: 24 products (total available: 72766)
2025-11-12 16:32:17,763 - INFO - [DB] ✓ Saved 24 products with analytics
2025-11-12 16:32:17,764 - INFO - [SAVED] ✓ 24 products
2025-11-12 16:32:17,764 - INFO - [RESULT] 72 products saved
2025-11-12 16:32:20,764 - INFO - 
[PROGRESS] Category 3/6
2025-11-12 16:32:20,764 - INFO - 
======================================================================
[COLLECT] Computers & Accessories
2025-11-12 16:32:20,764 - INFO - [PAGE] 1/3...
2025-11-12 16:32:20,764 - INFO - [RapidAPI] Fetching products: category=976392031, page=1, country=IN
2025-11-12 16:32:23,597 - INFO - [RapidAPI] ✓ Success: 24 products (total available: 71135)
2025-11-12 16:32:23,603 - INFO - [DB] ✓ Saved 24 products with analytics
2025-11-12 16:32:23,603 - INFO - [SAVED] ✓ 24 products
2025-11-12 16:32:25,604 - INFO - [PAGE] 2/3...
2025-11-12 16:32:25,604 - INFO - [RapidAPI] Fetching products: category=976392031, page=2, country=IN
2025-11-12 16:32:28,121 - INFO - [RapidAPI] ✓ Success: 24 products (total available: 73726)
2025-11-12 16:32:28,128 - INFO - [DB] ✓ Saved 24 products with analytics
2025-11-12 16:32:28,128 - INFO - [SAVED] ✓ 24 products
2025-11-12 16:32:30,129 - INFO - [PAGE] 3/3...
2025-11-12 16:32:30,129 - INFO - [RapidAPI] Fetching products: category=976392031, page=3, country=IN
2025-11-12 16:32:32,648 - INFO - [RapidAPI] ✓ Success: 24 products (total available: 71135)
2025-11-12 16:32:32,655 - INFO - [DB] ✓ Saved 24 products with analytics
2025-11-12 16:32:32,655 - INFO - [SAVED] ✓ 24 products
2025-11-12 16:32:32,655 - INFO - [RESULT] 72 products saved
2025-11-12 16:32:35,655 - INFO - 
[PROGRESS] Category 4/6
2025-11-12 16:32:35,655 - INFO - 
======================================================================
[COLLECT] Cell Phones
2025-11-12 16:32:35,655 - INFO - [PAGE] 1/3...
2025-11-12 16:32:35,655 - INFO - [RapidAPI] Fetching products: category=1389401031, page=1, country=IN
2025-11-12 16:32:38,021 - INFO - [RapidAPI] ✓ Success: 24 products (total available: 65899)
2025-11-12 16:32:38,028 - INFO - [DB] ✓ Saved 24 products with analytics
2025-11-12 16:32:38,028 - INFO - [SAVED] ✓ 24 products
2025-11-12 16:32:40,028 - INFO - [PAGE] 2/3...
2025-11-12 16:32:40,028 - INFO - [RapidAPI] Fetching products: category=1389401031, page=2, country=IN
2025-11-12 16:32:42,383 - INFO - [RapidAPI] ✓ Success: 24 products (total available: 65899)
2025-11-12 16:32:42,390 - INFO - [DB] ✓ Saved 24 products with analytics
2025-11-12 16:32:42,390 - INFO - [SAVED] ✓ 24 products
2025-11-12 16:32:44,390 - INFO - [PAGE] 3/3...
2025-11-12 16:32:44,390 - INFO - [RapidAPI] Fetching products: category=1389401031, page=3, country=IN
2025-11-12 16:32:47,033 - INFO - [RapidAPI] ✓ Success: 24 products (total available: 65899)
2025-11-12 16:32:47,040 - INFO - [DB] ✓ Saved 24 products with analytics
2025-11-12 16:32:47,040 - INFO - [SAVED] ✓ 24 products
2025-11-12 16:32:47,040 - INFO - [RESULT] 72 products saved
2025-11-12 16:32:50,040 - INFO - 
[PROGRESS] Category 5/6
2025-11-12 16:32:50,040 - INFO - 
======================================================================
[COLLECT] Toys & Games
2025-11-12 16:32:50,040 - INFO - [PAGE] 1/3...
2025-11-12 16:32:50,040 - INFO - [RapidAPI] Fetching products: category=1350387031, page=1, country=IN
2025-11-12 16:32:52,508 - INFO - [RapidAPI] ✓ Success: 48 products (total available: 39426)
2025-11-12 16:32:52,519 - INFO - [DB] ✓ Saved 48 products with analytics
2025-11-12 16:32:52,519 - INFO - [SAVED] ✓ 48 products
2025-11-12 16:32:54,519 - INFO - [PAGE] 2/3...
2025-11-12 16:32:54,520 - INFO - [RapidAPI] Fetching products: category=1350387031, page=2, country=IN
2025-11-12 16:32:57,111 - INFO - [RapidAPI] ✓ Success: 48 products (total available: 39426)
2025-11-12 16:32:57,120 - INFO - [DB] ✓ Saved 48 products with analytics
2025-11-12 16:32:57,120 - INFO - [SAVED] ✓ 48 products
2025-11-12 16:32:59,121 - INFO - [PAGE] 3/3...
2025-11-12 16:32:59,121 - INFO - [RapidAPI] Fetching products: category=1350387031, page=3, country=IN
2025-11-12 16:33:01,581 - INFO - [RapidAPI] ✓ Success: 48 products (total available: 46197)
2025-11-12 16:33:01,590 - INFO - [DB] ✓ Saved 48 products with analytics
2025-11-12 16:33:01,590 - INFO - [SAVED] ✓ 48 products
2025-11-12 16:33:01,590 - INFO - [RESULT] 144 products saved
2025-11-12 16:33:04,590 - INFO - 
[PROGRESS] Category 6/6
2025-11-12 16:33:04,590 - INFO - 
======================================================================
[COLLECT] Health & Personal Care
2025-11-12 16:33:04,590 - INFO - [PAGE] 1/3...
2025-11-12 16:33:04,590 - INFO - [RapidAPI] Fetching products: category=1350384031, page=1, country=IN
2025-11-12 16:33:07,102 - INFO - [RapidAPI] ✓ Success: 24 products (total available: 73282)
2025-11-12 16:33:07,109 - INFO - [DB] ✓ Saved 24 products with analytics
2025-11-12 16:33:07,109 - INFO - [SAVED] ✓ 24 products
2025-11-12 16:33:09,109 - INFO - [PAGE] 2/3...
2025-11-12 16:33:09,110 - INFO - [RapidAPI] Fetching products: category=1350384031, page=2, country=IN
2025-11-12 16:33:11,530 - INFO - [RapidAPI] ✓ Success: 24 products (total available: 74060)
2025-11-12 16:33:11,536 - INFO - [DB] ✓ Saved 24 products with analytics
2025-11-12 16:33:11,536 - INFO - [SAVED] ✓ 24 products
2025-11-12 16:33:13,536 - INFO - [PAGE] 3/3...
2025-11-12 16:33:13,537 - INFO - [RapidAPI] Fetching products: category=1350384031, page=3, country=IN
2025-11-12 16:33:16,039 - INFO - [RapidAPI] ✓ Success: 24 products (total available: 73282)
2025-11-12 16:33:16,045 - INFO - [DB] ✓ Saved 24 products with analytics
2025-11-12 16:33:16,045 - INFO - [SAVED] ✓ 24 products
2025-11-12 16:33:16,045 - INFO - [RESULT] 72 products saved
2025-11-12 16:33:16,049 - INFO - 
[STATS] Products: 1227, ASINs: 1127
2025-11-12 16:33:16,049 - INFO - [ANALYTICS] Avg Price: ₹1585.29
2025-11-12 16:33:16,049 - INFO - [ANALYTICS] Avg Sales: 159,975,945
2025-11-12 16:33:16,049 - INFO - [COMPLETE] 504 products collected
2025-11-12 16:33:16,049 - INFO - [DB] Disconnected
2025-11-13 15:55:02,042 - INFO - [CONFIG] ✓ Loaded
2025-11-13 15:55:02,043 - INFO - [RapidAPI] Client initialized for host: real-time-amazon-data.p.rapidapi.com
2025-11-13 15:55:02,043 - INFO - [START] Collection starting
2025-11-13 15:55:02,043 - INFO - [DB] Connecting (1/3)...
2025-11-13 15:55:02,065 - INFO - [DB] ✓ Connected
2025-11-13 15:55:02,069 - INFO - [DB] ✓ Tables ready
2025-11-13 15:55:02,069 - INFO - [MODE] Using DATABASE
2025-11-13 15:55:02,069 - INFO - 
[PROGRESS] Category 1/6
2025-11-13 15:55:02,069 - INFO - 
======================================================================
[COLLECT] Baby Products
2025-11-13 15:55:02,069 - INFO - [PAGE] 1/3...
2025-11-13 15:55:02,069 - INFO - [RapidAPI] Fetching products: category=1350380031, page=1, country=IN
2025-11-13 15:55:02,471 - ERROR - [RapidAPI] HTTP 429: Too Many Requests
2025-11-13 15:55:02,471 - ERROR - [RapidAPI] Response: {"message":"You have exceeded the MONTHLY quota for Requests on your current plan, BASIC. Upgrade your plan at https:\/\/rapidapi.com\/letscrape-6bRBa3QguO5\/api\/real-time-amazon-data"}
2025-11-13 15:55:02,472 - INFO - [RESULT] 0 products saved
2025-11-13 15:55:05,472 - INFO - 
[PROGRESS] Category 2/6
2025-11-13 15:55:05,472 - INFO - 
======================================================================
[COLLECT] Electronics
2025-11-13 15:55:05,472 - INFO - [PAGE] 1/3...
2025-11-13 15:55:05,472 - INFO - [RapidAPI] Fetching products: category=976419031, page=1, country=IN
2025-11-13 15:55:05,832 - ERROR - [RapidAPI] HTTP 429: Too Many Requests
2025-11-13 15:55:05,832 - ERROR - [RapidAPI] Response: {"message":"You have exceeded the MONTHLY quota for Requests on your current plan, BASIC. Upgrade your plan at https:\/\/rapidapi.com\/letscrape-6bRBa3QguO5\/api\/real-time-amazon-data"}
2025-11-13 15:55:05,833 - INFO - [RESULT] 0 products saved
2025-11-13 15:55:08,833 - INFO - 
[PROGRESS] Category 3/6
2025-11-13 15:55:08,833 - INFO - 
======================================================================
[COLLECT] Computers & Accessories
2025-11-13 15:55:08,833 - INFO - [PAGE] 1/3...
2025-11-13 15:55:08,833 - INFO - [RapidAPI] Fetching products: category=976392031, page=1, country=IN
2025-11-13 15:55:09,161 - ERROR - [RapidAPI] HTTP 429: Too Many Requests
2025-11-13 15:55:09,161 - ERROR - [RapidAPI] Response: {"message":"You have exceeded the MONTHLY quota for Requests on your current plan, BASIC. Upgrade your plan at https:\/\/rapidapi.com\/letscrape-6bRBa3QguO5\/api\/real-time-amazon-data"}
2025-11-13 15:55:09,162 - INFO - [RESULT] 0 products saved
2025-11-13 15:55:12,162 - INFO - 
[PROGRESS] Category 4/6
2025-11-13 15:55:12,163 - INFO - 
======================================================================
[COLLECT] Cell Phones
2025-11-13 15:55:12,163 - INFO - [PAGE] 1/3...
2025-11-13 15:55:12,163 - INFO - [RapidAPI] Fetching products: category=1389401031, page=1, country=IN
2025-11-13 15:55:12,475 - ERROR - [RapidAPI] HTTP 429: Too Many Requests
2025-11-13 15:55:12,475 - ERROR - [RapidAPI] Response: {"message":"You have exceeded the MONTHLY quota for Requests on your current plan, BASIC. Upgrade your plan at https:\/\/rapidapi.com\/letscrape-6bRBa3QguO5\/api\/real-time-amazon-data"}
2025-11-13 15:55:12,476 - INFO - [RESULT] 0 products saved
2025-11-13 15:55:15,476 - INFO - 
[PROGRESS] Category 5/6
2025-11-13 15:55:15,476 - INFO - 
======================================================================
[COLLECT] Toys & Games
2025-11-13 15:55:15,476 - INFO - [PAGE] 1/3...
2025-11-13 15:55:15,476 - INFO - [RapidAPI] Fetching products: category=1350387031, page=1, country=IN
2025-11-13 15:55:15,792 - ERROR - [RapidAPI] HTTP 429: Too Many Requests
2025-11-13 15:55:15,792 - ERROR - [RapidAPI] Response: {"message":"You have exceeded the MONTHLY quota for Requests on your current plan, BASIC. Upgrade your plan at https:\/\/rapidapi.com\/letscrape-6bRBa3QguO5\/api\/real-time-amazon-data"}
2025-11-13 15:55:15,793 - INFO - [RESULT] 0 products saved
2025-11-13 15:55:18,793 - INFO - 
[PROGRESS] Category 6/6
2025-11-13 15:55:18,793 - INFO - 
======================================================================
[COLLECT] Health & Personal Care
2025-11-13 15:55:18,793 - INFO - [PAGE] 1/3...
2025-11-13 15:55:18,793 - INFO - [RapidAPI] Fetching products: category=1350384031, page=1, country=IN
2025-11-13 15:55:19,164 - ERROR - [RapidAPI] HTTP 429: Too Many Requests
2025-11-13 15:55:19,164 - ERROR - [RapidAPI] Response: {"message":"You have exceeded the MONTHLY quota for Requests on your current plan, BASIC. Upgrade your plan at https:\/\/rapidapi.com\/letscrape-6bRBa3QguO5\/api\/real-time-amazon-data"}
2025-11-13 15:55:19,164 - INFO - [RESULT] 0 products saved
2025-11-13 15:55:19,168 - INFO - 
[STATS] Products: 1227, ASINs: 1127
2025-11-13 15:55:19,168 - INFO - [ANALYTICS] Avg Price: ₹1585.29
2025-11-13 15:55:19,168 - INFO - [ANALYTICS] Avg Sales: 159,975,945
2025-11-13 15:55:19,169 - INFO - [COMPLETE] 0 products collected
2025-11-13 15:55:19,169 - INFO - [DB] Disconnected
2025-11-14 15:55:01,287 - INFO - [CONFIG] ✓ Loaded
2025-11-14 15:55:01,287 - INFO - [RapidAPI] Client initialized for host: real-time-amazon-data.p.rapidapi.com
2025-11-14 15:55:01,288 - INFO - [START] Collection starting
2025-11-14 15:55:01,288 - INFO - [DB] Connecting (1/3)...
2025-11-14 15:55:01,296 - INFO - [DB] ✓ Connected
2025-11-14 15:55:01,301 - INFO - [DB] ✓ Tables ready
2025-11-14 15:55:01,301 - INFO - [MODE] Using DATABASE
2025-11-14 15:55:01,301 - INFO - 
[PROGRESS] Category 1/6
2025-11-14 15:55:01,301 - INFO - 
======================================================================
[COLLECT] Baby Products
2025-11-14 15:55:01,301 - INFO - [PAGE] 1/3...
2025-11-14 15:55:01,301 - INFO - [RapidAPI] Fetching products: category=1350380031, page=1, country=IN
2025-11-14 15:55:01,711 - ERROR - [RapidAPI] HTTP 429: Too Many Requests
2025-11-14 15:55:01,711 - ERROR - [RapidAPI] Response: {"message":"You have exceeded the MONTHLY quota for Requests on your current plan, BASIC. Upgrade your plan at https:\/\/rapidapi.com\/letscrape-6bRBa3QguO5\/api\/real-time-amazon-data"}
2025-11-14 15:55:01,711 - INFO - [RESULT] 0 products saved
2025-11-14 15:55:04,712 - INFO - 
[PROGRESS] Category 2/6
2025-11-14 15:55:04,712 - INFO - 
======================================================================
[COLLECT] Electronics
2025-11-14 15:55:04,712 - INFO - [PAGE] 1/3...
2025-11-14 15:55:04,712 - INFO - [RapidAPI] Fetching products: category=976419031, page=1, country=IN
2025-11-14 15:55:05,069 - ERROR - [RapidAPI] HTTP 429: Too Many Requests
2025-11-14 15:55:05,069 - ERROR - [RapidAPI] Response: {"message":"You have exceeded the MONTHLY quota for Requests on your current plan, BASIC. Upgrade your plan at https:\/\/rapidapi.com\/letscrape-6bRBa3QguO5\/api\/real-time-amazon-data"}
2025-11-14 15:55:05,070 - INFO - [RESULT] 0 products saved
2025-11-14 15:55:08,070 - INFO - 
[PROGRESS] Category 3/6
2025-11-14 15:55:08,070 - INFO - 
======================================================================
[COLLECT] Computers & Accessories
2025-11-14 15:55:08,070 - INFO - [PAGE] 1/3...
2025-11-14 15:55:08,070 - INFO - [RapidAPI] Fetching products: category=976392031, page=1, country=IN
2025-11-14 15:55:08,421 - ERROR - [RapidAPI] HTTP 429: Too Many Requests
2025-11-14 15:55:08,421 - ERROR - [RapidAPI] Response: {"message":"You have exceeded the MONTHLY quota for Requests on your current plan, BASIC. Upgrade your plan at https:\/\/rapidapi.com\/letscrape-6bRBa3QguO5\/api\/real-time-amazon-data"}
2025-11-14 15:55:08,422 - INFO - [RESULT] 0 products saved
2025-11-14 15:55:11,423 - INFO - 
[PROGRESS] Category 4/6
2025-11-14 15:55:11,423 - INFO - 
======================================================================
[COLLECT] Cell Phones
2025-11-14 15:55:11,423 - INFO - [PAGE] 1/3...
2025-11-14 15:55:11,423 - INFO - [RapidAPI] Fetching products: category=1389401031, page=1, country=IN
2025-11-14 15:55:11,841 - ERROR - [RapidAPI] HTTP 429: Too Many Requests
2025-11-14 15:55:11,841 - ERROR - [RapidAPI] Response: {"message":"You have exceeded the MONTHLY quota for Requests on your current plan, BASIC. Upgrade your plan at https:\/\/rapidapi.com\/letscrape-6bRBa3QguO5\/api\/real-time-amazon-data"}
2025-11-14 15:55:11,842 - INFO - [RESULT] 0 products saved
2025-11-14 15:55:14,842 - INFO - 
[PROGRESS] Category 5/6
2025-11-14 15:55:14,843 - INFO - 
======================================================================
[COLLECT] Toys & Games
2025-11-14 15:55:14,843 - INFO - [PAGE] 1/3...
2025-11-14 15:55:14,843 - INFO - [RapidAPI] Fetching products: category=1350387031, page=1, country=IN
2025-11-14 15:55:15,186 - ERROR - [RapidAPI] HTTP 429: Too Many Requests
2025-11-14 15:55:15,186 - ERROR - [RapidAPI] Response: {"message":"You have exceeded the MONTHLY quota for Requests on your current plan, BASIC. Upgrade your plan at https:\/\/rapidapi.com\/letscrape-6bRBa3QguO5\/api\/real-time-amazon-data"}
2025-11-14 15:55:15,187 - INFO - [RESULT] 0 products saved
2025-11-14 15:55:18,187 - INFO - 
[PROGRESS] Category 6/6
2025-11-14 15:55:18,187 - INFO - 
======================================================================
[COLLECT] Health & Personal Care
2025-11-14 15:55:18,188 - INFO - [PAGE] 1/3...
2025-11-14 15:55:18,188 - INFO - [RapidAPI] Fetching products: category=1350384031, page=1, country=IN
2025-11-14 15:55:18,549 - ERROR - [RapidAPI] HTTP 429: Too Many Requests
2025-11-14 15:55:18,549 - ERROR - [RapidAPI] Response: {"message":"You have exceeded the MONTHLY quota for Requests on your current plan, BASIC. Upgrade your plan at https:\/\/rapidapi.com\/letscrape-6bRBa3QguO5\/api\/real-time-amazon-data"}
2025-11-14 15:55:18,549 - INFO - [RESULT] 0 products saved
2025-11-14 15:55:18,553 - INFO - 
[STATS] Products: 1227, ASINs: 1127
2025-11-14 15:55:18,553 - INFO - [ANALYTICS] Avg Price: ₹1585.29
2025-11-14 15:55:18,553 - INFO - [ANALYTICS] Avg Sales: 159,975,945
2025-11-14 15:55:18,553 - INFO - [COMPLETE] 0 products collected
2025-11-14 15:55:18,554 - INFO - [DB] Disconnected
2025-11-15 15:55:01,677 - INFO - [CONFIG] ✓ Loaded
2025-11-15 15:55:01,677 - INFO - [RapidAPI] Client initialized for host: real-time-amazon-data.p.rapidapi.com
2025-11-15 15:55:01,677 - INFO - [START] Collection starting
2025-11-15 15:55:01,677 - INFO - [DB] Connecting (1/3)...
2025-11-15 15:55:01,699 - INFO - [DB] ✓ Connected
2025-11-15 15:55:01,711 - INFO - [DB] ✓ Tables ready
2025-11-15 15:55:01,711 - INFO - [MODE] Using DATABASE
2025-11-15 15:55:01,711 - INFO - 
[PROGRESS] Category 1/6
2025-11-15 15:55:01,711 - INFO - 
======================================================================
[COLLECT] Baby Products
2025-11-15 15:55:01,711 - INFO - [PAGE] 1/3...
2025-11-15 15:55:01,711 - INFO - [RapidAPI] Fetching products: category=1350380031, page=1, country=IN
2025-11-15 15:55:02,866 - ERROR - [RapidAPI] HTTP 429: Too Many Requests
2025-11-15 15:55:02,866 - ERROR - [RapidAPI] Response: {"message":"You have exceeded the MONTHLY quota for Requests on your current plan, BASIC. Upgrade your plan at https:\/\/rapidapi.com\/letscrape-6bRBa3QguO5\/api\/real-time-amazon-data"}
2025-11-15 15:55:02,867 - INFO - [RESULT] 0 products saved
2025-11-15 15:55:05,867 - INFO - 
[PROGRESS] Category 2/6
2025-11-15 15:55:05,867 - INFO - 
======================================================================
[COLLECT] Electronics
2025-11-15 15:55:05,867 - INFO - [PAGE] 1/3...
2025-11-15 15:55:05,867 - INFO - [RapidAPI] Fetching products: category=976419031, page=1, country=IN
2025-11-15 15:55:06,196 - ERROR - [RapidAPI] HTTP 429: Too Many Requests
2025-11-15 15:55:06,196 - ERROR - [RapidAPI] Response: {"message":"You have exceeded the MONTHLY quota for Requests on your current plan, BASIC. Upgrade your plan at https:\/\/rapidapi.com\/letscrape-6bRBa3QguO5\/api\/real-time-amazon-data"}
2025-11-15 15:55:06,196 - INFO - [RESULT] 0 products saved
2025-11-15 15:55:09,197 - INFO - 
[PROGRESS] Category 3/6
2025-11-15 15:55:09,197 - INFO - 
======================================================================
[COLLECT] Computers & Accessories
2025-11-15 15:55:09,197 - INFO - [PAGE] 1/3...
2025-11-15 15:55:09,197 - INFO - [RapidAPI] Fetching products: category=976392031, page=1, country=IN
2025-11-15 15:55:09,574 - ERROR - [RapidAPI] HTTP 429: Too Many Requests
2025-11-15 15:55:09,574 - ERROR - [RapidAPI] Response: {"message":"You have exceeded the MONTHLY quota for Requests on your current plan, BASIC. Upgrade your plan at https:\/\/rapidapi.com\/letscrape-6bRBa3QguO5\/api\/real-time-amazon-data"}
2025-11-15 15:55:09,575 - INFO - [RESULT] 0 products saved
2025-11-15 15:55:12,575 - INFO - 
[PROGRESS] Category 4/6
2025-11-15 15:55:12,575 - INFO - 
======================================================================
[COLLECT] Cell Phones
2025-11-15 15:55:12,575 - INFO - [PAGE] 1/3...
2025-11-15 15:55:12,575 - INFO - [RapidAPI] Fetching products: category=1389401031, page=1, country=IN
2025-11-15 15:55:12,926 - ERROR - [RapidAPI] HTTP 429: Too Many Requests
2025-11-15 15:55:12,926 - ERROR - [RapidAPI] Response: {"message":"You have exceeded the MONTHLY quota for Requests on your current plan, BASIC. Upgrade your plan at https:\/\/rapidapi.com\/letscrape-6bRBa3QguO5\/api\/real-time-amazon-data"}
2025-11-15 15:55:12,926 - INFO - [RESULT] 0 products saved
2025-11-15 15:55:15,927 - INFO - 
[PROGRESS] Category 5/6
2025-11-15 15:55:15,927 - INFO - 
======================================================================
[COLLECT] Toys & Games
2025-11-15 15:55:15,927 - INFO - [PAGE] 1/3...
2025-11-15 15:55:15,927 - INFO - [RapidAPI] Fetching products: category=1350387031, page=1, country=IN
2025-11-15 15:55:16,261 - ERROR - [RapidAPI] HTTP 429: Too Many Requests
2025-11-15 15:55:16,261 - ERROR - [RapidAPI] Response: {"message":"You have exceeded the MONTHLY quota for Requests on your current plan, BASIC. Upgrade your plan at https:\/\/rapidapi.com\/letscrape-6bRBa3QguO5\/api\/real-time-amazon-data"}
2025-11-15 15:55:16,262 - INFO - [RESULT] 0 products saved
2025-11-15 15:55:19,262 - INFO - 
[PROGRESS] Category 6/6
2025-11-15 15:55:19,262 - INFO - 
======================================================================
[COLLECT] Health & Personal Care
2025-11-15 15:55:19,262 - INFO - [PAGE] 1/3...
2025-11-15 15:55:19,262 - INFO - [RapidAPI] Fetching products: category=1350384031, page=1, country=IN
2025-11-15 15:55:19,604 - ERROR - [RapidAPI] HTTP 429: Too Many Requests
2025-11-15 15:55:19,604 - ERROR - [RapidAPI] Response: {"message":"You have exceeded the MONTHLY quota for Requests on your current plan, BASIC. Upgrade your plan at https:\/\/rapidapi.com\/letscrape-6bRBa3QguO5\/api\/real-time-amazon-data"}
2025-11-15 15:55:19,604 - INFO - [RESULT] 0 products saved
2025-11-15 15:55:19,608 - INFO - 
[STATS] Products: 1227, ASINs: 1127
2025-11-15 15:55:19,608 - INFO - [ANALYTICS] Avg Price: ₹1585.29
2025-11-15 15:55:19,608 - INFO - [ANALYTICS] Avg Sales: 159,975,945
2025-11-15 15:55:19,608 - INFO - [COMPLETE] 0 products collected
2025-11-15 15:55:19,608 - INFO - [DB] Disconnected
2025-11-17 15:55:01,502 - INFO - [CONFIG] ✓ Loaded
2025-11-17 15:55:01,502 - INFO - [RapidAPI] Client initialized for host: real-time-amazon-data.p.rapidapi.com
2025-11-17 15:55:01,502 - INFO - [START] Collection starting
2025-11-17 15:55:01,502 - INFO - [DB] Connecting (1/3)...
2025-11-17 15:55:01,525 - INFO - [DB] ✓ Connected
2025-11-17 15:55:01,533 - INFO - [DB] ✓ Tables ready
2025-11-17 15:55:01,533 - INFO - [MODE] Using DATABASE
2025-11-17 15:55:01,533 - INFO - 
[PROGRESS] Category 1/6
2025-11-17 15:55:01,533 - INFO - 
======================================================================
[COLLECT] Baby Products
2025-11-17 15:55:01,533 - INFO - [PAGE] 1/3...
2025-11-17 15:55:01,533 - INFO - [RapidAPI] Fetching products: category=1350380031, page=1, country=IN
2025-11-17 15:55:01,943 - ERROR - [RapidAPI] HTTP 429: Too Many Requests
2025-11-17 15:55:01,943 - ERROR - [RapidAPI] Response: {"message":"You have exceeded the MONTHLY quota for Requests on your current plan, BASIC. Upgrade your plan at https:\/\/rapidapi.com\/letscrape-6bRBa3QguO5\/api\/real-time-amazon-data"}
2025-11-17 15:55:01,944 - INFO - [RESULT] 0 products saved
2025-11-17 15:55:04,945 - INFO - 
[PROGRESS] Category 2/6
2025-11-17 15:55:04,945 - INFO - 
======================================================================
[COLLECT] Electronics
2025-11-17 15:55:04,945 - INFO - [PAGE] 1/3...
2025-11-17 15:55:04,945 - INFO - [RapidAPI] Fetching products: category=976419031, page=1, country=IN
2025-11-17 15:55:05,337 - ERROR - [RapidAPI] HTTP 429: Too Many Requests
2025-11-17 15:55:05,337 - ERROR - [RapidAPI] Response: {"message":"You have exceeded the MONTHLY quota for Requests on your current plan, BASIC. Upgrade your plan at https:\/\/rapidapi.com\/letscrape-6bRBa3QguO5\/api\/real-time-amazon-data"}
2025-11-17 15:55:05,338 - INFO - [RESULT] 0 products saved
2025-11-17 15:55:08,338 - INFO - 
[PROGRESS] Category 3/6
2025-11-17 15:55:08,339 - INFO - 
======================================================================
[COLLECT] Computers & Accessories
2025-11-17 15:55:08,339 - INFO - [PAGE] 1/3...
2025-11-17 15:55:08,339 - INFO - [RapidAPI] Fetching products: category=976392031, page=1, country=IN
2025-11-17 15:55:08,662 - ERROR - [RapidAPI] HTTP 429: Too Many Requests
2025-11-17 15:55:08,662 - ERROR - [RapidAPI] Response: {"message":"You have exceeded the MONTHLY quota for Requests on your current plan, BASIC. Upgrade your plan at https:\/\/rapidapi.com\/letscrape-6bRBa3QguO5\/api\/real-time-amazon-data"}
2025-11-17 15:55:08,662 - INFO - [RESULT] 0 products saved
2025-11-17 15:55:11,663 - INFO - 
[PROGRESS] Category 4/6
2025-11-17 15:55:11,663 - INFO - 
======================================================================
[COLLECT] Cell Phones
2025-11-17 15:55:11,663 - INFO - [PAGE] 1/3...
2025-11-17 15:55:11,663 - INFO - [RapidAPI] Fetching products: category=1389401031, page=1, country=IN
2025-11-17 15:55:11,986 - ERROR - [RapidAPI] HTTP 429: Too Many Requests
2025-11-17 15:55:11,986 - ERROR - [RapidAPI] Response: {"message":"You have exceeded the MONTHLY quota for Requests on your current plan, BASIC. Upgrade your plan at https:\/\/rapidapi.com\/letscrape-6bRBa3QguO5\/api\/real-time-amazon-data"}
2025-11-17 15:55:11,986 - INFO - [RESULT] 0 products saved
2025-11-17 15:55:14,987 - INFO - 
[PROGRESS] Category 5/6
2025-11-17 15:55:14,987 - INFO - 
======================================================================
[COLLECT] Toys & Games
2025-11-17 15:55:14,987 - INFO - [PAGE] 1/3...
2025-11-17 15:55:14,987 - INFO - [RapidAPI] Fetching products: category=1350387031, page=1, country=IN
2025-11-17 15:55:15,291 - ERROR - [RapidAPI] HTTP 429: Too Many Requests
2025-11-17 15:55:15,291 - ERROR - [RapidAPI] Response: {"message":"You have exceeded the MONTHLY quota for Requests on your current plan, BASIC. Upgrade your plan at https:\/\/rapidapi.com\/letscrape-6bRBa3QguO5\/api\/real-time-amazon-data"}
2025-11-17 15:55:15,292 - INFO - [RESULT] 0 products saved
2025-11-17 15:55:18,292 - INFO - 
[PROGRESS] Category 6/6
2025-11-17 15:55:18,293 - INFO - 
======================================================================
[COLLECT] Health & Personal Care
2025-11-17 15:55:18,293 - INFO - [PAGE] 1/3...
2025-11-17 15:55:18,293 - INFO - [RapidAPI] Fetching products: category=1350384031, page=1, country=IN
2025-11-17 15:55:18,613 - ERROR - [RapidAPI] HTTP 429: Too Many Requests
2025-11-17 15:55:18,613 - ERROR - [RapidAPI] Response: {"message":"You have exceeded the MONTHLY quota for Requests on your current plan, BASIC. Upgrade your plan at https:\/\/rapidapi.com\/letscrape-6bRBa3QguO5\/api\/real-time-amazon-data"}
2025-11-17 15:55:18,614 - INFO - [RESULT] 0 products saved
2025-11-17 15:55:18,618 - INFO - 
[STATS] Products: 1227, ASINs: 1127
2025-11-17 15:55:18,618 - INFO - [ANALYTICS] Avg Price: ₹1585.29
2025-11-17 15:55:18,618 - INFO - [ANALYTICS] Avg Sales: 159,975,945
2025-11-17 15:55:18,618 - INFO - [COMPLETE] 0 products collected
2025-11-17 15:55:18,618 - INFO - [DB] Disconnected
2025-11-18 15:55:01,714 - INFO - [CONFIG] ✓ Loaded
2025-11-18 15:55:01,714 - INFO - [RapidAPI] Client initialized for host: real-time-amazon-data.p.rapidapi.com
2025-11-18 15:55:01,714 - INFO - [START] Collection starting
2025-11-18 15:55:01,714 - INFO - [DB] Connecting (1/3)...
2025-11-18 15:55:01,723 - INFO - [DB] ✓ Connected
2025-11-18 15:55:01,727 - INFO - [DB] ✓ Tables ready
2025-11-18 15:55:01,727 - INFO - [MODE] Using DATABASE
2025-11-18 15:55:01,728 - INFO - 
[PROGRESS] Category 1/6
2025-11-18 15:55:01,728 - INFO - 
======================================================================
[COLLECT] Baby Products
2025-11-18 15:55:01,728 - INFO - [PAGE] 1/3...
2025-11-18 15:55:01,728 - INFO - [RapidAPI] Fetching products: category=1350380031, page=1, country=IN
2025-11-18 15:55:02,146 - ERROR - [RapidAPI] HTTP 429: Too Many Requests
2025-11-18 15:55:02,146 - ERROR - [RapidAPI] Response: {"message":"You have exceeded the MONTHLY quota for Requests on your current plan, BASIC. Upgrade your plan at https:\/\/rapidapi.com\/letscrape-6bRBa3QguO5\/api\/real-time-amazon-data"}
2025-11-18 15:55:02,147 - INFO - [RESULT] 0 products saved
2025-11-18 15:55:05,147 - INFO - 
[PROGRESS] Category 2/6
2025-11-18 15:55:05,147 - INFO - 
======================================================================
[COLLECT] Electronics
2025-11-18 15:55:05,147 - INFO - [PAGE] 1/3...
2025-11-18 15:55:05,147 - INFO - [RapidAPI] Fetching products: category=976419031, page=1, country=IN
2025-11-18 15:55:05,503 - ERROR - [RapidAPI] HTTP 429: Too Many Requests
2025-11-18 15:55:05,503 - ERROR - [RapidAPI] Response: {"message":"You have exceeded the MONTHLY quota for Requests on your current plan, BASIC. Upgrade your plan at https:\/\/rapidapi.com\/letscrape-6bRBa3QguO5\/api\/real-time-amazon-data"}
2025-11-18 15:55:05,504 - INFO - [RESULT] 0 products saved
2025-11-18 15:55:08,504 - INFO - 
[PROGRESS] Category 3/6
2025-11-18 15:55:08,504 - INFO - 
======================================================================
[COLLECT] Computers & Accessories
2025-11-18 15:55:08,504 - INFO - [PAGE] 1/3...
2025-11-18 15:55:08,504 - INFO - [RapidAPI] Fetching products: category=976392031, page=1, country=IN
2025-11-18 15:55:08,858 - ERROR - [RapidAPI] HTTP 429: Too Many Requests
2025-11-18 15:55:08,858 - ERROR - [RapidAPI] Response: {"message":"You have exceeded the MONTHLY quota for Requests on your current plan, BASIC. Upgrade your plan at https:\/\/rapidapi.com\/letscrape-6bRBa3QguO5\/api\/real-time-amazon-data"}
2025-11-18 15:55:08,858 - INFO - [RESULT] 0 products saved
2025-11-18 15:55:11,859 - INFO - 
[PROGRESS] Category 4/6
2025-11-18 15:55:11,859 - INFO - 
======================================================================
[COLLECT] Cell Phones
2025-11-18 15:55:11,859 - INFO - [PAGE] 1/3...
2025-11-18 15:55:11,859 - INFO - [RapidAPI] Fetching products: category=1389401031, page=1, country=IN
2025-11-18 15:55:12,262 - ERROR - [RapidAPI] HTTP 429: Too Many Requests
2025-11-18 15:55:12,262 - ERROR - [RapidAPI] Response: {"message":"You have exceeded the MONTHLY quota for Requests on your current plan, BASIC. Upgrade your plan at https:\/\/rapidapi.com\/letscrape-6bRBa3QguO5\/api\/real-time-amazon-data"}
2025-11-18 15:55:12,263 - INFO - [RESULT] 0 products saved
2025-11-18 15:55:15,263 - INFO - 
[PROGRESS] Category 5/6
2025-11-18 15:55:15,264 - INFO - 
======================================================================
[COLLECT] Toys & Games
2025-11-18 15:55:15,264 - INFO - [PAGE] 1/3...
2025-11-18 15:55:15,264 - INFO - [RapidAPI] Fetching products: category=1350387031, page=1, country=IN
2025-11-18 15:55:15,721 - ERROR - [RapidAPI] HTTP 429: Too Many Requests
2025-11-18 15:55:15,721 - ERROR - [RapidAPI] Response: {"message":"You have exceeded the MONTHLY quota for Requests on your current plan, BASIC. Upgrade your plan at https:\/\/rapidapi.com\/letscrape-6bRBa3QguO5\/api\/real-time-amazon-data"}
2025-11-18 15:55:15,721 - INFO - [RESULT] 0 products saved
2025-11-18 15:55:18,722 - INFO - 
[PROGRESS] Category 6/6
2025-11-18 15:55:18,722 - INFO - 
======================================================================
[COLLECT] Health & Personal Care
2025-11-18 15:55:18,722 - INFO - [PAGE] 1/3...
2025-11-18 15:55:18,722 - INFO - [RapidAPI] Fetching products: category=1350384031, page=1, country=IN
2025-11-18 15:55:19,064 - ERROR - [RapidAPI] HTTP 429: Too Many Requests
2025-11-18 15:55:19,064 - ERROR - [RapidAPI] Response: {"message":"You have exceeded the MONTHLY quota for Requests on your current plan, BASIC. Upgrade your plan at https:\/\/rapidapi.com\/letscrape-6bRBa3QguO5\/api\/real-time-amazon-data"}
2025-11-18 15:55:19,065 - INFO - [RESULT] 0 products saved
2025-11-18 15:55:19,069 - INFO - 
[STATS] Products: 1227, ASINs: 1127
2025-11-18 15:55:19,069 - INFO - [ANALYTICS] Avg Price: ₹1585.29
2025-11-18 15:55:19,069 - INFO - [ANALYTICS] Avg Sales: 159,975,945
2025-11-18 15:55:19,069 - INFO - [COMPLETE] 0 products collected
2025-11-18 15:55:19,069 - INFO - [DB] Disconnected
2025-11-19 15:55:01,176 - INFO - [CONFIG] ✓ Loaded
2025-11-19 15:55:01,177 - INFO - [RapidAPI] Client initialized for host: real-time-amazon-data.p.rapidapi.com
2025-11-19 15:55:01,177 - INFO - [START] Collection starting
2025-11-19 15:55:01,177 - INFO - [DB] Connecting (1/3)...
2025-11-19 15:55:01,186 - INFO - [DB] ✓ Connected
2025-11-19 15:55:01,191 - INFO - [DB] ✓ Tables ready
2025-11-19 15:55:01,191 - INFO - [MODE] Using DATABASE
2025-11-19 15:55:01,191 - INFO - 
[PROGRESS] Category 1/6
2025-11-19 15:55:01,191 - INFO - 
======================================================================
[COLLECT] Baby Products
2025-11-19 15:55:01,191 - INFO - [PAGE] 1/3...
2025-11-19 15:55:01,191 - INFO - [RapidAPI] Fetching products: category=1350380031, page=1, country=IN
2025-11-19 15:55:01,586 - ERROR - [RapidAPI] HTTP 429: Too Many Requests
2025-11-19 15:55:01,586 - ERROR - [RapidAPI] Response: {"message":"You have exceeded the MONTHLY quota for Requests on your current plan, BASIC. Upgrade your plan at https:\/\/rapidapi.com\/letscrape-6bRBa3QguO5\/api\/real-time-amazon-data"}
2025-11-19 15:55:01,586 - INFO - [RESULT] 0 products saved
2025-11-19 15:55:04,587 - INFO - 
[PROGRESS] Category 2/6
2025-11-19 15:55:04,587 - INFO - 
======================================================================
[COLLECT] Electronics
2025-11-19 15:55:04,587 - INFO - [PAGE] 1/3...
2025-11-19 15:55:04,587 - INFO - [RapidAPI] Fetching products: category=976419031, page=1, country=IN
2025-11-19 15:55:04,914 - ERROR - [RapidAPI] HTTP 429: Too Many Requests
2025-11-19 15:55:04,914 - ERROR - [RapidAPI] Response: {"message":"You have exceeded the MONTHLY quota for Requests on your current plan, BASIC. Upgrade your plan at https:\/\/rapidapi.com\/letscrape-6bRBa3QguO5\/api\/real-time-amazon-data"}
2025-11-19 15:55:04,914 - INFO - [RESULT] 0 products saved
2025-11-19 15:55:07,915 - INFO - 
[PROGRESS] Category 3/6
2025-11-19 15:55:07,915 - INFO - 
======================================================================
[COLLECT] Computers & Accessories
2025-11-19 15:55:07,915 - INFO - [PAGE] 1/3...
2025-11-19 15:55:07,915 - INFO - [RapidAPI] Fetching products: category=976392031, page=1, country=IN
2025-11-19 15:55:08,306 - ERROR - [RapidAPI] HTTP 429: Too Many Requests
2025-11-19 15:55:08,306 - ERROR - [RapidAPI] Response: {"message":"You have exceeded the MONTHLY quota for Requests on your current plan, BASIC. Upgrade your plan at https:\/\/rapidapi.com\/letscrape-6bRBa3QguO5\/api\/real-time-amazon-data"}
2025-11-19 15:55:08,307 - INFO - [RESULT] 0 products saved
2025-11-19 15:55:11,307 - INFO - 
[PROGRESS] Category 4/6
2025-11-19 15:55:11,307 - INFO - 
======================================================================
[COLLECT] Cell Phones
2025-11-19 15:55:11,307 - INFO - [PAGE] 1/3...
2025-11-19 15:55:11,307 - INFO - [RapidAPI] Fetching products: category=1389401031, page=1, country=IN
2025-11-19 15:55:11,645 - ERROR - [RapidAPI] HTTP 429: Too Many Requests
2025-11-19 15:55:11,645 - ERROR - [RapidAPI] Response: {"message":"You have exceeded the MONTHLY quota for Requests on your current plan, BASIC. Upgrade your plan at https:\/\/rapidapi.com\/letscrape-6bRBa3QguO5\/api\/real-time-amazon-data"}
2025-11-19 15:55:11,646 - INFO - [RESULT] 0 products saved
2025-11-19 15:55:14,646 - INFO - 
[PROGRESS] Category 5/6
2025-11-19 15:55:14,646 - INFO - 
======================================================================
[COLLECT] Toys & Games
2025-11-19 15:55:14,646 - INFO - [PAGE] 1/3...
2025-11-19 15:55:14,647 - INFO - [RapidAPI] Fetching products: category=1350387031, page=1, country=IN
2025-11-19 15:55:14,970 - ERROR - [RapidAPI] HTTP 429: Too Many Requests
2025-11-19 15:55:14,970 - ERROR - [RapidAPI] Response: {"message":"You have exceeded the MONTHLY quota for Requests on your current plan, BASIC. Upgrade your plan at https:\/\/rapidapi.com\/letscrape-6bRBa3QguO5\/api\/real-time-amazon-data"}
2025-11-19 15:55:14,971 - INFO - [RESULT] 0 products saved
2025-11-19 15:55:17,971 - INFO - 
[PROGRESS] Category 6/6
2025-11-19 15:55:17,972 - INFO - 
======================================================================
[COLLECT] Health & Personal Care
2025-11-19 15:55:17,972 - INFO - [PAGE] 1/3...
2025-11-19 15:55:17,972 - INFO - [RapidAPI] Fetching products: category=1350384031, page=1, country=IN
2025-11-19 15:55:18,302 - ERROR - [RapidAPI] HTTP 429: Too Many Requests
2025-11-19 15:55:18,303 - ERROR - [RapidAPI] Response: {"message":"You have exceeded the MONTHLY quota for Requests on your current plan, BASIC. Upgrade your plan at https:\/\/rapidapi.com\/letscrape-6bRBa3QguO5\/api\/real-time-amazon-data"}
2025-11-19 15:55:18,303 - INFO - [RESULT] 0 products saved
2025-11-19 15:55:18,308 - INFO - 
[STATS] Products: 1227, ASINs: 1127
2025-11-19 15:55:18,308 - INFO - [ANALYTICS] Avg Price: ₹1585.29
2025-11-19 15:55:18,308 - INFO - [ANALYTICS] Avg Sales: 159,975,945
2025-11-19 15:55:18,308 - INFO - [COMPLETE] 0 products collected
2025-11-19 15:55:18,308 - INFO - [DB] Disconnected
2025-11-28 15:55:01,848 - INFO - [CONFIG] ✓ Loaded
2025-11-28 15:55:01,849 - INFO - [RapidAPI] Client initialized for host: real-time-amazon-data.p.rapidapi.com
2025-11-28 15:55:01,849 - INFO - [START] Collection starting
2025-11-28 15:55:01,849 - INFO - [DB] Connecting (1/3)...
2025-11-28 15:55:01,870 - INFO - [DB] ✓ Connected
2025-11-28 15:55:01,879 - INFO - [DB] ✓ Tables ready
2025-11-28 15:55:01,879 - INFO - [MODE] Using DATABASE
2025-11-28 15:55:01,879 - INFO - 
[PROGRESS] Category 1/6
2025-11-28 15:55:01,879 - INFO - 
======================================================================
[COLLECT] Baby Products
2025-11-28 15:55:01,879 - INFO - [PAGE] 1/3...
2025-11-28 15:55:01,879 - INFO - [RapidAPI] Fetching products: category=1350380031, page=1, country=IN
2025-11-28 15:55:03,095 - ERROR - [RapidAPI] HTTP 429: Too Many Requests
2025-11-28 15:55:03,095 - ERROR - [RapidAPI] Response: {"message":"You have exceeded the MONTHLY quota for Requests on your current plan, BASIC. Upgrade your plan at https:\/\/rapidapi.com\/letscrape-6bRBa3QguO5\/api\/real-time-amazon-data"}
2025-11-28 15:55:03,095 - INFO - [RESULT] 0 products saved
2025-11-28 15:55:06,096 - INFO - 
[PROGRESS] Category 2/6
2025-11-28 15:55:06,096 - INFO - 
======================================================================
[COLLECT] Electronics
2025-11-28 15:55:06,096 - INFO - [PAGE] 1/3...
2025-11-28 15:55:06,096 - INFO - [RapidAPI] Fetching products: category=976419031, page=1, country=IN
2025-11-28 15:55:06,470 - ERROR - [RapidAPI] HTTP 429: Too Many Requests
2025-11-28 15:55:06,470 - ERROR - [RapidAPI] Response: {"message":"You have exceeded the MONTHLY quota for Requests on your current plan, BASIC. Upgrade your plan at https:\/\/rapidapi.com\/letscrape-6bRBa3QguO5\/api\/real-time-amazon-data"}
2025-11-28 15:55:06,471 - INFO - [RESULT] 0 products saved
2025-11-28 15:55:09,471 - INFO - 
[PROGRESS] Category 3/6
2025-11-28 15:55:09,471 - INFO - 
======================================================================
[COLLECT] Computers & Accessories
2025-11-28 15:55:09,471 - INFO - [PAGE] 1/3...
2025-11-28 15:55:09,471 - INFO - [RapidAPI] Fetching products: category=976392031, page=1, country=IN
2025-11-28 15:55:09,850 - ERROR - [RapidAPI] HTTP 429: Too Many Requests
2025-11-28 15:55:09,851 - ERROR - [RapidAPI] Response: {"message":"You have exceeded the MONTHLY quota for Requests on your current plan, BASIC. Upgrade your plan at https:\/\/rapidapi.com\/letscrape-6bRBa3QguO5\/api\/real-time-amazon-data"}
2025-11-28 15:55:09,851 - INFO - [RESULT] 0 products saved
2025-11-28 15:55:12,851 - INFO - 
[PROGRESS] Category 4/6
2025-11-28 15:55:12,851 - INFO - 
======================================================================
[COLLECT] Cell Phones
2025-11-28 15:55:12,852 - INFO - [PAGE] 1/3...
2025-11-28 15:55:12,852 - INFO - [RapidAPI] Fetching products: category=1389401031, page=1, country=IN
2025-11-28 15:55:13,276 - ERROR - [RapidAPI] HTTP 429: Too Many Requests
2025-11-28 15:55:13,276 - ERROR - [RapidAPI] Response: {"message":"You have exceeded the MONTHLY quota for Requests on your current plan, BASIC. Upgrade your plan at https:\/\/rapidapi.com\/letscrape-6bRBa3QguO5\/api\/real-time-amazon-data"}
2025-11-28 15:55:13,277 - INFO - [RESULT] 0 products saved
2025-11-28 15:55:16,277 - INFO - 
[PROGRESS] Category 5/6
2025-11-28 15:55:16,277 - INFO - 
======================================================================
[COLLECT] Toys & Games
2025-11-28 15:55:16,277 - INFO - [PAGE] 1/3...
2025-11-28 15:55:16,277 - INFO - [RapidAPI] Fetching products: category=1350387031, page=1, country=IN
2025-11-28 15:55:16,646 - ERROR - [RapidAPI] HTTP 429: Too Many Requests
2025-11-28 15:55:16,646 - ERROR - [RapidAPI] Response: {"message":"You have exceeded the MONTHLY quota for Requests on your current plan, BASIC. Upgrade your plan at https:\/\/rapidapi.com\/letscrape-6bRBa3QguO5\/api\/real-time-amazon-data"}
2025-11-28 15:55:16,646 - INFO - [RESULT] 0 products saved
2025-11-28 15:55:19,647 - INFO - 
[PROGRESS] Category 6/6
2025-11-28 15:55:19,647 - INFO - 
======================================================================
[COLLECT] Health & Personal Care
2025-11-28 15:55:19,647 - INFO - [PAGE] 1/3...
2025-11-28 15:55:19,647 - INFO - [RapidAPI] Fetching products: category=1350384031, page=1, country=IN
2025-11-28 15:55:20,002 - ERROR - [RapidAPI] HTTP 429: Too Many Requests
2025-11-28 15:55:20,002 - ERROR - [RapidAPI] Response: {"message":"You have exceeded the MONTHLY quota for Requests on your current plan, BASIC. Upgrade your plan at https:\/\/rapidapi.com\/letscrape-6bRBa3QguO5\/api\/real-time-amazon-data"}
2025-11-28 15:55:20,002 - INFO - [RESULT] 0 products saved
2025-11-28 15:55:20,007 - INFO - 
[STATS] Products: 1227, ASINs: 1127
2025-11-28 15:55:20,007 - INFO - [ANALYTICS] Avg Price: ₹1585.29
2025-11-28 15:55:20,007 - INFO - [ANALYTICS] Avg Sales: 159,975,945
2025-11-28 15:55:20,007 - INFO - [COMPLETE] 0 products collected
2025-11-28 15:55:20,007 - INFO - [DB] Disconnected
2025-11-29 15:55:01,126 - INFO - [CONFIG] ✓ Loaded
2025-11-29 15:55:01,127 - INFO - [RapidAPI] Client initialized for host: real-time-amazon-data.p.rapidapi.com
2025-11-29 15:55:01,127 - INFO - [START] Collection starting
2025-11-29 15:55:01,127 - INFO - [DB] Connecting (1/3)...
2025-11-29 15:55:01,136 - INFO - [DB] ✓ Connected
2025-11-29 15:55:01,140 - INFO - [DB] ✓ Tables ready
2025-11-29 15:55:01,140 - INFO - [MODE] Using DATABASE
2025-11-29 15:55:01,140 - INFO - 
[PROGRESS] Category 1/6
2025-11-29 15:55:01,140 - INFO - 
======================================================================
[COLLECT] Baby Products
2025-11-29 15:55:01,140 - INFO - [PAGE] 1/3...
2025-11-29 15:55:01,140 - INFO - [RapidAPI] Fetching products: category=1350380031, page=1, country=IN
2025-11-29 15:55:02,309 - ERROR - [RapidAPI] HTTP 429: Too Many Requests
2025-11-29 15:55:02,309 - ERROR - [RapidAPI] Response: {"message":"You have exceeded the MONTHLY quota for Requests on your current plan, BASIC. Upgrade your plan at https:\/\/rapidapi.com\/letscrape-6bRBa3QguO5\/api\/real-time-amazon-data"}
2025-11-29 15:55:02,309 - INFO - [RESULT] 0 products saved
2025-11-29 15:55:05,310 - INFO - 
[PROGRESS] Category 2/6
2025-11-29 15:55:05,310 - INFO - 
======================================================================
[COLLECT] Electronics
2025-11-29 15:55:05,310 - INFO - [PAGE] 1/3...
2025-11-29 15:55:05,310 - INFO - [RapidAPI] Fetching products: category=976419031, page=1, country=IN
2025-11-29 15:55:05,617 - ERROR - [RapidAPI] HTTP 429: Too Many Requests
2025-11-29 15:55:05,617 - ERROR - [RapidAPI] Response: {"message":"You have exceeded the MONTHLY quota for Requests on your current plan, BASIC. Upgrade your plan at https:\/\/rapidapi.com\/letscrape-6bRBa3QguO5\/api\/real-time-amazon-data"}
2025-11-29 15:55:05,618 - INFO - [RESULT] 0 products saved
2025-11-29 15:55:08,618 - INFO - 
[PROGRESS] Category 3/6
2025-11-29 15:55:08,618 - INFO - 
======================================================================
[COLLECT] Computers & Accessories
2025-11-29 15:55:08,618 - INFO - [PAGE] 1/3...
2025-11-29 15:55:08,618 - INFO - [RapidAPI] Fetching products: category=976392031, page=1, country=IN
2025-11-29 15:55:08,977 - ERROR - [RapidAPI] HTTP 429: Too Many Requests
2025-11-29 15:55:08,977 - ERROR - [RapidAPI] Response: {"message":"You have exceeded the MONTHLY quota for Requests on your current plan, BASIC. Upgrade your plan at https:\/\/rapidapi.com\/letscrape-6bRBa3QguO5\/api\/real-time-amazon-data"}
2025-11-29 15:55:08,977 - INFO - [RESULT] 0 products saved
2025-11-29 15:55:11,977 - INFO - 
[PROGRESS] Category 4/6
2025-11-29 15:55:11,978 - INFO - 
======================================================================
[COLLECT] Cell Phones
2025-11-29 15:55:11,978 - INFO - [PAGE] 1/3...
2025-11-29 15:55:11,978 - INFO - [RapidAPI] Fetching products: category=1389401031, page=1, country=IN
2025-11-29 15:55:12,336 - ERROR - [RapidAPI] HTTP 429: Too Many Requests
2025-11-29 15:55:12,336 - ERROR - [RapidAPI] Response: {"message":"You have exceeded the MONTHLY quota for Requests on your current plan, BASIC. Upgrade your plan at https:\/\/rapidapi.com\/letscrape-6bRBa3QguO5\/api\/real-time-amazon-data"}
2025-11-29 15:55:12,336 - INFO - [RESULT] 0 products saved
2025-11-29 15:55:15,337 - INFO - 
[PROGRESS] Category 5/6
2025-11-29 15:55:15,337 - INFO - 
======================================================================
[COLLECT] Toys & Games
2025-11-29 15:55:15,337 - INFO - [PAGE] 1/3...
2025-11-29 15:55:15,337 - INFO - [RapidAPI] Fetching products: category=1350387031, page=1, country=IN
2025-11-29 15:55:15,703 - ERROR - [RapidAPI] HTTP 429: Too Many Requests
2025-11-29 15:55:15,703 - ERROR - [RapidAPI] Response: {"message":"You have exceeded the MONTHLY quota for Requests on your current plan, BASIC. Upgrade your plan at https:\/\/rapidapi.com\/letscrape-6bRBa3QguO5\/api\/real-time-amazon-data"}
2025-11-29 15:55:15,704 - INFO - [RESULT] 0 products saved
2025-11-29 15:55:18,704 - INFO - 
[PROGRESS] Category 6/6
2025-11-29 15:55:18,704 - INFO - 
======================================================================
[COLLECT] Health & Personal Care
2025-11-29 15:55:18,704 - INFO - [PAGE] 1/3...
2025-11-29 15:55:18,704 - INFO - [RapidAPI] Fetching products: category=1350384031, page=1, country=IN
2025-11-29 15:55:19,024 - ERROR - [RapidAPI] HTTP 429: Too Many Requests
2025-11-29 15:55:19,024 - ERROR - [RapidAPI] Response: {"message":"You have exceeded the MONTHLY quota for Requests on your current plan, BASIC. Upgrade your plan at https:\/\/rapidapi.com\/letscrape-6bRBa3QguO5\/api\/real-time-amazon-data"}
2025-11-29 15:55:19,024 - INFO - [RESULT] 0 products saved
2025-11-29 15:55:19,028 - INFO - 
[STATS] Products: 1227, ASINs: 1127
2025-11-29 15:55:19,028 - INFO - [ANALYTICS] Avg Price: ₹1585.29
2025-11-29 15:55:19,028 - INFO - [ANALYTICS] Avg Sales: 159,975,945
2025-11-29 15:55:19,029 - INFO - [COMPLETE] 0 products collected
2025-11-29 15:55:19,029 - INFO - [DB] Disconnected
2025-11-30 15:55:01,133 - INFO - [CONFIG] ✓ Loaded
2025-11-30 15:55:01,133 - INFO - [RapidAPI] Client initialized for host: real-time-amazon-data.p.rapidapi.com
2025-11-30 15:55:01,133 - INFO - [START] Collection starting
2025-11-30 15:55:01,133 - INFO - [DB] Connecting (1/3)...
2025-11-30 15:55:01,142 - INFO - [DB] ✓ Connected
2025-11-30 15:55:01,146 - INFO - [DB] ✓ Tables ready
2025-11-30 15:55:01,146 - INFO - [MODE] Using DATABASE
2025-11-30 15:55:01,146 - INFO - 
[PROGRESS] Category 1/6
2025-11-30 15:55:01,146 - INFO - 
======================================================================
[COLLECT] Baby Products
2025-11-30 15:55:01,146 - INFO - [PAGE] 1/3...
2025-11-30 15:55:01,146 - INFO - [RapidAPI] Fetching products: category=1350380031, page=1, country=IN
2025-11-30 15:55:01,617 - ERROR - [RapidAPI] HTTP 429: Too Many Requests
2025-11-30 15:55:01,617 - ERROR - [RapidAPI] Response: {"message":"You have exceeded the MONTHLY quota for Requests on your current plan, BASIC. Upgrade your plan at https:\/\/rapidapi.com\/letscrape-6bRBa3QguO5\/api\/real-time-amazon-data"}
2025-11-30 15:55:01,618 - INFO - [RESULT] 0 products saved
2025-11-30 15:55:04,618 - INFO - 
[PROGRESS] Category 2/6
2025-11-30 15:55:04,618 - INFO - 
======================================================================
[COLLECT] Electronics
2025-11-30 15:55:04,618 - INFO - [PAGE] 1/3...
2025-11-30 15:55:04,618 - INFO - [RapidAPI] Fetching products: category=976419031, page=1, country=IN
2025-11-30 15:55:04,928 - ERROR - [RapidAPI] HTTP 429: Too Many Requests
2025-11-30 15:55:04,929 - ERROR - [RapidAPI] Response: {"message":"You have exceeded the MONTHLY quota for Requests on your current plan, BASIC. Upgrade your plan at https:\/\/rapidapi.com\/letscrape-6bRBa3QguO5\/api\/real-time-amazon-data"}
2025-11-30 15:55:04,929 - INFO - [RESULT] 0 products saved
2025-11-30 15:55:07,929 - INFO - 
[PROGRESS] Category 3/6
2025-11-30 15:55:07,929 - INFO - 
======================================================================
[COLLECT] Computers & Accessories
2025-11-30 15:55:07,929 - INFO - [PAGE] 1/3...
2025-11-30 15:55:07,929 - INFO - [RapidAPI] Fetching products: category=976392031, page=1, country=IN
2025-11-30 15:55:08,248 - ERROR - [RapidAPI] HTTP 429: Too Many Requests
2025-11-30 15:55:08,248 - ERROR - [RapidAPI] Response: {"message":"You have exceeded the MONTHLY quota for Requests on your current plan, BASIC. Upgrade your plan at https:\/\/rapidapi.com\/letscrape-6bRBa3QguO5\/api\/real-time-amazon-data"}
2025-11-30 15:55:08,248 - INFO - [RESULT] 0 products saved
2025-11-30 15:55:11,249 - INFO - 
[PROGRESS] Category 4/6
2025-11-30 15:55:11,249 - INFO - 
======================================================================
[COLLECT] Cell Phones
2025-11-30 15:55:11,249 - INFO - [PAGE] 1/3...
2025-11-30 15:55:11,249 - INFO - [RapidAPI] Fetching products: category=1389401031, page=1, country=IN
2025-11-30 15:55:11,567 - ERROR - [RapidAPI] HTTP 429: Too Many Requests
2025-11-30 15:55:11,567 - ERROR - [RapidAPI] Response: {"message":"You have exceeded the MONTHLY quota for Requests on your current plan, BASIC. Upgrade your plan at https:\/\/rapidapi.com\/letscrape-6bRBa3QguO5\/api\/real-time-amazon-data"}
2025-11-30 15:55:11,568 - INFO - [RESULT] 0 products saved
2025-11-30 15:55:14,568 - INFO - 
[PROGRESS] Category 5/6
2025-11-30 15:55:14,568 - INFO - 
======================================================================
[COLLECT] Toys & Games
2025-11-30 15:55:14,568 - INFO - [PAGE] 1/3...
2025-11-30 15:55:14,568 - INFO - [RapidAPI] Fetching products: category=1350387031, page=1, country=IN
2025-11-30 15:55:14,947 - ERROR - [RapidAPI] HTTP 429: Too Many Requests
2025-11-30 15:55:14,947 - ERROR - [RapidAPI] Response: {"message":"You have exceeded the MONTHLY quota for Requests on your current plan, BASIC. Upgrade your plan at https:\/\/rapidapi.com\/letscrape-6bRBa3QguO5\/api\/real-time-amazon-data"}
2025-11-30 15:55:14,947 - INFO - [RESULT] 0 products saved
2025-11-30 15:55:17,948 - INFO - 
[PROGRESS] Category 6/6
2025-11-30 15:55:17,948 - INFO - 
======================================================================
[COLLECT] Health & Personal Care
2025-11-30 15:55:17,948 - INFO - [PAGE] 1/3...
2025-11-30 15:55:17,948 - INFO - [RapidAPI] Fetching products: category=1350384031, page=1, country=IN
2025-11-30 15:55:18,280 - ERROR - [RapidAPI] HTTP 429: Too Many Requests
2025-11-30 15:55:18,280 - ERROR - [RapidAPI] Response: {"message":"You have exceeded the MONTHLY quota for Requests on your current plan, BASIC. Upgrade your plan at https:\/\/rapidapi.com\/letscrape-6bRBa3QguO5\/api\/real-time-amazon-data"}
2025-11-30 15:55:18,281 - INFO - [RESULT] 0 products saved
2025-11-30 15:55:18,284 - INFO - 
[STATS] Products: 1227, ASINs: 1127
2025-11-30 15:55:18,285 - INFO - [ANALYTICS] Avg Price: ₹1585.29
2025-11-30 15:55:18,285 - INFO - [ANALYTICS] Avg Sales: 159,975,945
2025-11-30 15:55:18,285 - INFO - [COMPLETE] 0 products collected
2025-11-30 15:55:18,285 - INFO - [DB] Disconnected
2025-12-01 15:55:01,998 - INFO - [CONFIG] ✓ Loaded
2025-12-01 15:55:01,998 - INFO - [RapidAPI] Client initialized for host: real-time-amazon-data.p.rapidapi.com
2025-12-01 15:55:01,999 - INFO - [START] Collection starting
2025-12-01 15:55:01,999 - INFO - [DB] Connecting (1/3)...
2025-12-01 15:55:02,021 - INFO - [DB] ✓ Connected
2025-12-01 15:55:02,030 - INFO - [DB] ✓ Tables ready
2025-12-01 15:55:02,030 - INFO - [MODE] Using DATABASE
2025-12-01 15:55:02,030 - INFO - 
[PROGRESS] Category 1/6
2025-12-01 15:55:02,030 - INFO - 
======================================================================
[COLLECT] Baby Products
2025-12-01 15:55:02,030 - INFO - [PAGE] 1/3...
2025-12-01 15:55:02,030 - INFO - [RapidAPI] Fetching products: category=1350380031, page=1, country=IN
2025-12-01 15:55:02,499 - ERROR - [RapidAPI] HTTP 429: Too Many Requests
2025-12-01 15:55:02,499 - ERROR - [RapidAPI] Response: {"message":"You have exceeded the MONTHLY quota for Requests on your current plan, BASIC. Upgrade your plan at https:\/\/rapidapi.com\/letscrape-6bRBa3QguO5\/api\/real-time-amazon-data"}
2025-12-01 15:55:02,500 - INFO - [RESULT] 0 products saved
2025-12-01 15:55:05,500 - INFO - 
[PROGRESS] Category 2/6
2025-12-01 15:55:05,500 - INFO - 
======================================================================
[COLLECT] Electronics
2025-12-01 15:55:05,500 - INFO - [PAGE] 1/3...
2025-12-01 15:55:05,500 - INFO - [RapidAPI] Fetching products: category=976419031, page=1, country=IN
2025-12-01 15:55:05,821 - ERROR - [RapidAPI] HTTP 429: Too Many Requests
2025-12-01 15:55:05,821 - ERROR - [RapidAPI] Response: {"message":"You have exceeded the MONTHLY quota for Requests on your current plan, BASIC. Upgrade your plan at https:\/\/rapidapi.com\/letscrape-6bRBa3QguO5\/api\/real-time-amazon-data"}
2025-12-01 15:55:05,822 - INFO - [RESULT] 0 products saved
2025-12-01 15:55:08,822 - INFO - 
[PROGRESS] Category 3/6
2025-12-01 15:55:08,822 - INFO - 
======================================================================
[COLLECT] Computers & Accessories
2025-12-01 15:55:08,822 - INFO - [PAGE] 1/3...
2025-12-01 15:55:08,822 - INFO - [RapidAPI] Fetching products: category=976392031, page=1, country=IN
2025-12-01 15:55:09,181 - ERROR - [RapidAPI] HTTP 429: Too Many Requests
2025-12-01 15:55:09,181 - ERROR - [RapidAPI] Response: {"message":"You have exceeded the MONTHLY quota for Requests on your current plan, BASIC. Upgrade your plan at https:\/\/rapidapi.com\/letscrape-6bRBa3QguO5\/api\/real-time-amazon-data"}
2025-12-01 15:55:09,182 - INFO - [RESULT] 0 products saved
2025-12-01 15:55:12,182 - INFO - 
[PROGRESS] Category 4/6
2025-12-01 15:55:12,182 - INFO - 
======================================================================
[COLLECT] Cell Phones
2025-12-01 15:55:12,182 - INFO - [PAGE] 1/3...
2025-12-01 15:55:12,182 - INFO - [RapidAPI] Fetching products: category=1389401031, page=1, country=IN
2025-12-01 15:55:12,491 - ERROR - [RapidAPI] HTTP 429: Too Many Requests
2025-12-01 15:55:12,491 - ERROR - [RapidAPI] Response: {"message":"You have exceeded the MONTHLY quota for Requests on your current plan, BASIC. Upgrade your plan at https:\/\/rapidapi.com\/letscrape-6bRBa3QguO5\/api\/real-time-amazon-data"}
2025-12-01 15:55:12,492 - INFO - [RESULT] 0 products saved
2025-12-01 15:55:15,492 - INFO - 
[PROGRESS] Category 5/6
2025-12-01 15:55:15,492 - INFO - 
======================================================================
[COLLECT] Toys & Games
2025-12-01 15:55:15,492 - INFO - [PAGE] 1/3...
2025-12-01 15:55:15,492 - INFO - [RapidAPI] Fetching products: category=1350387031, page=1, country=IN
2025-12-01 15:55:15,830 - ERROR - [RapidAPI] HTTP 429: Too Many Requests
2025-12-01 15:55:15,830 - ERROR - [RapidAPI] Response: {"message":"You have exceeded the MONTHLY quota for Requests on your current plan, BASIC. Upgrade your plan at https:\/\/rapidapi.com\/letscrape-6bRBa3QguO5\/api\/real-time-amazon-data"}
2025-12-01 15:55:15,830 - INFO - [RESULT] 0 products saved
2025-12-01 15:55:18,831 - INFO - 
[PROGRESS] Category 6/6
2025-12-01 15:55:18,831 - INFO - 
======================================================================
[COLLECT] Health & Personal Care
2025-12-01 15:55:18,831 - INFO - [PAGE] 1/3...
2025-12-01 15:55:18,831 - INFO - [RapidAPI] Fetching products: category=1350384031, page=1, country=IN
2025-12-01 15:55:19,139 - ERROR - [RapidAPI] HTTP 429: Too Many Requests
2025-12-01 15:55:19,139 - ERROR - [RapidAPI] Response: {"message":"You have exceeded the MONTHLY quota for Requests on your current plan, BASIC. Upgrade your plan at https:\/\/rapidapi.com\/letscrape-6bRBa3QguO5\/api\/real-time-amazon-data"}
2025-12-01 15:55:19,140 - INFO - [RESULT] 0 products saved
2025-12-01 15:55:19,144 - INFO - 
[STATS] Products: 1227, ASINs: 1127
2025-12-01 15:55:19,144 - INFO - [ANALYTICS] Avg Price: ₹1585.29
2025-12-01 15:55:19,144 - INFO - [ANALYTICS] Avg Sales: 159,975,945
2025-12-01 15:55:19,144 - INFO - [COMPLETE] 0 products collected
2025-12-01 15:55:19,144 - INFO - [DB] Disconnected
2025-12-02 15:55:01,254 - INFO - [CONFIG] ✓ Loaded
2025-12-02 15:55:01,254 - INFO - [RapidAPI] Client initialized for host: real-time-amazon-data.p.rapidapi.com
2025-12-02 15:55:01,254 - INFO - [START] Collection starting
2025-12-02 15:55:01,254 - INFO - [DB] Connecting (1/3)...
2025-12-02 15:55:01,263 - INFO - [DB] ✓ Connected
2025-12-02 15:55:01,267 - INFO - [DB] ✓ Tables ready
2025-12-02 15:55:01,267 - INFO - [MODE] Using DATABASE
2025-12-02 15:55:01,267 - INFO - 
[PROGRESS] Category 1/6
2025-12-02 15:55:01,267 - INFO - 
======================================================================
[COLLECT] Baby Products
2025-12-02 15:55:01,267 - INFO - [PAGE] 1/3...
2025-12-02 15:55:01,267 - INFO - [RapidAPI] Fetching products: category=1350380031, page=1, country=IN
2025-12-02 15:55:01,713 - ERROR - [RapidAPI] HTTP 429: Too Many Requests
2025-12-02 15:55:01,713 - ERROR - [RapidAPI] Response: {"message":"You have exceeded the MONTHLY quota for Requests on your current plan, BASIC. Upgrade your plan at https:\/\/rapidapi.com\/letscrape-6bRBa3QguO5\/api\/real-time-amazon-data"}
2025-12-02 15:55:01,713 - INFO - [RESULT] 0 products saved
2025-12-02 15:55:04,713 - INFO - 
[PROGRESS] Category 2/6
2025-12-02 15:55:04,714 - INFO - 
======================================================================
[COLLECT] Electronics
2025-12-02 15:55:04,714 - INFO - [PAGE] 1/3...
2025-12-02 15:55:04,714 - INFO - [RapidAPI] Fetching products: category=976419031, page=1, country=IN
2025-12-02 15:55:05,153 - ERROR - [RapidAPI] HTTP 429: Too Many Requests
2025-12-02 15:55:05,153 - ERROR - [RapidAPI] Response: {"message":"You have exceeded the MONTHLY quota for Requests on your current plan, BASIC. Upgrade your plan at https:\/\/rapidapi.com\/letscrape-6bRBa3QguO5\/api\/real-time-amazon-data"}
2025-12-02 15:55:05,154 - INFO - [RESULT] 0 products saved
2025-12-02 15:55:08,154 - INFO - 
[PROGRESS] Category 3/6
2025-12-02 15:55:08,154 - INFO - 
======================================================================
[COLLECT] Computers & Accessories
2025-12-02 15:55:08,154 - INFO - [PAGE] 1/3...
2025-12-02 15:55:08,155 - INFO - [RapidAPI] Fetching products: category=976392031, page=1, country=IN
2025-12-02 15:55:08,532 - ERROR - [RapidAPI] HTTP 429: Too Many Requests
2025-12-02 15:55:08,532 - ERROR - [RapidAPI] Response: {"message":"You have exceeded the MONTHLY quota for Requests on your current plan, BASIC. Upgrade your plan at https:\/\/rapidapi.com\/letscrape-6bRBa3QguO5\/api\/real-time-amazon-data"}
2025-12-02 15:55:08,533 - INFO - [RESULT] 0 products saved
2025-12-02 15:55:11,534 - INFO - 
[PROGRESS] Category 4/6
2025-12-02 15:55:11,534 - INFO - 
======================================================================
[COLLECT] Cell Phones
2025-12-02 15:55:11,534 - INFO - [PAGE] 1/3...
2025-12-02 15:55:11,534 - INFO - [RapidAPI] Fetching products: category=1389401031, page=1, country=IN
2025-12-02 15:55:11,876 - ERROR - [RapidAPI] HTTP 429: Too Many Requests
2025-12-02 15:55:11,877 - ERROR - [RapidAPI] Response: {"message":"You have exceeded the MONTHLY quota for Requests on your current plan, BASIC. Upgrade your plan at https:\/\/rapidapi.com\/letscrape-6bRBa3QguO5\/api\/real-time-amazon-data"}
2025-12-02 15:55:11,878 - INFO - [RESULT] 0 products saved
2025-12-02 15:55:14,878 - INFO - 
[PROGRESS] Category 5/6
2025-12-02 15:55:14,878 - INFO - 
======================================================================
[COLLECT] Toys & Games
2025-12-02 15:55:14,878 - INFO - [PAGE] 1/3...
2025-12-02 15:55:14,878 - INFO - [RapidAPI] Fetching products: category=1350387031, page=1, country=IN
2025-12-02 15:55:15,317 - ERROR - [RapidAPI] HTTP 429: Too Many Requests
2025-12-02 15:55:15,317 - ERROR - [RapidAPI] Response: {"message":"You have exceeded the MONTHLY quota for Requests on your current plan, BASIC. Upgrade your plan at https:\/\/rapidapi.com\/letscrape-6bRBa3QguO5\/api\/real-time-amazon-data"}
2025-12-02 15:55:15,318 - INFO - [RESULT] 0 products saved
2025-12-02 15:55:18,319 - INFO - 
[PROGRESS] Category 6/6
2025-12-02 15:55:18,319 - INFO - 
======================================================================
[COLLECT] Health & Personal Care
2025-12-02 15:55:18,319 - INFO - [PAGE] 1/3...
2025-12-02 15:55:18,319 - INFO - [RapidAPI] Fetching products: category=1350384031, page=1, country=IN
2025-12-02 15:55:18,692 - ERROR - [RapidAPI] HTTP 429: Too Many Requests
2025-12-02 15:55:18,692 - ERROR - [RapidAPI] Response: {"message":"You have exceeded the MONTHLY quota for Requests on your current plan, BASIC. Upgrade your plan at https:\/\/rapidapi.com\/letscrape-6bRBa3QguO5\/api\/real-time-amazon-data"}
2025-12-02 15:55:18,693 - INFO - [RESULT] 0 products saved
2025-12-02 15:55:18,699 - INFO - 
[STATS] Products: 1227, ASINs: 1127
2025-12-02 15:55:18,699 - INFO - [ANALYTICS] Avg Price: ₹1585.29
2025-12-02 15:55:18,699 - INFO - [ANALYTICS] Avg Sales: 159,975,945
2025-12-02 15:55:18,699 - INFO - [COMPLETE] 0 products collected
2025-12-02 15:55:18,699 - INFO - [DB] Disconnected
2025-12-03 15:55:01,797 - INFO - [CONFIG] ✓ Loaded
2025-12-03 15:55:01,797 - INFO - [RapidAPI] Client initialized for host: real-time-amazon-data.p.rapidapi.com
2025-12-03 15:55:01,797 - INFO - [START] Collection starting
2025-12-03 15:55:01,797 - INFO - [DB] Connecting (1/3)...
2025-12-03 15:55:01,806 - INFO - [DB] ✓ Connected
2025-12-03 15:55:01,810 - INFO - [DB] ✓ Tables ready
2025-12-03 15:55:01,810 - INFO - [MODE] Using DATABASE
2025-12-03 15:55:01,810 - INFO - 
[PROGRESS] Category 1/6
2025-12-03 15:55:01,810 - INFO - 
======================================================================
[COLLECT] Baby Products
2025-12-03 15:55:01,810 - INFO - [PAGE] 1/3...
2025-12-03 15:55:01,811 - INFO - [RapidAPI] Fetching products: category=1350380031, page=1, country=IN
2025-12-03 15:55:02,341 - ERROR - [RapidAPI] HTTP 429: Too Many Requests
2025-12-03 15:55:02,341 - ERROR - [RapidAPI] Response: {"message":"You have exceeded the MONTHLY quota for Requests on your current plan, BASIC. Upgrade your plan at https:\/\/rapidapi.com\/letscrape-6bRBa3QguO5\/api\/real-time-amazon-data"}
2025-12-03 15:55:02,342 - INFO - [RESULT] 0 products saved
2025-12-03 15:55:05,342 - INFO - 
[PROGRESS] Category 2/6
2025-12-03 15:55:05,342 - INFO - 
======================================================================
[COLLECT] Electronics
2025-12-03 15:55:05,342 - INFO - [PAGE] 1/3...
2025-12-03 15:55:05,342 - INFO - [RapidAPI] Fetching products: category=976419031, page=1, country=IN
2025-12-03 15:55:05,765 - ERROR - [RapidAPI] HTTP 429: Too Many Requests
2025-12-03 15:55:05,765 - ERROR - [RapidAPI] Response: {"message":"You have exceeded the MONTHLY quota for Requests on your current plan, BASIC. Upgrade your plan at https:\/\/rapidapi.com\/letscrape-6bRBa3QguO5\/api\/real-time-amazon-data"}
2025-12-03 15:55:05,766 - INFO - [RESULT] 0 products saved
2025-12-03 15:55:08,766 - INFO - 
[PROGRESS] Category 3/6
2025-12-03 15:55:08,766 - INFO - 
======================================================================
[COLLECT] Computers & Accessories
2025-12-03 15:55:08,766 - INFO - [PAGE] 1/3...
2025-12-03 15:55:08,766 - INFO - [RapidAPI] Fetching products: category=976392031, page=1, country=IN
2025-12-03 15:55:09,077 - ERROR - [RapidAPI] HTTP 429: Too Many Requests
2025-12-03 15:55:09,077 - ERROR - [RapidAPI] Response: {"message":"You have exceeded the MONTHLY quota for Requests on your current plan, BASIC. Upgrade your plan at https:\/\/rapidapi.com\/letscrape-6bRBa3QguO5\/api\/real-time-amazon-data"}
2025-12-03 15:55:09,077 - INFO - [RESULT] 0 products saved
2025-12-03 15:55:12,078 - INFO - 
[PROGRESS] Category 4/6
2025-12-03 15:55:12,078 - INFO - 
======================================================================
[COLLECT] Cell Phones
2025-12-03 15:55:12,078 - INFO - [PAGE] 1/3...
2025-12-03 15:55:12,078 - INFO - [RapidAPI] Fetching products: category=1389401031, page=1, country=IN
2025-12-03 15:55:12,395 - ERROR - [RapidAPI] HTTP 429: Too Many Requests
2025-12-03 15:55:12,395 - ERROR - [RapidAPI] Response: {"message":"You have exceeded the MONTHLY quota for Requests on your current plan, BASIC. Upgrade your plan at https:\/\/rapidapi.com\/letscrape-6bRBa3QguO5\/api\/real-time-amazon-data"}
2025-12-03 15:55:12,396 - INFO - [RESULT] 0 products saved
2025-12-03 15:55:15,396 - INFO - 
[PROGRESS] Category 5/6
2025-12-03 15:55:15,396 - INFO - 
======================================================================
[COLLECT] Toys & Games
2025-12-03 15:55:15,396 - INFO - [PAGE] 1/3...
2025-12-03 15:55:15,396 - INFO - [RapidAPI] Fetching products: category=1350387031, page=1, country=IN
2025-12-03 15:55:15,715 - ERROR - [RapidAPI] HTTP 429: Too Many Requests
2025-12-03 15:55:15,715 - ERROR - [RapidAPI] Response: {"message":"You have exceeded the MONTHLY quota for Requests on your current plan, BASIC. Upgrade your plan at https:\/\/rapidapi.com\/letscrape-6bRBa3QguO5\/api\/real-time-amazon-data"}
2025-12-03 15:55:15,715 - INFO - [RESULT] 0 products saved
2025-12-03 15:55:18,716 - INFO - 
[PROGRESS] Category 6/6
2025-12-03 15:55:18,716 - INFO - 
======================================================================
[COLLECT] Health & Personal Care
2025-12-03 15:55:18,716 - INFO - [PAGE] 1/3...
2025-12-03 15:55:18,716 - INFO - [RapidAPI] Fetching products: category=1350384031, page=1, country=IN
2025-12-03 15:55:19,073 - ERROR - [RapidAPI] HTTP 429: Too Many Requests
2025-12-03 15:55:19,073 - ERROR - [RapidAPI] Response: {"message":"You have exceeded the MONTHLY quota for Requests on your current plan, BASIC. Upgrade your plan at https:\/\/rapidapi.com\/letscrape-6bRBa3QguO5\/api\/real-time-amazon-data"}
2025-12-03 15:55:19,073 - INFO - [RESULT] 0 products saved
2025-12-03 15:55:19,077 - INFO - 
[STATS] Products: 1227, ASINs: 1127
2025-12-03 15:55:19,077 - INFO - [ANALYTICS] Avg Price: ₹1585.29
2025-12-03 15:55:19,077 - INFO - [ANALYTICS] Avg Sales: 159,975,945
2025-12-03 15:55:19,077 - INFO - [COMPLETE] 0 products collected
2025-12-03 15:55:19,078 - INFO - [DB] Disconnected
2025-12-04 15:55:01,178 - INFO - [CONFIG] ✓ Loaded
2025-12-04 15:55:01,178 - INFO - [RapidAPI] Client initialized for host: real-time-amazon-data.p.rapidapi.com
2025-12-04 15:55:01,178 - INFO - [START] Collection starting
2025-12-04 15:55:01,178 - INFO - [DB] Connecting (1/3)...
2025-12-04 15:55:01,187 - INFO - [DB] ✓ Connected
2025-12-04 15:55:01,191 - INFO - [DB] ✓ Tables ready
2025-12-04 15:55:01,191 - INFO - [MODE] Using DATABASE
2025-12-04 15:55:01,191 - INFO - 
[PROGRESS] Category 1/6
2025-12-04 15:55:01,192 - INFO - 
======================================================================
[COLLECT] Baby Products
2025-12-04 15:55:01,192 - INFO - [PAGE] 1/3...
2025-12-04 15:55:01,192 - INFO - [RapidAPI] Fetching products: category=1350380031, page=1, country=IN
2025-12-04 15:55:06,930 - INFO - [RapidAPI] ✓ Success: 24 products (total available: 72350)
2025-12-04 15:55:06,947 - INFO - [DB] ✓ Saved 24 products with analytics
2025-12-04 15:55:06,948 - INFO - [SAVED] ✓ 24 products
2025-12-04 15:55:08,948 - INFO - [PAGE] 2/3...
2025-12-04 15:55:08,948 - INFO - [RapidAPI] Fetching products: category=1350380031, page=2, country=IN
2025-12-04 15:55:12,122 - INFO - [RapidAPI] ✓ Success: 24 products (total available: 72350)
2025-12-04 15:55:12,129 - INFO - [DB] ✓ Saved 24 products with analytics
2025-12-04 15:55:12,129 - INFO - [SAVED] ✓ 24 products
2025-12-04 15:55:14,129 - INFO - [PAGE] 3/3...
2025-12-04 15:55:14,129 - INFO - [RapidAPI] Fetching products: category=1350380031, page=3, country=IN
2025-12-04 15:55:17,205 - INFO - [RapidAPI] ✓ Success: 24 products (total available: 72350)
2025-12-04 15:55:17,212 - INFO - [DB] ✓ Saved 24 products with analytics
2025-12-04 15:55:17,213 - INFO - [SAVED] ✓ 24 products
2025-12-04 15:55:17,213 - INFO - [RESULT] 72 products saved
2025-12-04 15:55:20,213 - INFO - 
[PROGRESS] Category 2/6
2025-12-04 15:55:20,213 - INFO - 
======================================================================
[COLLECT] Electronics
2025-12-04 15:55:20,213 - INFO - [PAGE] 1/3...
2025-12-04 15:55:20,213 - INFO - [RapidAPI] Fetching products: category=976419031, page=1, country=IN
2025-12-04 15:55:23,182 - INFO - [RapidAPI] ✓ Success: 24 products (total available: 76161)
2025-12-04 15:55:23,191 - INFO - [DB] ✓ Saved 24 products with analytics
2025-12-04 15:55:23,191 - INFO - [SAVED] ✓ 24 products
2025-12-04 15:55:25,191 - INFO - [PAGE] 2/3...
2025-12-04 15:55:25,192 - INFO - [RapidAPI] Fetching products: category=976419031, page=2, country=IN
2025-12-04 15:55:28,176 - INFO - [RapidAPI] ✓ Success: 24 products (total available: 75441)
2025-12-04 15:55:28,183 - INFO - [DB] ✓ Saved 24 products with analytics
2025-12-04 15:55:28,183 - INFO - [SAVED] ✓ 24 products
2025-12-04 15:55:30,184 - INFO - [PAGE] 3/3...
2025-12-04 15:55:30,184 - INFO - [RapidAPI] Fetching products: category=976419031, page=3, country=IN
2025-12-04 15:55:33,078 - INFO - [RapidAPI] ✓ Success: 24 products (total available: 75441)
2025-12-04 15:55:33,085 - INFO - [DB] ✓ Saved 24 products with analytics
2025-12-04 15:55:33,085 - INFO - [SAVED] ✓ 24 products
2025-12-04 15:55:33,085 - INFO - [RESULT] 72 products saved
2025-12-04 15:55:36,085 - INFO - 
[PROGRESS] Category 3/6
2025-12-04 15:55:36,085 - INFO - 
======================================================================
[COLLECT] Computers & Accessories
2025-12-04 15:55:36,085 - INFO - [PAGE] 1/3...
2025-12-04 15:55:36,085 - INFO - [RapidAPI] Fetching products: category=976392031, page=1, country=IN
2025-12-04 15:55:39,312 - INFO - [RapidAPI] ✓ Success: 24 products (total available: 73876)
2025-12-04 15:55:39,319 - INFO - [DB] ✓ Saved 24 products with analytics
2025-12-04 15:55:39,319 - INFO - [SAVED] ✓ 24 products
2025-12-04 15:55:41,319 - INFO - [PAGE] 2/3...
2025-12-04 15:55:41,320 - INFO - [RapidAPI] Fetching products: category=976392031, page=2, country=IN
2025-12-04 15:55:44,203 - INFO - [RapidAPI] ✓ Success: 24 products (total available: 73876)
2025-12-04 15:55:44,210 - INFO - [DB] ✓ Saved 24 products with analytics
2025-12-04 15:55:44,210 - INFO - [SAVED] ✓ 24 products
2025-12-04 15:55:46,210 - INFO - [PAGE] 3/3...
2025-12-04 15:55:46,210 - INFO - [RapidAPI] Fetching products: category=976392031, page=3, country=IN
2025-12-04 15:55:49,461 - INFO - [RapidAPI] ✓ Success: 24 products (total available: 73876)
2025-12-04 15:55:49,468 - INFO - [DB] ✓ Saved 24 products with analytics
2025-12-04 15:55:49,468 - INFO - [SAVED] ✓ 24 products
2025-12-04 15:55:49,468 - INFO - [RESULT] 72 products saved
2025-12-04 15:55:52,468 - INFO - 
[PROGRESS] Category 4/6
2025-12-04 15:55:52,468 - INFO - 
======================================================================
[COLLECT] Cell Phones
2025-12-04 15:55:52,468 - INFO - [PAGE] 1/3...
2025-12-04 15:55:52,468 - INFO - [RapidAPI] Fetching products: category=1389401031, page=1, country=IN
2025-12-04 15:55:55,344 - INFO - [RapidAPI] ✓ Success: 24 products (total available: 72350)
2025-12-04 15:55:55,354 - INFO - [DB] ✓ Saved 24 products with analytics
2025-12-04 15:55:55,354 - INFO - [SAVED] ✓ 24 products
2025-12-04 15:55:57,354 - INFO - [PAGE] 2/3...
2025-12-04 15:55:57,354 - INFO - [RapidAPI] Fetching products: category=1389401031, page=2, country=IN
2025-12-04 15:56:00,316 - INFO - [RapidAPI] ✓ Success: 24 products (total available: 72350)
2025-12-04 15:56:00,322 - INFO - [DB] ✓ Saved 24 products with analytics
2025-12-04 15:56:00,322 - INFO - [SAVED] ✓ 24 products
2025-12-04 15:56:02,323 - INFO - [PAGE] 3/3...
2025-12-04 15:56:02,323 - INFO - [RapidAPI] Fetching products: category=1389401031, page=3, country=IN
2025-12-04 15:56:05,960 - INFO - [RapidAPI] ✓ Success: 24 products (total available: 72350)
2025-12-04 15:56:05,966 - INFO - [DB] ✓ Saved 24 products with analytics
2025-12-04 15:56:05,966 - INFO - [SAVED] ✓ 24 products
2025-12-04 15:56:05,966 - INFO - [RESULT] 72 products saved
2025-12-04 15:56:08,967 - INFO - 
[PROGRESS] Category 5/6
2025-12-04 15:56:08,967 - INFO - 
======================================================================
[COLLECT] Toys & Games
2025-12-04 15:56:08,967 - INFO - [PAGE] 1/3...
2025-12-04 15:56:08,967 - INFO - [RapidAPI] Fetching products: category=1350387031, page=1, country=IN
2025-12-04 15:56:12,798 - INFO - [RapidAPI] ✓ Success: 48 products (total available: 46976)
2025-12-04 15:56:12,807 - INFO - [DB] ✓ Saved 48 products with analytics
2025-12-04 15:56:12,807 - INFO - [SAVED] ✓ 48 products
2025-12-04 15:56:14,808 - INFO - [PAGE] 2/3...
2025-12-04 15:56:14,808 - INFO - [RapidAPI] Fetching products: category=1350387031, page=2, country=IN
2025-12-04 15:56:18,243 - INFO - [RapidAPI] ✓ Success: 48 products (total available: 46976)
2025-12-04 15:56:18,252 - INFO - [DB] ✓ Saved 48 products with analytics
2025-12-04 15:56:18,252 - INFO - [SAVED] ✓ 48 products
2025-12-04 15:56:20,252 - INFO - [PAGE] 3/3...
2025-12-04 15:56:20,253 - INFO - [RapidAPI] Fetching products: category=1350387031, page=3, country=IN
2025-12-04 15:56:23,768 - INFO - [RapidAPI] ✓ Success: 48 products (total available: 43671)
2025-12-04 15:56:23,776 - INFO - [DB] ✓ Saved 48 products with analytics
2025-12-04 15:56:23,777 - INFO - [SAVED] ✓ 48 products
2025-12-04 15:56:23,777 - INFO - [RESULT] 144 products saved
2025-12-04 15:56:26,777 - INFO - 
[PROGRESS] Category 6/6
2025-12-04 15:56:26,777 - INFO - 
======================================================================
[COLLECT] Health & Personal Care
2025-12-04 15:56:26,777 - INFO - [PAGE] 1/3...
2025-12-04 15:56:26,777 - INFO - [RapidAPI] Fetching products: category=1350384031, page=1, country=IN
2025-12-04 15:56:29,912 - INFO - [RapidAPI] ✓ Success: 24 products (total available: 76742)
2025-12-04 15:56:29,918 - INFO - [DB] ✓ Saved 24 products with analytics
2025-12-04 15:56:29,918 - INFO - [SAVED] ✓ 24 products
2025-12-04 15:56:31,919 - INFO - [PAGE] 2/3...
2025-12-04 15:56:31,919 - INFO - [RapidAPI] Fetching products: category=1350384031, page=2, country=IN
2025-12-04 15:56:34,927 - INFO - [RapidAPI] ✓ Success: 24 products (total available: 76742)
2025-12-04 15:56:34,934 - INFO - [DB] ✓ Saved 24 products with analytics
2025-12-04 15:56:34,934 - INFO - [SAVED] ✓ 24 products
2025-12-04 15:56:36,934 - INFO - [PAGE] 3/3...
2025-12-04 15:56:36,934 - INFO - [RapidAPI] Fetching products: category=1350384031, page=3, country=IN
2025-12-04 15:56:40,275 - INFO - [RapidAPI] ✓ Success: 24 products (total available: 76742)
2025-12-04 15:56:40,281 - INFO - [DB] ✓ Saved 24 products with analytics
2025-12-04 15:56:40,281 - INFO - [SAVED] ✓ 24 products
2025-12-04 15:56:40,281 - INFO - [RESULT] 72 products saved
2025-12-04 15:56:40,285 - INFO - 
[STATS] Products: 1346, ASINs: 1230
2025-12-04 15:56:40,285 - INFO - [ANALYTICS] Avg Price: ₹2119.01
2025-12-04 15:56:40,285 - INFO - [ANALYTICS] Avg Sales: 166,062,352
2025-12-04 15:56:40,285 - INFO - [COMPLETE] 504 products collected
2025-12-04 15:56:40,285 - INFO - [DB] Disconnected
2025-12-05 15:55:01,134 - INFO - [CONFIG] ✓ Loaded
2025-12-05 15:55:01,135 - INFO - [RapidAPI] Client initialized for host: real-time-amazon-data.p.rapidapi.com
2025-12-05 15:55:01,135 - INFO - [START] Collection starting
2025-12-05 15:55:01,135 - INFO - [DB] Connecting (1/3)...
2025-12-05 15:55:01,156 - INFO - [DB] ✓ Connected
2025-12-05 15:55:01,166 - INFO - [DB] ✓ Tables ready
2025-12-05 15:55:01,166 - INFO - [MODE] Using DATABASE
2025-12-05 15:55:01,166 - INFO - 
[PROGRESS] Category 1/6
2025-12-05 15:55:01,167 - INFO - 
======================================================================
[COLLECT] Baby Products
2025-12-05 15:55:01,167 - INFO - [PAGE] 1/3...
2025-12-05 15:55:01,167 - INFO - [RapidAPI] Fetching products: category=1350380031, page=1, country=IN
2025-12-05 15:55:04,793 - INFO - [RapidAPI] ✓ Success: 24 products (total available: 76423)
2025-12-05 15:55:04,807 - INFO - [DB] ✓ Saved 24 products with analytics
2025-12-05 15:55:04,807 - INFO - [SAVED] ✓ 24 products
2025-12-05 15:55:06,807 - INFO - [PAGE] 2/3...
2025-12-05 15:55:06,808 - INFO - [RapidAPI] Fetching products: category=1350380031, page=2, country=IN
2025-12-05 15:55:10,155 - INFO - [RapidAPI] ✓ Success: 24 products (total available: 76423)
2025-12-05 15:55:10,161 - INFO - [DB] ✓ Saved 24 products with analytics
2025-12-05 15:55:10,161 - INFO - [SAVED] ✓ 24 products
2025-12-05 15:55:12,161 - INFO - [PAGE] 3/3...
2025-12-05 15:55:12,161 - INFO - [RapidAPI] Fetching products: category=1350380031, page=3, country=IN
2025-12-05 15:55:15,340 - INFO - [RapidAPI] ✓ Success: 24 products (total available: 76423)
2025-12-05 15:55:15,347 - INFO - [DB] ✓ Saved 24 products with analytics
2025-12-05 15:55:15,347 - INFO - [SAVED] ✓ 24 products
2025-12-05 15:55:15,347 - INFO - [RESULT] 72 products saved
2025-12-05 15:55:18,347 - INFO - 
[PROGRESS] Category 2/6
2025-12-05 15:55:18,347 - INFO - 
======================================================================
[COLLECT] Electronics
2025-12-05 15:55:18,347 - INFO - [PAGE] 1/3...
2025-12-05 15:55:18,347 - INFO - [RapidAPI] Fetching products: category=976419031, page=1, country=IN
2025-12-05 15:55:21,469 - INFO - [RapidAPI] ✓ Success: 24 products (total available: 72488)
2025-12-05 15:55:21,476 - INFO - [DB] ✓ Saved 24 products with analytics
2025-12-05 15:55:21,476 - INFO - [SAVED] ✓ 24 products
2025-12-05 15:55:23,477 - INFO - [PAGE] 2/3...
2025-12-05 15:55:23,477 - INFO - [RapidAPI] Fetching products: category=976419031, page=2, country=IN
2025-12-05 15:55:26,657 - INFO - [RapidAPI] ✓ Success: 24 products (total available: 72488)
2025-12-05 15:55:26,664 - INFO - [DB] ✓ Saved 24 products with analytics
2025-12-05 15:55:26,664 - INFO - [SAVED] ✓ 24 products
2025-12-05 15:55:28,664 - INFO - [PAGE] 3/3...
2025-12-05 15:55:28,664 - INFO - [RapidAPI] Fetching products: category=976419031, page=3, country=IN
2025-12-05 15:55:32,076 - INFO - [RapidAPI] ✓ Success: 24 products (total available: 72488)
2025-12-05 15:55:32,083 - INFO - [DB] ✓ Saved 24 products with analytics
2025-12-05 15:55:32,083 - INFO - [SAVED] ✓ 24 products
2025-12-05 15:55:32,083 - INFO - [RESULT] 72 products saved
2025-12-05 15:55:35,083 - INFO - 
[PROGRESS] Category 3/6
2025-12-05 15:55:35,083 - INFO - 
======================================================================
[COLLECT] Computers & Accessories
2025-12-05 15:55:35,083 - INFO - [PAGE] 1/3...
2025-12-05 15:55:35,083 - INFO - [RapidAPI] Fetching products: category=976392031, page=1, country=IN
2025-12-05 15:55:38,426 - INFO - [RapidAPI] ✓ Success: 24 products (total available: 73444)
2025-12-05 15:55:38,434 - INFO - [DB] ✓ Saved 24 products with analytics
2025-12-05 15:55:38,435 - INFO - [SAVED] ✓ 24 products
2025-12-05 15:55:40,435 - INFO - [PAGE] 2/3...
2025-12-05 15:55:40,435 - INFO - [RapidAPI] Fetching products: category=976392031, page=2, country=IN
2025-12-05 15:55:43,660 - INFO - [RapidAPI] ✓ Success: 24 products (total available: 73444)
2025-12-05 15:55:43,666 - INFO - [DB] ✓ Saved 24 products with analytics
2025-12-05 15:55:43,666 - INFO - [SAVED] ✓ 24 products
2025-12-05 15:55:45,667 - INFO - [PAGE] 3/3...
2025-12-05 15:55:45,667 - INFO - [RapidAPI] Fetching products: category=976392031, page=3, country=IN
2025-12-05 15:55:49,496 - INFO - [RapidAPI] ✓ Success: 24 products (total available: 73444)
2025-12-05 15:55:49,503 - INFO - [DB] ✓ Saved 24 products with analytics
2025-12-05 15:55:49,503 - INFO - [SAVED] ✓ 24 products
2025-12-05 15:55:49,503 - INFO - [RESULT] 72 products saved
2025-12-05 15:55:52,504 - INFO - 
[PROGRESS] Category 4/6
2025-12-05 15:55:52,504 - INFO - 
======================================================================
[COLLECT] Cell Phones
2025-12-05 15:55:52,504 - INFO - [PAGE] 1/3...
2025-12-05 15:55:52,504 - INFO - [RapidAPI] Fetching products: category=1389401031, page=1, country=IN
2025-12-05 15:55:55,341 - INFO - [RapidAPI] ✓ Success: 24 products (total available: 70358)
2025-12-05 15:55:55,350 - INFO - [DB] ✓ Saved 24 products with analytics
2025-12-05 15:55:55,350 - INFO - [SAVED] ✓ 24 products
2025-12-05 15:55:57,351 - INFO - [PAGE] 2/3...
2025-12-05 15:55:57,351 - INFO - [RapidAPI] Fetching products: category=1389401031, page=2, country=IN
2025-12-05 15:56:00,430 - INFO - [RapidAPI] ✓ Success: 24 products (total available: 70358)
2025-12-05 15:56:00,436 - INFO - [DB] ✓ Saved 24 products with analytics
2025-12-05 15:56:00,436 - INFO - [SAVED] ✓ 24 products
2025-12-05 15:56:02,436 - INFO - [PAGE] 3/3...
2025-12-05 15:56:02,436 - INFO - [RapidAPI] Fetching products: category=1389401031, page=3, country=IN
2025-12-05 15:56:05,880 - INFO - [RapidAPI] ✓ Success: 24 products (total available: 70358)
2025-12-05 15:56:05,886 - INFO - [DB] ✓ Saved 24 products with analytics
2025-12-05 15:56:05,886 - INFO - [SAVED] ✓ 24 products
2025-12-05 15:56:05,886 - INFO - [RESULT] 72 products saved
2025-12-05 15:56:08,886 - INFO - 
[PROGRESS] Category 5/6
2025-12-05 15:56:08,886 - INFO - 
======================================================================
[COLLECT] Toys & Games
2025-12-05 15:56:08,886 - INFO - [PAGE] 1/3...
2025-12-05 15:56:08,886 - INFO - [RapidAPI] Fetching products: category=1350387031, page=1, country=IN
2025-12-05 15:56:12,910 - INFO - [RapidAPI] ✓ Success: 48 products (total available: 41252)
2025-12-05 15:56:12,918 - INFO - [DB] ✓ Saved 48 products with analytics
2025-12-05 15:56:12,918 - INFO - [SAVED] ✓ 48 products
2025-12-05 15:56:14,919 - INFO - [PAGE] 2/3...
2025-12-05 15:56:14,919 - INFO - [RapidAPI] Fetching products: category=1350387031, page=2, country=IN
2025-12-05 15:56:18,334 - INFO - [RapidAPI] ✓ Success: 48 products (total available: 41252)
2025-12-05 15:56:18,342 - INFO - [DB] ✓ Saved 48 products with analytics
2025-12-05 15:56:18,342 - INFO - [SAVED] ✓ 48 products
2025-12-05 15:56:20,343 - INFO - [PAGE] 3/3...
2025-12-05 15:56:20,343 - INFO - [RapidAPI] Fetching products: category=1350387031, page=3, country=IN
2025-12-05 15:56:23,868 - INFO - [RapidAPI] ✓ Success: 48 products (total available: 47784)
2025-12-05 15:56:23,877 - INFO - [DB] ✓ Saved 48 products with analytics
2025-12-05 15:56:23,877 - INFO - [SAVED] ✓ 48 products
2025-12-05 15:56:23,877 - INFO - [RESULT] 144 products saved
2025-12-05 15:56:26,877 - INFO - 
[PROGRESS] Category 6/6
2025-12-05 15:56:26,877 - INFO - 
======================================================================
[COLLECT] Health & Personal Care
2025-12-05 15:56:26,877 - INFO - [PAGE] 1/3...
2025-12-05 15:56:26,877 - INFO - [RapidAPI] Fetching products: category=1350384031, page=1, country=IN
2025-12-05 15:56:29,668 - INFO - [RapidAPI] ✓ Success: 24 products (total available: 77578)
2025-12-05 15:56:29,675 - INFO - [DB] ✓ Saved 24 products with analytics
2025-12-05 15:56:29,675 - INFO - [SAVED] ✓ 24 products
2025-12-05 15:56:31,675 - INFO - [PAGE] 2/3...
2025-12-05 15:56:31,675 - INFO - [RapidAPI] Fetching products: category=1350384031, page=2, country=IN
2025-12-05 15:56:35,232 - INFO - [RapidAPI] ✓ Success: 24 products (total available: 76816)
2025-12-05 15:56:35,238 - INFO - [DB] ✓ Saved 24 products with analytics
2025-12-05 15:56:35,238 - INFO - [SAVED] ✓ 24 products
2025-12-05 15:56:37,238 - INFO - [PAGE] 3/3...
2025-12-05 15:56:37,238 - INFO - [RapidAPI] Fetching products: category=1350384031, page=3, country=IN
2025-12-05 15:56:40,540 - INFO - [RapidAPI] ✓ Success: 24 products (total available: 77578)
2025-12-05 15:56:40,546 - INFO - [DB] ✓ Saved 24 products with analytics
2025-12-05 15:56:40,546 - INFO - [SAVED] ✓ 24 products
2025-12-05 15:56:40,546 - INFO - [RESULT] 72 products saved
2025-12-05 15:56:40,550 - INFO - 
[STATS] Products: 1379, ASINs: 1263
2025-12-05 15:56:40,550 - INFO - [ANALYTICS] Avg Price: ₹2132.02
2025-12-05 15:56:40,550 - INFO - [ANALYTICS] Avg Sales: 166,732,972
2025-12-05 15:56:40,550 - INFO - [COMPLETE] 504 products collected
2025-12-05 15:56:40,550 - INFO - [DB] Disconnected
2025-12-06 15:55:01,647 - INFO - [CONFIG] ✓ Loaded
2025-12-06 15:55:01,647 - INFO - [RapidAPI] Client initialized for host: real-time-amazon-data.p.rapidapi.com
2025-12-06 15:55:01,647 - INFO - [START] Collection starting
2025-12-06 15:55:01,647 - INFO - [DB] Connecting (1/3)...
2025-12-06 15:55:01,655 - INFO - [DB] ✓ Connected
2025-12-06 15:55:01,660 - INFO - [DB] ✓ Tables ready
2025-12-06 15:55:01,660 - INFO - [MODE] Using DATABASE
2025-12-06 15:55:01,660 - INFO - 
[PROGRESS] Category 1/6
2025-12-06 15:55:01,660 - INFO - 
======================================================================
[COLLECT] Baby Products
2025-12-06 15:55:01,660 - INFO - [PAGE] 1/3...
2025-12-06 15:55:01,660 - INFO - [RapidAPI] Fetching products: category=1350380031, page=1, country=IN
2025-12-06 15:55:05,770 - INFO - [RapidAPI] ✓ Success: 24 products (total available: 77481)
2025-12-06 15:55:05,777 - INFO - [DB] ✓ Saved 24 products with analytics
2025-12-06 15:55:05,777 - INFO - [SAVED] ✓ 24 products
2025-12-06 15:55:07,778 - INFO - [PAGE] 2/3...
2025-12-06 15:55:07,778 - INFO - [RapidAPI] Fetching products: category=1350380031, page=2, country=IN
2025-12-06 15:55:10,845 - INFO - [RapidAPI] ✓ Success: 24 products (total available: 77481)
2025-12-06 15:55:10,851 - INFO - [DB] ✓ Saved 24 products with analytics
2025-12-06 15:55:10,852 - INFO - [SAVED] ✓ 24 products
2025-12-06 15:55:12,852 - INFO - [PAGE] 3/3...
2025-12-06 15:55:12,852 - INFO - [RapidAPI] Fetching products: category=1350380031, page=3, country=IN
2025-12-06 15:55:16,119 - INFO - [RapidAPI] ✓ Success: 24 products (total available: 77481)
2025-12-06 15:55:16,126 - INFO - [DB] ✓ Saved 24 products with analytics
2025-12-06 15:55:16,126 - INFO - [SAVED] ✓ 24 products
2025-12-06 15:55:16,126 - INFO - [RESULT] 72 products saved
2025-12-06 15:55:19,126 - INFO - 
[PROGRESS] Category 2/6
2025-12-06 15:55:19,126 - INFO - 
======================================================================
[COLLECT] Electronics
2025-12-06 15:55:19,126 - INFO - [PAGE] 1/3...
2025-12-06 15:55:19,126 - INFO - [RapidAPI] Fetching products: category=976419031, page=1, country=IN
2025-12-06 15:55:23,211 - INFO - [RapidAPI] ✓ Success: 24 products (total available: 68827)
2025-12-06 15:55:23,218 - INFO - [DB] ✓ Saved 24 products with analytics
2025-12-06 15:55:23,218 - INFO - [SAVED] ✓ 24 products
2025-12-06 15:55:25,218 - INFO - [PAGE] 2/3...
2025-12-06 15:55:25,218 - INFO - [RapidAPI] Fetching products: category=976419031, page=2, country=IN
2025-12-06 15:55:28,267 - INFO - [RapidAPI] ✓ Success: 24 products (total available: 68827)
2025-12-06 15:55:28,273 - INFO - [DB] ✓ Saved 24 products with analytics
2025-12-06 15:55:28,273 - INFO - [SAVED] ✓ 24 products
2025-12-06 15:55:30,273 - INFO - [PAGE] 3/3...
2025-12-06 15:55:30,274 - INFO - [RapidAPI] Fetching products: category=976419031, page=3, country=IN
2025-12-06 15:55:33,180 - INFO - [RapidAPI] ✓ Success: 24 products (total available: 68827)
2025-12-06 15:55:33,186 - INFO - [DB] ✓ Saved 24 products with analytics
2025-12-06 15:55:33,187 - INFO - [SAVED] ✓ 24 products
2025-12-06 15:55:33,187 - INFO - [RESULT] 72 products saved
2025-12-06 15:55:36,187 - INFO - 
[PROGRESS] Category 3/6
2025-12-06 15:55:36,187 - INFO - 
======================================================================
[COLLECT] Computers & Accessories
2025-12-06 15:55:36,187 - INFO - [PAGE] 1/3...
2025-12-06 15:55:36,187 - INFO - [RapidAPI] Fetching products: category=976392031, page=1, country=IN
2025-12-06 15:55:39,250 - INFO - [RapidAPI] ✓ Success: 24 products (total available: 70583)
2025-12-06 15:55:39,257 - INFO - [DB] ✓ Saved 24 products with analytics
2025-12-06 15:55:39,257 - INFO - [SAVED] ✓ 24 products
2025-12-06 15:55:41,257 - INFO - [PAGE] 2/3...
2025-12-06 15:55:41,257 - INFO - [RapidAPI] Fetching products: category=976392031, page=2, country=IN
2025-12-06 15:55:44,490 - INFO - [RapidAPI] ✓ Success: 24 products (total available: 70583)
2025-12-06 15:55:44,497 - INFO - [DB] ✓ Saved 24 products with analytics
2025-12-06 15:55:44,497 - INFO - [SAVED] ✓ 24 products
2025-12-06 15:55:46,497 - INFO - [PAGE] 3/3...
2025-12-06 15:55:46,497 - INFO - [RapidAPI] Fetching products: category=976392031, page=3, country=IN
2025-12-06 15:55:49,624 - INFO - [RapidAPI] ✓ Success: 24 products (total available: 70583)
2025-12-06 15:55:49,631 - INFO - [DB] ✓ Saved 24 products with analytics
2025-12-06 15:55:49,631 - INFO - [SAVED] ✓ 24 products
2025-12-06 15:55:49,631 - INFO - [RESULT] 72 products saved
2025-12-06 15:55:52,631 - INFO - 
[PROGRESS] Category 4/6
2025-12-06 15:55:52,631 - INFO - 
======================================================================
[COLLECT] Cell Phones
2025-12-06 15:55:52,631 - INFO - [PAGE] 1/3...
2025-12-06 15:55:52,631 - INFO - [RapidAPI] Fetching products: category=1389401031, page=1, country=IN
2025-12-06 15:55:55,545 - INFO - [RapidAPI] ✓ Success: 24 products (total available: 65780)
2025-12-06 15:55:55,551 - INFO - [DB] ✓ Saved 24 products with analytics
2025-12-06 15:55:55,551 - INFO - [SAVED] ✓ 24 products
2025-12-06 15:55:57,551 - INFO - [PAGE] 2/3...
2025-12-06 15:55:57,551 - INFO - [RapidAPI] Fetching products: category=1389401031, page=2, country=IN
2025-12-06 15:56:00,839 - INFO - [RapidAPI] ✓ Success: 24 products (total available: 66983)
2025-12-06 15:56:00,844 - INFO - [DB] ✓ Saved 24 products with analytics
2025-12-06 15:56:00,845 - INFO - [SAVED] ✓ 24 products
2025-12-06 15:56:02,845 - INFO - [PAGE] 3/3...
2025-12-06 15:56:02,845 - INFO - [RapidAPI] Fetching products: category=1389401031, page=3, country=IN
2025-12-06 15:56:05,938 - INFO - [RapidAPI] ✓ Success: 24 products (total available: 65780)
2025-12-06 15:56:05,943 - INFO - [DB] ✓ Saved 24 products with analytics
2025-12-06 15:56:05,943 - INFO - [SAVED] ✓ 24 products
2025-12-06 15:56:05,943 - INFO - [RESULT] 72 products saved
2025-12-06 15:56:08,943 - INFO - 
[PROGRESS] Category 5/6
2025-12-06 15:56:08,943 - INFO - 
======================================================================
[COLLECT] Toys & Games
2025-12-06 15:56:08,944 - INFO - [PAGE] 1/3...
2025-12-06 15:56:08,944 - INFO - [RapidAPI] Fetching products: category=1350387031, page=1, country=IN
2025-12-06 15:56:12,325 - INFO - [RapidAPI] ✓ Success: 48 products (total available: 44139)
2025-12-06 15:56:12,334 - INFO - [DB] ✓ Saved 48 products with analytics
2025-12-06 15:56:12,334 - INFO - [SAVED] ✓ 48 products
2025-12-06 15:56:14,334 - INFO - [PAGE] 2/3...
2025-12-06 15:56:14,334 - INFO - [RapidAPI] Fetching products: category=1350387031, page=2, country=IN
2025-12-06 15:56:17,755 - INFO - [RapidAPI] ✓ Success: 48 products (total available: 44139)
2025-12-06 15:56:17,763 - INFO - [DB] ✓ Saved 48 products with analytics
2025-12-06 15:56:17,763 - INFO - [SAVED] ✓ 48 products
2025-12-06 15:56:19,763 - INFO - [PAGE] 3/3...
2025-12-06 15:56:19,763 - INFO - [RapidAPI] Fetching products: category=1350387031, page=3, country=IN
2025-12-06 15:56:23,187 - INFO - [RapidAPI] ✓ Success: 48 products (total available: 46082)
2025-12-06 15:56:23,197 - INFO - [DB] ✓ Saved 48 products with analytics
2025-12-06 15:56:23,197 - INFO - [SAVED] ✓ 48 products
2025-12-06 15:56:23,197 - INFO - [RESULT] 144 products saved
2025-12-06 15:56:26,197 - INFO - 
[PROGRESS] Category 6/6
2025-12-06 15:56:26,197 - INFO - 
======================================================================
[COLLECT] Health & Personal Care
2025-12-06 15:56:26,197 - INFO - [PAGE] 1/3...
2025-12-06 15:56:26,197 - INFO - [RapidAPI] Fetching products: category=1350384031, page=1, country=IN
2025-12-06 15:56:29,782 - INFO - [RapidAPI] ✓ Success: 24 products (total available: 73481)
2025-12-06 15:56:29,789 - INFO - [DB] ✓ Saved 24 products with analytics
2025-12-06 15:56:29,789 - INFO - [SAVED] ✓ 24 products
2025-12-06 15:56:31,789 - INFO - [PAGE] 2/3...
2025-12-06 15:56:31,789 - INFO - [RapidAPI] Fetching products: category=1350384031, page=2, country=IN
2025-12-06 15:56:35,401 - INFO - [RapidAPI] ✓ Success: 24 products (total available: 73481)
2025-12-06 15:56:35,407 - INFO - [DB] ✓ Saved 24 products with analytics
2025-12-06 15:56:35,407 - INFO - [SAVED] ✓ 24 products
2025-12-06 15:56:37,407 - INFO - [PAGE] 3/3...
2025-12-06 15:56:37,407 - INFO - [RapidAPI] Fetching products: category=1350384031, page=3, country=IN
2025-12-06 15:56:40,542 - INFO - [RapidAPI] ✓ Success: 24 products (total available: 73481)
2025-12-06 15:56:40,548 - INFO - [DB] ✓ Saved 24 products with analytics
2025-12-06 15:56:40,548 - INFO - [SAVED] ✓ 24 products
2025-12-06 15:56:40,548 - INFO - [RESULT] 72 products saved
2025-12-06 15:56:40,551 - INFO - 
[STATS] Products: 1393, ASINs: 1276
2025-12-06 15:56:40,551 - INFO - [ANALYTICS] Avg Price: ₹2147.52
2025-12-06 15:56:40,551 - INFO - [ANALYTICS] Avg Sales: 168,207,055
2025-12-06 15:56:40,551 - INFO - [COMPLETE] 504 products collected
2025-12-06 15:56:40,552 - INFO - [DB] Disconnected
2025-12-07 15:55:01,646 - INFO - [CONFIG] ✓ Loaded
2025-12-07 15:55:01,646 - INFO - [RapidAPI] Client initialized for host: real-time-amazon-data.p.rapidapi.com
2025-12-07 15:55:01,646 - INFO - [START] Collection starting
2025-12-07 15:55:01,646 - INFO - [DB] Connecting (1/3)...
2025-12-07 15:55:01,655 - INFO - [DB] ✓ Connected
2025-12-07 15:55:01,659 - INFO - [DB] ✓ Tables ready
2025-12-07 15:55:01,660 - INFO - [MODE] Using DATABASE
2025-12-07 15:55:01,660 - INFO - 
[PROGRESS] Category 1/6
2025-12-07 15:55:01,660 - INFO - 
======================================================================
[COLLECT] Baby Products
2025-12-07 15:55:01,660 - INFO - [PAGE] 1/3...
2025-12-07 15:55:01,660 - INFO - [RapidAPI] Fetching products: category=1350380031, page=1, country=IN
2025-12-07 15:55:05,733 - INFO - [RapidAPI] ✓ Success: 24 products (total available: 70597)
2025-12-07 15:55:05,740 - INFO - [DB] ✓ Saved 24 products with analytics
2025-12-07 15:55:05,740 - INFO - [SAVED] ✓ 24 products
2025-12-07 15:55:07,740 - INFO - [PAGE] 2/3...
2025-12-07 15:55:07,740 - INFO - [RapidAPI] Fetching products: category=1350380031, page=2, country=IN
2025-12-07 15:55:11,339 - INFO - [RapidAPI] ✓ Success: 24 products (total available: 70597)
2025-12-07 15:55:11,345 - INFO - [DB] ✓ Saved 24 products with analytics
2025-12-07 15:55:11,345 - INFO - [SAVED] ✓ 24 products
2025-12-07 15:55:13,345 - INFO - [PAGE] 3/3...
2025-12-07 15:55:13,345 - INFO - [RapidAPI] Fetching products: category=1350380031, page=3, country=IN
2025-12-07 15:55:17,034 - INFO - [RapidAPI] ✓ Success: 24 products (total available: 70597)
2025-12-07 15:55:17,041 - INFO - [DB] ✓ Saved 24 products with analytics
2025-12-07 15:55:17,041 - INFO - [SAVED] ✓ 24 products
2025-12-07 15:55:17,041 - INFO - [RESULT] 72 products saved
2025-12-07 15:55:20,041 - INFO - 
[PROGRESS] Category 2/6
2025-12-07 15:55:20,041 - INFO - 
======================================================================
[COLLECT] Electronics
2025-12-07 15:55:20,041 - INFO - [PAGE] 1/3...
2025-12-07 15:55:20,041 - INFO - [RapidAPI] Fetching products: category=976419031, page=1, country=IN
2025-12-07 15:55:23,376 - INFO - [RapidAPI] ✓ Success: 24 products (total available: 73255)
2025-12-07 15:55:23,383 - INFO - [DB] ✓ Saved 24 products with analytics
2025-12-07 15:55:23,383 - INFO - [SAVED] ✓ 24 products
2025-12-07 15:55:25,383 - INFO - [PAGE] 2/3...
2025-12-07 15:55:25,383 - INFO - [RapidAPI] Fetching products: category=976419031, page=2, country=IN
2025-12-07 15:55:28,303 - INFO - [RapidAPI] ✓ Success: 24 products (total available: 73255)
2025-12-07 15:55:28,309 - INFO - [DB] ✓ Saved 24 products with analytics
2025-12-07 15:55:28,309 - INFO - [SAVED] ✓ 24 products
2025-12-07 15:55:30,310 - INFO - [PAGE] 3/3...
2025-12-07 15:55:30,310 - INFO - [RapidAPI] Fetching products: category=976419031, page=3, country=IN
2025-12-07 15:55:33,282 - INFO - [RapidAPI] ✓ Success: 24 products (total available: 73212)
2025-12-07 15:55:33,289 - INFO - [DB] ✓ Saved 24 products with analytics
2025-12-07 15:55:33,289 - INFO - [SAVED] ✓ 24 products
2025-12-07 15:55:33,289 - INFO - [RESULT] 72 products saved
2025-12-07 15:55:36,289 - INFO - 
[PROGRESS] Category 3/6
2025-12-07 15:55:36,289 - INFO - 
======================================================================
[COLLECT] Computers & Accessories
2025-12-07 15:55:36,289 - INFO - [PAGE] 1/3...
2025-12-07 15:55:36,289 - INFO - [RapidAPI] Fetching products: category=976392031, page=1, country=IN
2025-12-07 15:55:39,408 - INFO - [RapidAPI] ✓ Success: 24 products (total available: 70766)
2025-12-07 15:55:39,414 - INFO - [DB] ✓ Saved 24 products with analytics
2025-12-07 15:55:39,414 - INFO - [SAVED] ✓ 24 products
2025-12-07 15:55:41,415 - INFO - [PAGE] 2/3...
2025-12-07 15:55:41,415 - INFO - [RapidAPI] Fetching products: category=976392031, page=2, country=IN
2025-12-07 15:55:44,439 - INFO - [RapidAPI] ✓ Success: 24 products (total available: 70766)
2025-12-07 15:55:44,445 - INFO - [DB] ✓ Saved 24 products with analytics
2025-12-07 15:55:44,445 - INFO - [SAVED] ✓ 24 products
2025-12-07 15:55:46,446 - INFO - [PAGE] 3/3...
2025-12-07 15:55:46,446 - INFO - [RapidAPI] Fetching products: category=976392031, page=3, country=IN
2025-12-07 15:55:49,671 - INFO - [RapidAPI] ✓ Success: 24 products (total available: 70766)
2025-12-07 15:55:49,678 - INFO - [DB] ✓ Saved 24 products with analytics
2025-12-07 15:55:49,678 - INFO - [SAVED] ✓ 24 products
2025-12-07 15:55:49,678 - INFO - [RESULT] 72 products saved
2025-12-07 15:55:52,678 - INFO - 
[PROGRESS] Category 4/6
2025-12-07 15:55:52,679 - INFO - 
======================================================================
[COLLECT] Cell Phones
2025-12-07 15:55:52,679 - INFO - [PAGE] 1/3...
2025-12-07 15:55:52,679 - INFO - [RapidAPI] Fetching products: category=1389401031, page=1, country=IN
2025-12-07 15:55:55,755 - INFO - [RapidAPI] ✓ Success: 24 products (total available: 72617)
2025-12-07 15:55:55,761 - INFO - [DB] ✓ Saved 24 products with analytics
2025-12-07 15:55:55,761 - INFO - [SAVED] ✓ 24 products
2025-12-07 15:55:57,762 - INFO - [PAGE] 2/3...
2025-12-07 15:55:57,762 - INFO - [RapidAPI] Fetching products: category=1389401031, page=2, country=IN
2025-12-07 15:56:00,686 - INFO - [RapidAPI] ✓ Success: 24 products (total available: 72617)
2025-12-07 15:56:00,693 - INFO - [DB] ✓ Saved 24 products with analytics
2025-12-07 15:56:00,693 - INFO - [SAVED] ✓ 24 products
2025-12-07 15:56:02,693 - INFO - [PAGE] 3/3...
2025-12-07 15:56:02,693 - INFO - [RapidAPI] Fetching products: category=1389401031, page=3, country=IN
2025-12-07 15:56:05,671 - INFO - [RapidAPI] ✓ Success: 24 products (total available: 72617)
2025-12-07 15:56:05,677 - INFO - [DB] ✓ Saved 24 products with analytics
2025-12-07 15:56:05,677 - INFO - [SAVED] ✓ 24 products
2025-12-07 15:56:05,677 - INFO - [RESULT] 72 products saved
2025-12-07 15:56:08,677 - INFO - 
[PROGRESS] Category 5/6
2025-12-07 15:56:08,677 - INFO - 
======================================================================
[COLLECT] Toys & Games
2025-12-07 15:56:08,677 - INFO - [PAGE] 1/3...
2025-12-07 15:56:08,677 - INFO - [RapidAPI] Fetching products: category=1350387031, page=1, country=IN
2025-12-07 15:56:13,029 - INFO - [RapidAPI] ✓ Success: 48 products (total available: 45005)
2025-12-07 15:56:13,037 - INFO - [DB] ✓ Saved 48 products with analytics
2025-12-07 15:56:13,037 - INFO - [SAVED] ✓ 48 products
2025-12-07 15:56:15,038 - INFO - [PAGE] 2/3...
2025-12-07 15:56:15,038 - INFO - [RapidAPI] Fetching products: category=1350387031, page=2, country=IN
2025-12-07 15:56:18,971 - INFO - [RapidAPI] ✓ Success: 48 products (total available: 45005)
2025-12-07 15:56:18,980 - INFO - [DB] ✓ Saved 48 products with analytics
2025-12-07 15:56:18,980 - INFO - [SAVED] ✓ 48 products
2025-12-07 15:56:20,980 - INFO - [PAGE] 3/3...
2025-12-07 15:56:20,980 - INFO - [RapidAPI] Fetching products: category=1350387031, page=3, country=IN
2025-12-07 15:56:24,257 - INFO - [RapidAPI] ✓ Success: 48 products (total available: 42945)
2025-12-07 15:56:24,266 - INFO - [DB] ✓ Saved 48 products with analytics
2025-12-07 15:56:24,266 - INFO - [SAVED] ✓ 48 products
2025-12-07 15:56:24,266 - INFO - [RESULT] 144 products saved
2025-12-07 15:56:27,266 - INFO - 
[PROGRESS] Category 6/6
2025-12-07 15:56:27,266 - INFO - 
======================================================================
[COLLECT] Health & Personal Care
2025-12-07 15:56:27,266 - INFO - [PAGE] 1/3...
2025-12-07 15:56:27,266 - INFO - [RapidAPI] Fetching products: category=1350384031, page=1, country=IN
2025-12-07 15:56:30,974 - INFO - [RapidAPI] ✓ Success: 24 products (total available: 77229)
2025-12-07 15:56:30,983 - INFO - [DB] ✓ Saved 24 products with analytics
2025-12-07 15:56:30,983 - INFO - [SAVED] ✓ 24 products
2025-12-07 15:56:32,983 - INFO - [PAGE] 2/3...
2025-12-07 15:56:32,983 - INFO - [RapidAPI] Fetching products: category=1350384031, page=2, country=IN
2025-12-07 15:56:36,178 - INFO - [RapidAPI] ✓ Success: 24 products (total available: 77229)
2025-12-07 15:56:36,184 - INFO - [DB] ✓ Saved 24 products with analytics
2025-12-07 15:56:36,184 - INFO - [SAVED] ✓ 24 products
2025-12-07 15:56:38,184 - INFO - [PAGE] 3/3...
2025-12-07 15:56:38,184 - INFO - [RapidAPI] Fetching products: category=1350384031, page=3, country=IN
2025-12-07 15:56:41,278 - INFO - [RapidAPI] ✓ Success: 24 products (total available: 77229)
2025-12-07 15:56:41,283 - INFO - [DB] ✓ Saved 24 products with analytics
2025-12-07 15:56:41,283 - INFO - [SAVED] ✓ 24 products
2025-12-07 15:56:41,283 - INFO - [RESULT] 72 products saved
2025-12-07 15:56:41,287 - INFO - 
[STATS] Products: 1410, ASINs: 1290
2025-12-07 15:56:41,287 - INFO - [ANALYTICS] Avg Price: ₹2155.07
2025-12-07 15:56:41,287 - INFO - [ANALYTICS] Avg Sales: 168,412,698
2025-12-07 15:56:41,287 - INFO - [COMPLETE] 504 products collected
2025-12-07 15:56:41,287 - INFO - [DB] Disconnected
2025-12-08 15:55:01,420 - INFO - [CONFIG] ✓ Loaded
2025-12-08 15:55:01,421 - INFO - [RapidAPI] Client initialized for host: real-time-amazon-data.p.rapidapi.com
2025-12-08 15:55:01,421 - INFO - [START] Collection starting
2025-12-08 15:55:01,421 - INFO - [DB] Connecting (1/3)...
2025-12-08 15:55:01,443 - INFO - [DB] ✓ Connected
2025-12-08 15:55:01,451 - INFO - [DB] ✓ Tables ready
2025-12-08 15:55:01,451 - INFO - [MODE] Using DATABASE
2025-12-08 15:55:01,451 - INFO - 
[PROGRESS] Category 1/6
2025-12-08 15:55:01,451 - INFO - 
======================================================================
[COLLECT] Baby Products
2025-12-08 15:55:01,451 - INFO - [PAGE] 1/3...
2025-12-08 15:55:01,451 - INFO - [RapidAPI] Fetching products: category=1350380031, page=1, country=IN
2025-12-08 15:55:04,503 - INFO - [RapidAPI] ✓ Success: 24 products (total available: 69545)
2025-12-08 15:55:04,515 - INFO - [DB] ✓ Saved 24 products with analytics
2025-12-08 15:55:04,516 - INFO - [SAVED] ✓ 24 products
2025-12-08 15:55:06,516 - INFO - [PAGE] 2/3...
2025-12-08 15:55:06,516 - INFO - [RapidAPI] Fetching products: category=1350380031, page=2, country=IN
2025-12-08 15:55:09,392 - INFO - [RapidAPI] ✓ Success: 24 products (total available: 69545)
2025-12-08 15:55:09,399 - INFO - [DB] ✓ Saved 24 products with analytics
2025-12-08 15:55:09,399 - INFO - [SAVED] ✓ 24 products
2025-12-08 15:55:11,399 - INFO - [PAGE] 3/3...
2025-12-08 15:55:11,399 - INFO - [RapidAPI] Fetching products: category=1350380031, page=3, country=IN
2025-12-08 15:55:14,260 - INFO - [RapidAPI] ✓ Success: 24 products (total available: 69545)
2025-12-08 15:55:14,267 - INFO - [DB] ✓ Saved 24 products with analytics
2025-12-08 15:55:14,267 - INFO - [SAVED] ✓ 24 products
2025-12-08 15:55:14,267 - INFO - [RESULT] 72 products saved
2025-12-08 15:55:17,267 - INFO - 
[PROGRESS] Category 2/6
2025-12-08 15:55:17,268 - INFO - 
======================================================================
[COLLECT] Electronics
2025-12-08 15:55:17,268 - INFO - [PAGE] 1/3...
2025-12-08 15:55:17,268 - INFO - [RapidAPI] Fetching products: category=976419031, page=1, country=IN
2025-12-08 15:55:20,004 - INFO - [RapidAPI] ✓ Success: 24 products (total available: 72777)
2025-12-08 15:55:20,012 - INFO - [DB] ✓ Saved 24 products with analytics
2025-12-08 15:55:20,012 - INFO - [SAVED] ✓ 24 products
2025-12-08 15:55:22,013 - INFO - [PAGE] 2/3...
2025-12-08 15:55:22,013 - INFO - [RapidAPI] Fetching products: category=976419031, page=2, country=IN
2025-12-08 15:55:24,944 - INFO - [RapidAPI] ✓ Success: 24 products (total available: 76510)
2025-12-08 15:55:24,951 - INFO - [DB] ✓ Saved 24 products with analytics
2025-12-08 15:55:24,951 - INFO - [SAVED] ✓ 24 products
2025-12-08 15:55:26,951 - INFO - [PAGE] 3/3...
2025-12-08 15:55:26,951 - INFO - [RapidAPI] Fetching products: category=976419031, page=3, country=IN
2025-12-08 15:55:29,613 - INFO - [RapidAPI] ✓ Success: 24 products (total available: 76510)
2025-12-08 15:55:29,619 - INFO - [DB] ✓ Saved 24 products with analytics
2025-12-08 15:55:29,620 - INFO - [SAVED] ✓ 24 products
2025-12-08 15:55:29,620 - INFO - [RESULT] 72 products saved
2025-12-08 15:55:32,620 - INFO - 
[PROGRESS] Category 3/6
2025-12-08 15:55:32,620 - INFO - 
======================================================================
[COLLECT] Computers & Accessories
2025-12-08 15:55:32,620 - INFO - [PAGE] 1/3...
2025-12-08 15:55:32,620 - INFO - [RapidAPI] Fetching products: category=976392031, page=1, country=IN
2025-12-08 15:55:35,683 - INFO - [RapidAPI] ✓ Success: 24 products (total available: 69171)
2025-12-08 15:55:35,691 - INFO - [DB] ✓ Saved 24 products with analytics
2025-12-08 15:55:35,691 - INFO - [SAVED] ✓ 24 products
2025-12-08 15:55:37,691 - INFO - [PAGE] 2/3...
2025-12-08 15:55:37,691 - INFO - [RapidAPI] Fetching products: category=976392031, page=2, country=IN
2025-12-08 15:55:40,368 - INFO - [RapidAPI] ✓ Success: 24 products (total available: 69171)
2025-12-08 15:55:40,374 - INFO - [DB] ✓ Saved 24 products with analytics
2025-12-08 15:55:40,374 - INFO - [SAVED] ✓ 24 products
2025-12-08 15:55:42,375 - INFO - [PAGE] 3/3...
2025-12-08 15:55:42,375 - INFO - [RapidAPI] Fetching products: category=976392031, page=3, country=IN
2025-12-08 15:55:45,128 - INFO - [RapidAPI] ✓ Success: 24 products (total available: 69171)
2025-12-08 15:55:45,134 - INFO - [DB] ✓ Saved 24 products with analytics
2025-12-08 15:55:45,134 - INFO - [SAVED] ✓ 24 products
2025-12-08 15:55:45,134 - INFO - [RESULT] 72 products saved
2025-12-08 15:55:48,134 - INFO - 
[PROGRESS] Category 4/6
2025-12-08 15:55:48,134 - INFO - 
======================================================================
[COLLECT] Cell Phones
2025-12-08 15:55:48,134 - INFO - [PAGE] 1/3...
2025-12-08 15:55:48,134 - INFO - [RapidAPI] Fetching products: category=1389401031, page=1, country=IN
2025-12-08 15:55:50,861 - INFO - [RapidAPI] ✓ Success: 24 products (total available: 70761)
2025-12-08 15:55:50,873 - INFO - [DB] ✓ Saved 24 products with analytics
2025-12-08 15:55:50,873 - INFO - [SAVED] ✓ 24 products
2025-12-08 15:55:52,873 - INFO - [PAGE] 2/3...
2025-12-08 15:55:52,873 - INFO - [RapidAPI] Fetching products: category=1389401031, page=2, country=IN
2025-12-08 15:55:55,582 - INFO - [RapidAPI] ✓ Success: 24 products (total available: 70761)
2025-12-08 15:55:55,588 - INFO - [DB] ✓ Saved 24 products with analytics
2025-12-08 15:55:55,588 - INFO - [SAVED] ✓ 24 products
2025-12-08 15:55:57,588 - INFO - [PAGE] 3/3...
2025-12-08 15:55:57,588 - INFO - [RapidAPI] Fetching products: category=1389401031, page=3, country=IN
2025-12-08 15:56:00,627 - INFO - [RapidAPI] ✓ Success: 24 products (total available: 70761)
2025-12-08 15:56:00,633 - INFO - [DB] ✓ Saved 24 products with analytics
2025-12-08 15:56:00,633 - INFO - [SAVED] ✓ 24 products
2025-12-08 15:56:00,633 - INFO - [RESULT] 72 products saved
2025-12-08 15:56:03,633 - INFO - 
[PROGRESS] Category 5/6
2025-12-08 15:56:03,633 - INFO - 
======================================================================
[COLLECT] Toys & Games
2025-12-08 15:56:03,633 - INFO - [PAGE] 1/3...
2025-12-08 15:56:03,633 - INFO - [RapidAPI] Fetching products: category=1350387031, page=1, country=IN
2025-12-08 15:56:06,975 - INFO - [RapidAPI] ✓ Success: 48 products (total available: 47176)
2025-12-08 15:56:06,983 - INFO - [DB] ✓ Saved 48 products with analytics
2025-12-08 15:56:06,983 - INFO - [SAVED] ✓ 48 products
2025-12-08 15:56:08,984 - INFO - [PAGE] 2/3...
2025-12-08 15:56:08,984 - INFO - [RapidAPI] Fetching products: category=1350387031, page=2, country=IN
2025-12-08 15:56:11,979 - INFO - [RapidAPI] ✓ Success: 48 products (total available: 47176)
2025-12-08 15:56:11,988 - INFO - [DB] ✓ Saved 48 products with analytics
2025-12-08 15:56:11,988 - INFO - [SAVED] ✓ 48 products
2025-12-08 15:56:13,988 - INFO - [PAGE] 3/3...
2025-12-08 15:56:13,988 - INFO - [RapidAPI] Fetching products: category=1350387031, page=3, country=IN
2025-12-08 15:56:16,777 - INFO - [RapidAPI] ✓ Success: 48 products (total available: 43280)
2025-12-08 15:56:16,785 - INFO - [DB] ✓ Saved 48 products with analytics
2025-12-08 15:56:16,785 - INFO - [SAVED] ✓ 48 products
2025-12-08 15:56:16,785 - INFO - [RESULT] 144 products saved
2025-12-08 15:56:19,785 - INFO - 
[PROGRESS] Category 6/6
2025-12-08 15:56:19,785 - INFO - 
======================================================================
[COLLECT] Health & Personal Care
2025-12-08 15:56:19,785 - INFO - [PAGE] 1/3...
2025-12-08 15:56:19,785 - INFO - [RapidAPI] Fetching products: category=1350384031, page=1, country=IN
2025-12-08 15:56:22,469 - INFO - [RapidAPI] ✓ Success: 24 products (total available: 74494)
2025-12-08 15:56:22,476 - INFO - [DB] ✓ Saved 24 products with analytics
2025-12-08 15:56:22,476 - INFO - [SAVED] ✓ 24 products
2025-12-08 15:56:24,476 - INFO - [PAGE] 2/3...
2025-12-08 15:56:24,476 - INFO - [RapidAPI] Fetching products: category=1350384031, page=2, country=IN
2025-12-08 15:56:27,470 - INFO - [RapidAPI] ✓ Success: 24 products (total available: 74770)
2025-12-08 15:56:27,479 - INFO - [DB] ✓ Saved 24 products with analytics
2025-12-08 15:56:27,479 - INFO - [SAVED] ✓ 24 products
2025-12-08 15:56:29,479 - INFO - [PAGE] 3/3...
2025-12-08 15:56:29,479 - INFO - [RapidAPI] Fetching products: category=1350384031, page=3, country=IN
2025-12-08 15:56:32,383 - INFO - [RapidAPI] ✓ Success: 24 products (total available: 74494)
2025-12-08 15:56:32,390 - INFO - [DB] ✓ Saved 24 products with analytics
2025-12-08 15:56:32,390 - INFO - [SAVED] ✓ 24 products
2025-12-08 15:56:32,390 - INFO - [RESULT] 72 products saved
2025-12-08 15:56:32,393 - INFO - 
[STATS] Products: 1422, ASINs: 1302
2025-12-08 15:56:32,393 - INFO - [ANALYTICS] Avg Price: ₹2152.16
2025-12-08 15:56:32,393 - INFO - [ANALYTICS] Avg Sales: 169,863,261
2025-12-08 15:56:32,393 - INFO - [COMPLETE] 504 products collected
2025-12-08 15:56:32,393 - INFO - [DB] Disconnected
2025-12-10 15:55:01,968 - INFO - [CONFIG] ✓ Loaded
2025-12-10 15:55:01,969 - INFO - [RapidAPI] Client initialized for host: real-time-amazon-data.p.rapidapi.com
2025-12-10 15:55:01,969 - INFO - [START] Collection starting
2025-12-10 15:55:01,969 - INFO - [DB] Connecting (1/3)...
2025-12-10 15:55:01,989 - INFO - [DB] ✓ Connected
2025-12-10 15:55:01,997 - INFO - [DB] ✓ Tables ready
2025-12-10 15:55:01,998 - INFO - [MODE] Using DATABASE
2025-12-10 15:55:01,998 - INFO - 
[PROGRESS] Category 1/6
2025-12-10 15:55:01,998 - INFO - 
======================================================================
[COLLECT] Baby Products
2025-12-10 15:55:01,998 - INFO - [PAGE] 1/3...
2025-12-10 15:55:01,998 - INFO - [RapidAPI] Fetching products: category=1350380031, page=1, country=IN
2025-12-10 15:55:05,035 - INFO - [RapidAPI] ✓ Success: 24 products (total available: 72862)
2025-12-10 15:55:05,046 - INFO - [DB] ✓ Saved 24 products with analytics
2025-12-10 15:55:05,046 - INFO - [SAVED] ✓ 24 products
2025-12-10 15:55:07,046 - INFO - [PAGE] 2/3...
2025-12-10 15:55:07,047 - INFO - [RapidAPI] Fetching products: category=1350380031, page=2, country=IN
2025-12-10 15:55:10,025 - INFO - [RapidAPI] ✓ Success: 24 products (total available: 73421)
2025-12-10 15:55:10,032 - INFO - [DB] ✓ Saved 24 products with analytics
2025-12-10 15:55:10,032 - INFO - [SAVED] ✓ 24 products
2025-12-10 15:55:12,033 - INFO - [PAGE] 3/3...
2025-12-10 15:55:12,033 - INFO - [RapidAPI] Fetching products: category=1350380031, page=3, country=IN
2025-12-10 15:55:14,914 - INFO - [RapidAPI] ✓ Success: 24 products (total available: 72862)
2025-12-10 15:55:14,920 - INFO - [DB] ✓ Saved 24 products with analytics
2025-12-10 15:55:14,920 - INFO - [SAVED] ✓ 24 products
2025-12-10 15:55:14,920 - INFO - [RESULT] 72 products saved
2025-12-10 15:55:17,920 - INFO - 
[PROGRESS] Category 2/6
2025-12-10 15:55:17,920 - INFO - 
======================================================================
[COLLECT] Electronics
2025-12-10 15:55:17,920 - INFO - [PAGE] 1/3...
2025-12-10 15:55:17,920 - INFO - [RapidAPI] Fetching products: category=976419031, page=1, country=IN
2025-12-10 15:55:20,651 - INFO - [RapidAPI] ✓ Success: 24 products (total available: 73220)
2025-12-10 15:55:20,660 - INFO - [DB] ✓ Saved 24 products with analytics
2025-12-10 15:55:20,660 - INFO - [SAVED] ✓ 24 products
2025-12-10 15:55:22,660 - INFO - [PAGE] 2/3...
2025-12-10 15:55:22,660 - INFO - [RapidAPI] Fetching products: category=976419031, page=2, country=IN
2025-12-10 15:55:25,446 - INFO - [RapidAPI] ✓ Success: 24 products (total available: 73220)
2025-12-10 15:55:25,452 - INFO - [DB] ✓ Saved 24 products with analytics
2025-12-10 15:55:25,452 - INFO - [SAVED] ✓ 24 products
2025-12-10 15:55:27,453 - INFO - [PAGE] 3/3...
2025-12-10 15:55:27,453 - INFO - [RapidAPI] Fetching products: category=976419031, page=3, country=IN
2025-12-10 15:55:30,051 - INFO - [RapidAPI] ✓ Success: 24 products (total available: 73379)
2025-12-10 15:55:30,057 - INFO - [DB] ✓ Saved 24 products with analytics
2025-12-10 15:55:30,057 - INFO - [SAVED] ✓ 24 products
2025-12-10 15:55:30,057 - INFO - [RESULT] 72 products saved
2025-12-10 15:55:33,058 - INFO - 
[PROGRESS] Category 3/6
2025-12-10 15:55:33,058 - INFO - 
======================================================================
[COLLECT] Computers & Accessories
2025-12-10 15:55:33,058 - INFO - [PAGE] 1/3...
2025-12-10 15:55:33,058 - INFO - [RapidAPI] Fetching products: category=976392031, page=1, country=IN
2025-12-10 15:55:36,120 - INFO - [RapidAPI] ✓ Success: 24 products (total available: 71756)
2025-12-10 15:55:36,129 - INFO - [DB] ✓ Saved 24 products with analytics
2025-12-10 15:55:36,129 - INFO - [SAVED] ✓ 24 products
2025-12-10 15:55:38,129 - INFO - [PAGE] 2/3...
2025-12-10 15:55:38,129 - INFO - [RapidAPI] Fetching products: category=976392031, page=2, country=IN
2025-12-10 15:55:41,256 - INFO - [RapidAPI] ✓ Success: 24 products (total available: 71589)
2025-12-10 15:55:41,262 - INFO - [DB] ✓ Saved 24 products with analytics
2025-12-10 15:55:41,262 - INFO - [SAVED] ✓ 24 products
2025-12-10 15:55:43,263 - INFO - [PAGE] 3/3...
2025-12-10 15:55:43,263 - INFO - [RapidAPI] Fetching products: category=976392031, page=3, country=IN
2025-12-10 15:55:46,557 - INFO - [RapidAPI] ✓ Success: 24 products (total available: 71756)
2025-12-10 15:55:46,563 - INFO - [DB] ✓ Saved 24 products with analytics
2025-12-10 15:55:46,564 - INFO - [SAVED] ✓ 24 products
2025-12-10 15:55:46,564 - INFO - [RESULT] 72 products saved
2025-12-10 15:55:49,564 - INFO - 
[PROGRESS] Category 4/6
2025-12-10 15:55:49,564 - INFO - 
======================================================================
[COLLECT] Cell Phones
2025-12-10 15:55:49,564 - INFO - [PAGE] 1/3...
2025-12-10 15:55:49,564 - INFO - [RapidAPI] Fetching products: category=1389401031, page=1, country=IN
2025-12-10 15:55:52,620 - INFO - [RapidAPI] ✓ Success: 24 products (total available: 72486)
2025-12-10 15:55:52,629 - INFO - [DB] ✓ Saved 24 products with analytics
2025-12-10 15:55:52,629 - INFO - [SAVED] ✓ 24 products
2025-12-10 15:55:54,630 - INFO - [PAGE] 2/3...
2025-12-10 15:55:54,630 - INFO - [RapidAPI] Fetching products: category=1389401031, page=2, country=IN
2025-12-10 15:55:55,004 - ERROR - [RapidAPI] HTTP 429: Too Many Requests
2025-12-10 15:55:55,004 - ERROR - [RapidAPI] Response: {"message":"You have exceeded the MONTHLY quota for Requests on your current plan, BASIC. Upgrade your plan at https:\/\/rapidapi.com\/letscrape-6bRBa3QguO5\/api\/real-time-amazon-data"}
2025-12-10 15:55:55,004 - INFO - [RESULT] 24 products saved
2025-12-10 15:55:58,005 - INFO - 
[PROGRESS] Category 5/6
2025-12-10 15:55:58,005 - INFO - 
======================================================================
[COLLECT] Toys & Games
2025-12-10 15:55:58,005 - INFO - [PAGE] 1/3...
2025-12-10 15:55:58,005 - INFO - [RapidAPI] Fetching products: category=1350387031, page=1, country=IN
2025-12-10 15:55:58,370 - ERROR - [RapidAPI] HTTP 429: Too Many Requests
2025-12-10 15:55:58,370 - ERROR - [RapidAPI] Response: {"message":"You have exceeded the MONTHLY quota for Requests on your current plan, BASIC. Upgrade your plan at https:\/\/rapidapi.com\/letscrape-6bRBa3QguO5\/api\/real-time-amazon-data"}
2025-12-10 15:55:58,370 - INFO - [RESULT] 0 products saved
2025-12-10 15:56:01,370 - INFO - 
[PROGRESS] Category 6/6
2025-12-10 15:56:01,371 - INFO - 
======================================================================
[COLLECT] Health & Personal Care
2025-12-10 15:56:01,371 - INFO - [PAGE] 1/3...
2025-12-10 15:56:01,371 - INFO - [RapidAPI] Fetching products: category=1350384031, page=1, country=IN
2025-12-10 15:56:01,691 - ERROR - [RapidAPI] HTTP 429: Too Many Requests
2025-12-10 15:56:01,691 - ERROR - [RapidAPI] Response: {"message":"You have exceeded the MONTHLY quota for Requests on your current plan, BASIC. Upgrade your plan at https:\/\/rapidapi.com\/letscrape-6bRBa3QguO5\/api\/real-time-amazon-data"}
2025-12-10 15:56:01,691 - INFO - [RESULT] 0 products saved
2025-12-10 15:56:01,695 - INFO - 
[STATS] Products: 1443, ASINs: 1321
2025-12-10 15:56:01,695 - INFO - [ANALYTICS] Avg Price: ₹2157.95
2025-12-10 15:56:01,695 - INFO - [ANALYTICS] Avg Sales: 170,031,970
2025-12-10 15:56:01,695 - INFO - [COMPLETE] 240 products collected
2025-12-10 15:56:01,696 - INFO - [DB] Disconnected
2025-12-11 15:55:01,369 - INFO - [CONFIG] ✓ Loaded
2025-12-11 15:55:01,370 - INFO - [RapidAPI] Client initialized for host: real-time-amazon-data.p.rapidapi.com
2025-12-11 15:55:01,370 - INFO - [START] Collection starting
2025-12-11 15:55:01,370 - INFO - [DB] Connecting (1/3)...
2025-12-11 15:55:01,390 - INFO - [DB] ✓ Connected
2025-12-11 15:55:01,396 - INFO - [DB] ✓ Tables ready
2025-12-11 15:55:01,396 - INFO - [MODE] Using DATABASE
2025-12-11 15:55:01,396 - INFO - 
[PROGRESS] Category 1/6
2025-12-11 15:55:01,396 - INFO - 
======================================================================
[COLLECT] Baby Products
2025-12-11 15:55:01,396 - INFO - [PAGE] 1/3...
2025-12-11 15:55:01,396 - INFO - [RapidAPI] Fetching products: category=1350380031, page=1, country=IN
2025-12-11 15:55:01,757 - ERROR - [RapidAPI] HTTP 429: Too Many Requests
2025-12-11 15:55:01,757 - ERROR - [RapidAPI] Response: {"message":"You have exceeded the MONTHLY quota for Requests on your current plan, BASIC. Upgrade your plan at https:\/\/rapidapi.com\/letscrape-6bRBa3QguO5\/api\/real-time-amazon-data"}
2025-12-11 15:55:01,758 - INFO - [RESULT] 0 products saved
2025-12-11 15:55:04,758 - INFO - 
[PROGRESS] Category 2/6
2025-12-11 15:55:04,758 - INFO - 
======================================================================
[COLLECT] Electronics
2025-12-11 15:55:04,758 - INFO - [PAGE] 1/3...
2025-12-11 15:55:04,758 - INFO - [RapidAPI] Fetching products: category=976419031, page=1, country=IN
2025-12-11 15:55:05,179 - ERROR - [RapidAPI] HTTP 429: Too Many Requests
2025-12-11 15:55:05,179 - ERROR - [RapidAPI] Response: {"message":"You have exceeded the MONTHLY quota for Requests on your current plan, BASIC. Upgrade your plan at https:\/\/rapidapi.com\/letscrape-6bRBa3QguO5\/api\/real-time-amazon-data"}
2025-12-11 15:55:05,179 - INFO - [RESULT] 0 products saved
2025-12-11 15:55:08,180 - INFO - 
[PROGRESS] Category 3/6
2025-12-11 15:55:08,180 - INFO - 
======================================================================
[COLLECT] Computers & Accessories
2025-12-11 15:55:08,180 - INFO - [PAGE] 1/3...
2025-12-11 15:55:08,180 - INFO - [RapidAPI] Fetching products: category=976392031, page=1, country=IN
2025-12-11 15:55:08,536 - ERROR - [RapidAPI] HTTP 429: Too Many Requests
2025-12-11 15:55:08,536 - ERROR - [RapidAPI] Response: {"message":"You have exceeded the MONTHLY quota for Requests on your current plan, BASIC. Upgrade your plan at https:\/\/rapidapi.com\/letscrape-6bRBa3QguO5\/api\/real-time-amazon-data"}
2025-12-11 15:55:08,537 - INFO - [RESULT] 0 products saved
2025-12-11 15:55:11,537 - INFO - 
[PROGRESS] Category 4/6
2025-12-11 15:55:11,537 - INFO - 
======================================================================
[COLLECT] Cell Phones
2025-12-11 15:55:11,537 - INFO - [PAGE] 1/3...
2025-12-11 15:55:11,537 - INFO - [RapidAPI] Fetching products: category=1389401031, page=1, country=IN
2025-12-11 15:55:11,849 - ERROR - [RapidAPI] HTTP 429: Too Many Requests
2025-12-11 15:55:11,849 - ERROR - [RapidAPI] Response: {"message":"You have exceeded the MONTHLY quota for Requests on your current plan, BASIC. Upgrade your plan at https:\/\/rapidapi.com\/letscrape-6bRBa3QguO5\/api\/real-time-amazon-data"}
2025-12-11 15:55:11,849 - INFO - [RESULT] 0 products saved
2025-12-11 15:55:14,850 - INFO - 
[PROGRESS] Category 5/6
2025-12-11 15:55:14,850 - INFO - 
======================================================================
[COLLECT] Toys & Games
2025-12-11 15:55:14,850 - INFO - [PAGE] 1/3...
2025-12-11 15:55:14,850 - INFO - [RapidAPI] Fetching products: category=1350387031, page=1, country=IN
2025-12-11 15:55:15,160 - ERROR - [RapidAPI] HTTP 429: Too Many Requests
2025-12-11 15:55:15,160 - ERROR - [RapidAPI] Response: {"message":"You have exceeded the MONTHLY quota for Requests on your current plan, BASIC. Upgrade your plan at https:\/\/rapidapi.com\/letscrape-6bRBa3QguO5\/api\/real-time-amazon-data"}
2025-12-11 15:55:15,161 - INFO - [RESULT] 0 products saved
2025-12-11 15:55:18,161 - INFO - 
[PROGRESS] Category 6/6
2025-12-11 15:55:18,161 - INFO - 
======================================================================
[COLLECT] Health & Personal Care
2025-12-11 15:55:18,161 - INFO - [PAGE] 1/3...
2025-12-11 15:55:18,161 - INFO - [RapidAPI] Fetching products: category=1350384031, page=1, country=IN
2025-12-11 15:55:18,480 - ERROR - [RapidAPI] HTTP 429: Too Many Requests
2025-12-11 15:55:18,481 - ERROR - [RapidAPI] Response: {"message":"You have exceeded the MONTHLY quota for Requests on your current plan, BASIC. Upgrade your plan at https:\/\/rapidapi.com\/letscrape-6bRBa3QguO5\/api\/real-time-amazon-data"}
2025-12-11 15:55:18,481 - INFO - [RESULT] 0 products saved
2025-12-11 15:55:18,485 - INFO - 
[STATS] Products: 1443, ASINs: 1321
2025-12-11 15:55:18,486 - INFO - [ANALYTICS] Avg Price: ₹2157.95
2025-12-11 15:55:18,486 - INFO - [ANALYTICS] Avg Sales: 170,031,970
2025-12-11 15:55:18,486 - INFO - [COMPLETE] 0 products collected
2025-12-11 15:55:18,486 - INFO - [DB] Disconnected
2025-12-12 15:55:01,599 - INFO - [CONFIG] ✓ Loaded
2025-12-12 15:55:01,600 - INFO - [RapidAPI] Client initialized for host: real-time-amazon-data.p.rapidapi.com
2025-12-12 15:55:01,600 - INFO - [START] Collection starting
2025-12-12 15:55:01,600 - INFO - [DB] Connecting (1/3)...
2025-12-12 15:55:01,624 - INFO - [DB] ✓ Connected
2025-12-12 15:55:01,628 - INFO - [DB] ✓ Tables ready
2025-12-12 15:55:01,628 - INFO - [MODE] Using DATABASE
2025-12-12 15:55:01,628 - INFO - 
[PROGRESS] Category 1/6
2025-12-12 15:55:01,628 - INFO - 
======================================================================
[COLLECT] Baby Products
2025-12-12 15:55:01,628 - INFO - [PAGE] 1/3...
2025-12-12 15:55:01,628 - INFO - [RapidAPI] Fetching products: category=1350380031, page=1, country=IN
2025-12-12 15:55:02,850 - ERROR - [RapidAPI] HTTP 429: Too Many Requests
2025-12-12 15:55:02,850 - ERROR - [RapidAPI] Response: {"message":"You have exceeded the MONTHLY quota for Requests on your current plan, BASIC. Upgrade your plan at https:\/\/rapidapi.com\/letscrape-6bRBa3QguO5\/api\/real-time-amazon-data"}
2025-12-12 15:55:02,850 - INFO - [RESULT] 0 products saved
2025-12-12 15:55:05,851 - INFO - 
[PROGRESS] Category 2/6
2025-12-12 15:55:05,851 - INFO - 
======================================================================
[COLLECT] Electronics
2025-12-12 15:55:05,851 - INFO - [PAGE] 1/3...
2025-12-12 15:55:05,851 - INFO - [RapidAPI] Fetching products: category=976419031, page=1, country=IN
2025-12-12 15:55:06,604 - ERROR - [RapidAPI] HTTP 429: Too Many Requests
2025-12-12 15:55:06,604 - ERROR - [RapidAPI] Response: {"message":"You have exceeded the MONTHLY quota for Requests on your current plan, BASIC. Upgrade your plan at https:\/\/rapidapi.com\/letscrape-6bRBa3QguO5\/api\/real-time-amazon-data"}
2025-12-12 15:55:06,604 - INFO - [RESULT] 0 products saved
2025-12-12 15:55:09,605 - INFO - 
[PROGRESS] Category 3/6
2025-12-12 15:55:09,605 - INFO - 
======================================================================
[COLLECT] Computers & Accessories
2025-12-12 15:55:09,605 - INFO - [PAGE] 1/3...
2025-12-12 15:55:09,605 - INFO - [RapidAPI] Fetching products: category=976392031, page=1, country=IN
2025-12-12 15:55:10,002 - ERROR - [RapidAPI] HTTP 429: Too Many Requests
2025-12-12 15:55:10,002 - ERROR - [RapidAPI] Response: {"message":"You have exceeded the MONTHLY quota for Requests on your current plan, BASIC. Upgrade your plan at https:\/\/rapidapi.com\/letscrape-6bRBa3QguO5\/api\/real-time-amazon-data"}
2025-12-12 15:55:10,003 - INFO - [RESULT] 0 products saved
2025-12-12 15:55:13,003 - INFO - 
[PROGRESS] Category 4/6
2025-12-12 15:55:13,003 - INFO - 
======================================================================
[COLLECT] Cell Phones
2025-12-12 15:55:13,003 - INFO - [PAGE] 1/3...
2025-12-12 15:55:13,003 - INFO - [RapidAPI] Fetching products: category=1389401031, page=1, country=IN
2025-12-12 15:55:13,403 - ERROR - [RapidAPI] HTTP 429: Too Many Requests
2025-12-12 15:55:13,403 - ERROR - [RapidAPI] Response: {"message":"You have exceeded the MONTHLY quota for Requests on your current plan, BASIC. Upgrade your plan at https:\/\/rapidapi.com\/letscrape-6bRBa3QguO5\/api\/real-time-amazon-data"}
2025-12-12 15:55:13,404 - INFO - [RESULT] 0 products saved
2025-12-12 15:55:16,404 - INFO - 
[PROGRESS] Category 5/6
2025-12-12 15:55:16,404 - INFO - 
======================================================================
[COLLECT] Toys & Games
2025-12-12 15:55:16,404 - INFO - [PAGE] 1/3...
2025-12-12 15:55:16,404 - INFO - [RapidAPI] Fetching products: category=1350387031, page=1, country=IN
2025-12-12 15:55:16,733 - ERROR - [RapidAPI] HTTP 429: Too Many Requests
2025-12-12 15:55:16,733 - ERROR - [RapidAPI] Response: {"message":"You have exceeded the MONTHLY quota for Requests on your current plan, BASIC. Upgrade your plan at https:\/\/rapidapi.com\/letscrape-6bRBa3QguO5\/api\/real-time-amazon-data"}
2025-12-12 15:55:16,733 - INFO - [RESULT] 0 products saved
2025-12-12 15:55:19,733 - INFO - 
[PROGRESS] Category 6/6
2025-12-12 15:55:19,733 - INFO - 
======================================================================
[COLLECT] Health & Personal Care
2025-12-12 15:55:19,734 - INFO - [PAGE] 1/3...
2025-12-12 15:55:19,734 - INFO - [RapidAPI] Fetching products: category=1350384031, page=1, country=IN
2025-12-12 15:55:20,074 - ERROR - [RapidAPI] HTTP 429: Too Many Requests
2025-12-12 15:55:20,074 - ERROR - [RapidAPI] Response: {"message":"You have exceeded the MONTHLY quota for Requests on your current plan, BASIC. Upgrade your plan at https:\/\/rapidapi.com\/letscrape-6bRBa3QguO5\/api\/real-time-amazon-data"}
2025-12-12 15:55:20,074 - INFO - [RESULT] 0 products saved
2025-12-12 15:55:20,079 - INFO - 
[STATS] Products: 1443, ASINs: 1321
2025-12-12 15:55:20,079 - INFO - [ANALYTICS] Avg Price: ₹2157.95
2025-12-12 15:55:20,079 - INFO - [ANALYTICS] Avg Sales: 170,031,970
2025-12-12 15:55:20,079 - INFO - [COMPLETE] 0 products collected
2025-12-12 15:55:20,079 - INFO - [DB] Disconnected
2025-12-13 15:55:01,175 - INFO - [CONFIG] ✓ Loaded
2025-12-13 15:55:01,175 - INFO - [RapidAPI] Client initialized for host: real-time-amazon-data.p.rapidapi.com
2025-12-13 15:55:01,175 - INFO - [START] Collection starting
2025-12-13 15:55:01,175 - INFO - [DB] Connecting (1/3)...
2025-12-13 15:55:01,184 - INFO - [DB] ✓ Connected
2025-12-13 15:55:01,188 - INFO - [DB] ✓ Tables ready
2025-12-13 15:55:01,189 - INFO - [MODE] Using DATABASE
2025-12-13 15:55:01,189 - INFO - 
[PROGRESS] Category 1/6
2025-12-13 15:55:01,189 - INFO - 
======================================================================
[COLLECT] Baby Products
2025-12-13 15:55:01,189 - INFO - [PAGE] 1/3...
2025-12-13 15:55:01,189 - INFO - [RapidAPI] Fetching products: category=1350380031, page=1, country=IN
2025-12-13 15:55:01,811 - ERROR - [RapidAPI] HTTP 429: Too Many Requests
2025-12-13 15:55:01,811 - ERROR - [RapidAPI] Response: {"message":"You have exceeded the MONTHLY quota for Requests on your current plan, BASIC. Upgrade your plan at https:\/\/rapidapi.com\/letscrape-6bRBa3QguO5\/api\/real-time-amazon-data"}
2025-12-13 15:55:01,812 - INFO - [RESULT] 0 products saved
2025-12-13 15:55:04,812 - INFO - 
[PROGRESS] Category 2/6
2025-12-13 15:55:04,812 - INFO - 
======================================================================
[COLLECT] Electronics
2025-12-13 15:55:04,812 - INFO - [PAGE] 1/3...
2025-12-13 15:55:04,812 - INFO - [RapidAPI] Fetching products: category=976419031, page=1, country=IN
2025-12-13 15:55:05,342 - ERROR - [RapidAPI] HTTP 429: Too Many Requests
2025-12-13 15:55:05,342 - ERROR - [RapidAPI] Response: {"message":"You have exceeded the MONTHLY quota for Requests on your current plan, BASIC. Upgrade your plan at https:\/\/rapidapi.com\/letscrape-6bRBa3QguO5\/api\/real-time-amazon-data"}
2025-12-13 15:55:05,343 - INFO - [RESULT] 0 products saved
2025-12-13 15:55:08,343 - INFO - 
[PROGRESS] Category 3/6
2025-12-13 15:55:08,343 - INFO - 
======================================================================
[COLLECT] Computers & Accessories
2025-12-13 15:55:08,343 - INFO - [PAGE] 1/3...
2025-12-13 15:55:08,343 - INFO - [RapidAPI] Fetching products: category=976392031, page=1, country=IN
2025-12-13 15:55:08,757 - ERROR - [RapidAPI] HTTP 429: Too Many Requests
2025-12-13 15:55:08,758 - ERROR - [RapidAPI] Response: {"message":"You have exceeded the MONTHLY quota for Requests on your current plan, BASIC. Upgrade your plan at https:\/\/rapidapi.com\/letscrape-6bRBa3QguO5\/api\/real-time-amazon-data"}
2025-12-13 15:55:08,758 - INFO - [RESULT] 0 products saved
2025-12-13 15:55:11,758 - INFO - 
[PROGRESS] Category 4/6
2025-12-13 15:55:11,758 - INFO - 
======================================================================
[COLLECT] Cell Phones
2025-12-13 15:55:11,759 - INFO - [PAGE] 1/3...
2025-12-13 15:55:11,759 - INFO - [RapidAPI] Fetching products: category=1389401031, page=1, country=IN
2025-12-13 15:55:12,119 - ERROR - [RapidAPI] HTTP 429: Too Many Requests
2025-12-13 15:55:12,119 - ERROR - [RapidAPI] Response: {"message":"You have exceeded the MONTHLY quota for Requests on your current plan, BASIC. Upgrade your plan at https:\/\/rapidapi.com\/letscrape-6bRBa3QguO5\/api\/real-time-amazon-data"}
2025-12-13 15:55:12,119 - INFO - [RESULT] 0 products saved
2025-12-13 15:55:15,120 - INFO - 
[PROGRESS] Category 5/6
2025-12-13 15:55:15,120 - INFO - 
======================================================================
[COLLECT] Toys & Games
2025-12-13 15:55:15,120 - INFO - [PAGE] 1/3...
2025-12-13 15:55:15,120 - INFO - [RapidAPI] Fetching products: category=1350387031, page=1, country=IN
2025-12-13 15:55:15,542 - ERROR - [RapidAPI] HTTP 429: Too Many Requests
2025-12-13 15:55:15,543 - ERROR - [RapidAPI] Response: {"message":"You have exceeded the MONTHLY quota for Requests on your current plan, BASIC. Upgrade your plan at https:\/\/rapidapi.com\/letscrape-6bRBa3QguO5\/api\/real-time-amazon-data"}
2025-12-13 15:55:15,543 - INFO - [RESULT] 0 products saved
2025-12-13 15:55:18,543 - INFO - 
[PROGRESS] Category 6/6
2025-12-13 15:55:18,543 - INFO - 
======================================================================
[COLLECT] Health & Personal Care
2025-12-13 15:55:18,543 - INFO - [PAGE] 1/3...
2025-12-13 15:55:18,543 - INFO - [RapidAPI] Fetching products: category=1350384031, page=1, country=IN
2025-12-13 15:55:18,954 - ERROR - [RapidAPI] HTTP 429: Too Many Requests
2025-12-13 15:55:18,954 - ERROR - [RapidAPI] Response: {"message":"You have exceeded the MONTHLY quota for Requests on your current plan, BASIC. Upgrade your plan at https:\/\/rapidapi.com\/letscrape-6bRBa3QguO5\/api\/real-time-amazon-data"}
2025-12-13 15:55:18,954 - INFO - [RESULT] 0 products saved
2025-12-13 15:55:18,959 - INFO - 
[STATS] Products: 1443, ASINs: 1321
2025-12-13 15:55:18,959 - INFO - [ANALYTICS] Avg Price: ₹2157.95
2025-12-13 15:55:18,959 - INFO - [ANALYTICS] Avg Sales: 170,031,970
2025-12-13 15:55:18,959 - INFO - [COMPLETE] 0 products collected
2025-12-13 15:55:18,959 - INFO - [DB] Disconnected
2025-12-14 15:55:02,061 - INFO - [CONFIG] ✓ Loaded
2025-12-14 15:55:02,061 - INFO - [RapidAPI] Client initialized for host: real-time-amazon-data.p.rapidapi.com
2025-12-14 15:55:02,061 - INFO - [START] Collection starting
2025-12-14 15:55:02,061 - INFO - [DB] Connecting (1/3)...
2025-12-14 15:55:02,070 - INFO - [DB] ✓ Connected
2025-12-14 15:55:02,075 - INFO - [DB] ✓ Tables ready
2025-12-14 15:55:02,075 - INFO - [MODE] Using DATABASE
2025-12-14 15:55:02,075 - INFO - 
[PROGRESS] Category 1/6
2025-12-14 15:55:02,075 - INFO - 
======================================================================
[COLLECT] Baby Products
2025-12-14 15:55:02,075 - INFO - [PAGE] 1/3...
2025-12-14 15:55:02,075 - INFO - [RapidAPI] Fetching products: category=1350380031, page=1, country=IN
2025-12-14 15:55:02,442 - ERROR - [RapidAPI] HTTP 429: Too Many Requests
2025-12-14 15:55:02,442 - ERROR - [RapidAPI] Response: {"message":"You have exceeded the MONTHLY quota for Requests on your current plan, BASIC. Upgrade your plan at https:\/\/rapidapi.com\/letscrape-6bRBa3QguO5\/api\/real-time-amazon-data"}
2025-12-14 15:55:02,443 - INFO - [RESULT] 0 products saved
2025-12-14 15:55:05,443 - INFO - 
[PROGRESS] Category 2/6
2025-12-14 15:55:05,443 - INFO - 
======================================================================
[COLLECT] Electronics
2025-12-14 15:55:05,443 - INFO - [PAGE] 1/3...
2025-12-14 15:55:05,443 - INFO - [RapidAPI] Fetching products: category=976419031, page=1, country=IN
2025-12-14 15:55:05,856 - ERROR - [RapidAPI] HTTP 429: Too Many Requests
2025-12-14 15:55:05,856 - ERROR - [RapidAPI] Response: {"message":"You have exceeded the MONTHLY quota for Requests on your current plan, BASIC. Upgrade your plan at https:\/\/rapidapi.com\/letscrape-6bRBa3QguO5\/api\/real-time-amazon-data"}
2025-12-14 15:55:05,857 - INFO - [RESULT] 0 products saved
2025-12-14 15:55:08,857 - INFO - 
[PROGRESS] Category 3/6
2025-12-14 15:55:08,857 - INFO - 
======================================================================
[COLLECT] Computers & Accessories
2025-12-14 15:55:08,857 - INFO - [PAGE] 1/3...
2025-12-14 15:55:08,857 - INFO - [RapidAPI] Fetching products: category=976392031, page=1, country=IN
2025-12-14 15:55:09,207 - ERROR - [RapidAPI] HTTP 429: Too Many Requests
2025-12-14 15:55:09,207 - ERROR - [RapidAPI] Response: {"message":"You have exceeded the MONTHLY quota for Requests on your current plan, BASIC. Upgrade your plan at https:\/\/rapidapi.com\/letscrape-6bRBa3QguO5\/api\/real-time-amazon-data"}
2025-12-14 15:55:09,207 - INFO - [RESULT] 0 products saved
2025-12-14 15:55:12,208 - INFO - 
[PROGRESS] Category 4/6
2025-12-14 15:55:12,208 - INFO - 
======================================================================
[COLLECT] Cell Phones
2025-12-14 15:55:12,208 - INFO - [PAGE] 1/3...
2025-12-14 15:55:12,208 - INFO - [RapidAPI] Fetching products: category=1389401031, page=1, country=IN
2025-12-14 15:55:12,514 - ERROR - [RapidAPI] HTTP 429: Too Many Requests
2025-12-14 15:55:12,514 - ERROR - [RapidAPI] Response: {"message":"You have exceeded the MONTHLY quota for Requests on your current plan, BASIC. Upgrade your plan at https:\/\/rapidapi.com\/letscrape-6bRBa3QguO5\/api\/real-time-amazon-data"}
2025-12-14 15:55:12,515 - INFO - [RESULT] 0 products saved
2025-12-14 15:55:15,515 - INFO - 
[PROGRESS] Category 5/6
2025-12-14 15:55:15,515 - INFO - 
======================================================================
[COLLECT] Toys & Games
2025-12-14 15:55:15,515 - INFO - [PAGE] 1/3...
2025-12-14 15:55:15,515 - INFO - [RapidAPI] Fetching products: category=1350387031, page=1, country=IN
2025-12-14 15:55:15,878 - ERROR - [RapidAPI] HTTP 429: Too Many Requests
2025-12-14 15:55:15,878 - ERROR - [RapidAPI] Response: {"message":"You have exceeded the MONTHLY quota for Requests on your current plan, BASIC. Upgrade your plan at https:\/\/rapidapi.com\/letscrape-6bRBa3QguO5\/api\/real-time-amazon-data"}
2025-12-14 15:55:15,878 - INFO - [RESULT] 0 products saved
2025-12-14 15:55:18,879 - INFO - 
[PROGRESS] Category 6/6
2025-12-14 15:55:18,879 - INFO - 
======================================================================
[COLLECT] Health & Personal Care
2025-12-14 15:55:18,879 - INFO - [PAGE] 1/3...
2025-12-14 15:55:18,879 - INFO - [RapidAPI] Fetching products: category=1350384031, page=1, country=IN
2025-12-14 15:55:19,193 - ERROR - [RapidAPI] HTTP 429: Too Many Requests
2025-12-14 15:55:19,193 - ERROR - [RapidAPI] Response: {"message":"You have exceeded the MONTHLY quota for Requests on your current plan, BASIC. Upgrade your plan at https:\/\/rapidapi.com\/letscrape-6bRBa3QguO5\/api\/real-time-amazon-data"}
2025-12-14 15:55:19,194 - INFO - [RESULT] 0 products saved
2025-12-14 15:55:19,198 - INFO - 
[STATS] Products: 1443, ASINs: 1321
2025-12-14 15:55:19,198 - INFO - [ANALYTICS] Avg Price: ₹2157.95
2025-12-14 15:55:19,198 - INFO - [ANALYTICS] Avg Sales: 170,031,970
2025-12-14 15:55:19,198 - INFO - [COMPLETE] 0 products collected
2025-12-14 15:55:19,198 - INFO - [DB] Disconnected
2025-12-15 15:55:01,297 - INFO - [CONFIG] Loaded - Amazon: True, Flipkart: True
2025-12-15 15:55:01,297 - INFO - [INIT] Amazon API client initialized
2025-12-15 15:55:01,298 - INFO - [INIT] Flipkart API client initialized
2025-12-15 15:55:01,298 - INFO - [START] Multi-platform collection starting
2025-12-15 15:55:01,298 - INFO - [DB] Connecting (attempt 1/3)...
2025-12-15 15:55:01,306 - INFO - [DB] Connected successfully
2025-12-15 15:55:01,317 - INFO - [DB] Tables created successfully (rapidapi_amazon_products & rapidapi_flipkart_products)
2025-12-15 15:55:01,317 - INFO - 
######################################################################
[AMAZON] Starting Amazon collection
######################################################################
2025-12-15 15:55:01,317 - INFO - 
[AMAZON] Category 1/9
2025-12-15 15:55:01,317 - INFO - 
======================================================================
[AMAZON] Collecting Baby Products
2025-12-15 15:55:01,317 - INFO - [AMAZON] Page 1/3...
2025-12-15 15:55:01,918 - ERROR - RapidAPI HTTP 429: b'{"message":"You have exceeded the MONTHLY quota for Requests on your current plan, BASIC. Upgrade your plan at https:\\/\\/rapidapi.com\\/letscrape-6bRBa3QguO5\\/api\\/real-time-amazon-data"}'
2025-12-15 15:55:01,918 - INFO - [AMAZON] Total: 0 products saved for Baby Products
2025-12-15 15:55:04,918 - INFO - 
[AMAZON] Category 2/9
2025-12-15 15:55:04,919 - INFO - 
======================================================================
[AMAZON] Collecting Electronics
2025-12-15 15:55:04,919 - INFO - [AMAZON] Page 1/3...
2025-12-15 15:55:05,333 - ERROR - RapidAPI HTTP 429: b'{"message":"You have exceeded the MONTHLY quota for Requests on your current plan, BASIC. Upgrade your plan at https:\\/\\/rapidapi.com\\/letscrape-6bRBa3QguO5\\/api\\/real-time-amazon-data"}'
2025-12-15 15:55:05,333 - INFO - [AMAZON] Total: 0 products saved for Electronics
2025-12-15 15:55:08,334 - INFO - 
[AMAZON] Category 3/9
2025-12-15 15:55:08,334 - INFO - 
======================================================================
[AMAZON] Collecting Computers & Accessories
2025-12-15 15:55:08,334 - INFO - [AMAZON] Page 1/3...
2025-12-15 15:55:08,688 - ERROR - RapidAPI HTTP 429: b'{"message":"You have exceeded the MONTHLY quota for Requests on your current plan, BASIC. Upgrade your plan at https:\\/\\/rapidapi.com\\/letscrape-6bRBa3QguO5\\/api\\/real-time-amazon-data"}'
2025-12-15 15:55:08,688 - INFO - [AMAZON] Total: 0 products saved for Computers & Accessories
2025-12-15 15:55:11,688 - INFO - 
[AMAZON] Category 4/9
2025-12-15 15:55:11,688 - INFO - 
======================================================================
[AMAZON] Collecting Cell Phones
2025-12-15 15:55:11,689 - INFO - [AMAZON] Page 1/3...
2025-12-15 15:55:12,053 - ERROR - RapidAPI HTTP 429: b'{"message":"You have exceeded the MONTHLY quota for Requests on your current plan, BASIC. Upgrade your plan at https:\\/\\/rapidapi.com\\/letscrape-6bRBa3QguO5\\/api\\/real-time-amazon-data"}'
2025-12-15 15:55:12,053 - INFO - [AMAZON] Total: 0 products saved for Cell Phones
2025-12-15 15:55:15,054 - INFO - 
[AMAZON] Category 5/9
2025-12-15 15:55:15,054 - INFO - 
======================================================================
[AMAZON] Collecting Toys & Games
2025-12-15 15:55:15,054 - INFO - [AMAZON] Page 1/3...
2025-12-15 15:55:15,420 - ERROR - RapidAPI HTTP 429: b'{"message":"You have exceeded the MONTHLY quota for Requests on your current plan, BASIC. Upgrade your plan at https:\\/\\/rapidapi.com\\/letscrape-6bRBa3QguO5\\/api\\/real-time-amazon-data"}'
2025-12-15 15:55:15,421 - INFO - [AMAZON] Total: 0 products saved for Toys & Games
2025-12-15 15:55:18,421 - INFO - 
[AMAZON] Category 6/9
2025-12-15 15:55:18,421 - INFO - 
======================================================================
[AMAZON] Collecting Health & Personal Care
2025-12-15 15:55:18,421 - INFO - [AMAZON] Page 1/3...
2025-12-15 15:55:18,781 - ERROR - RapidAPI HTTP 429: b'{"message":"You have exceeded the MONTHLY quota for Requests on your current plan, BASIC. Upgrade your plan at https:\\/\\/rapidapi.com\\/letscrape-6bRBa3QguO5\\/api\\/real-time-amazon-data"}'
2025-12-15 15:55:18,781 - INFO - [AMAZON] Total: 0 products saved for Health & Personal Care
2025-12-15 15:55:21,782 - INFO - 
[AMAZON] Category 7/9
2025-12-15 15:55:21,782 - INFO - 
======================================================================
[AMAZON] Collecting Video Games
2025-12-15 15:55:21,782 - INFO - [AMAZON] Page 1/3...
2025-12-15 15:55:22,194 - ERROR - RapidAPI HTTP 429: b'{"message":"You have exceeded the MONTHLY quota for Requests on your current plan, BASIC. Upgrade your plan at https:\\/\\/rapidapi.com\\/letscrape-6bRBa3QguO5\\/api\\/real-time-amazon-data"}'
2025-12-15 15:55:22,195 - INFO - [AMAZON] Total: 0 products saved for Video Games
2025-12-15 15:55:25,195 - INFO - 
[AMAZON] Category 8/9
2025-12-15 15:55:25,195 - INFO - 
======================================================================
[AMAZON] Collecting Pet Supplies
2025-12-15 15:55:25,195 - INFO - [AMAZON] Page 1/3...
2025-12-15 15:55:25,562 - ERROR - RapidAPI HTTP 429: b'{"message":"You have exceeded the MONTHLY quota for Requests on your current plan, BASIC. Upgrade your plan at https:\\/\\/rapidapi.com\\/letscrape-6bRBa3QguO5\\/api\\/real-time-amazon-data"}'
2025-12-15 15:55:25,562 - INFO - [AMAZON] Total: 0 products saved for Pet Supplies
2025-12-15 15:55:28,563 - INFO - 
[AMAZON] Category 9/9
2025-12-15 15:55:28,563 - INFO - 
======================================================================
[AMAZON] Collecting Beauty
2025-12-15 15:55:28,563 - INFO - [AMAZON] Page 1/3...
2025-12-15 15:55:28,980 - ERROR - RapidAPI HTTP 429: b'{"message":"You have exceeded the MONTHLY quota for Requests on your current plan, BASIC. Upgrade your plan at https:\\/\\/rapidapi.com\\/letscrape-6bRBa3QguO5\\/api\\/real-time-amazon-data"}'
2025-12-15 15:55:28,981 - INFO - [AMAZON] Total: 0 products saved for Beauty
2025-12-15 15:55:28,981 - INFO - 
######################################################################
[FLIPKART] Starting Flipkart collection
######################################################################
2025-12-15 15:55:28,981 - INFO - 
[FLIPKART] Category 1/5
2025-12-15 15:55:28,981 - INFO - 
======================================================================
[FLIPKART] Collecting Mobiles
2025-12-15 15:55:28,981 - INFO - [FLIPKART] Page 1/3...
2025-12-15 15:55:33,278 - INFO - [DB] COMMITTED 40 Flipkart products
2025-12-15 15:55:33,278 - INFO - [DB] VERIFIED: 40 Flipkart records updated
2025-12-15 15:55:33,278 - INFO - [FLIPKART] Saved 40 products
2025-12-15 15:55:35,278 - INFO - [FLIPKART] Page 2/3...
2025-12-15 15:55:40,890 - INFO - [DB] COMMITTED 40 Flipkart products
2025-12-15 15:55:40,891 - INFO - [DB] VERIFIED: 61 Flipkart records updated
2025-12-15 15:55:40,891 - INFO - [FLIPKART] Saved 40 products
2025-12-15 15:55:42,891 - INFO - [FLIPKART] Page 3/3...
2025-12-15 15:55:46,318 - INFO - [DB] COMMITTED 40 Flipkart products
2025-12-15 15:55:46,319 - INFO - [DB] VERIFIED: 81 Flipkart records updated
2025-12-15 15:55:46,319 - INFO - [FLIPKART] Saved 40 products
2025-12-15 15:55:46,319 - INFO - [FLIPKART] Total: 120 products saved for Mobiles
2025-12-15 15:55:49,319 - INFO - 
[FLIPKART] Category 2/5
2025-12-15 15:55:49,319 - INFO - 
======================================================================
[FLIPKART] Collecting Electronics
2025-12-15 15:55:49,320 - INFO - [FLIPKART] Page 1/3...
2025-12-15 15:55:53,674 - INFO - [DB] COMMITTED 40 Flipkart products
2025-12-15 15:55:53,675 - INFO - [DB] VERIFIED: 121 Flipkart records updated
2025-12-15 15:55:53,675 - INFO - [FLIPKART] Saved 40 products
2025-12-15 15:55:55,675 - INFO - [FLIPKART] Page 2/3...
2025-12-15 15:56:00,023 - INFO - [DB] COMMITTED 40 Flipkart products
2025-12-15 15:56:00,024 - INFO - [DB] VERIFIED: 141 Flipkart records updated
2025-12-15 15:56:00,024 - INFO - [FLIPKART] Saved 40 products
2025-12-15 15:56:02,024 - INFO - [FLIPKART] Page 3/3...
2025-12-15 15:56:05,382 - INFO - [DB] COMMITTED 40 Flipkart products
2025-12-15 15:56:05,383 - INFO - [DB] VERIFIED: 161 Flipkart records updated
2025-12-15 15:56:05,383 - INFO - [FLIPKART] Saved 40 products
2025-12-15 15:56:05,383 - INFO - [FLIPKART] Total: 120 products saved for Electronics
2025-12-15 15:56:08,383 - INFO - 
[FLIPKART] Category 3/5
2025-12-15 15:56:08,383 - INFO - 
======================================================================
[FLIPKART] Collecting Clothing
2025-12-15 15:56:08,383 - INFO - [FLIPKART] Page 1/3...
2025-12-15 15:56:16,327 - INFO - [DB] COMMITTED 40 Flipkart products
2025-12-15 15:56:16,328 - INFO - [DB] VERIFIED: 201 Flipkart records updated
2025-12-15 15:56:16,328 - INFO - [FLIPKART] Saved 40 products
2025-12-15 15:56:18,328 - INFO - [FLIPKART] Page 2/3...
2025-12-15 15:56:26,164 - INFO - [DB] COMMITTED 40 Flipkart products
2025-12-15 15:56:26,165 - INFO - [DB] VERIFIED: 222 Flipkart records updated
2025-12-15 15:56:26,165 - INFO - [FLIPKART] Saved 40 products
2025-12-15 15:56:28,165 - INFO - [FLIPKART] Page 3/3...
2025-12-15 15:56:34,197 - INFO - [DB] COMMITTED 40 Flipkart products
2025-12-15 15:56:34,198 - INFO - [DB] VERIFIED: 201 Flipkart records updated
2025-12-15 15:56:34,198 - INFO - [FLIPKART] Saved 40 products
2025-12-15 15:56:34,198 - INFO - [FLIPKART] Total: 120 products saved for Clothing
2025-12-15 15:56:37,198 - INFO - 
[FLIPKART] Category 4/5
2025-12-15 15:56:37,198 - INFO - 
======================================================================
[FLIPKART] Collecting Home
2025-12-15 15:56:37,199 - INFO - [FLIPKART] Page 1/3...
2025-12-15 15:56:39,715 - WARNING - [FLIPKART] No products found on page 1, stopping collection
2025-12-15 15:56:39,715 - INFO - [FLIPKART] Total: 0 products saved for Home
2025-12-15 15:56:42,716 - INFO - 
[FLIPKART] Category 5/5
2025-12-15 15:56:42,716 - INFO - 
======================================================================
[FLIPKART] Collecting Beauty
2025-12-15 15:56:42,716 - INFO - [FLIPKART] Page 1/3...
2025-12-15 15:56:46,171 - INFO - [DB] COMMITTED 40 Flipkart products
2025-12-15 15:56:46,171 - INFO - [DB] VERIFIED: 201 Flipkart records updated
2025-12-15 15:56:46,171 - INFO - [FLIPKART] Saved 40 products
2025-12-15 15:56:48,171 - INFO - [FLIPKART] Page 2/3...
2025-12-15 15:56:53,241 - INFO - [DB] COMMITTED 40 Flipkart products
2025-12-15 15:56:53,241 - INFO - [DB] VERIFIED: 201 Flipkart records updated
2025-12-15 15:56:53,241 - INFO - [FLIPKART] Saved 40 products
2025-12-15 15:56:55,241 - INFO - [FLIPKART] Page 3/3...
2025-12-15 15:56:59,684 - INFO - [DB] COMMITTED 40 Flipkart products
2025-12-15 15:56:59,684 - INFO - [DB] VERIFIED: 201 Flipkart records updated
2025-12-15 15:56:59,684 - INFO - [FLIPKART] Saved 40 products
2025-12-15 15:56:59,684 - INFO - [FLIPKART] Total: 120 products saved for Beauty
2025-12-15 15:56:59,684 - INFO - [DB] Final commit completed
2025-12-15 15:56:59,684 - INFO - 
======================================================================
[FINAL STATISTICS]
======================================================================
2025-12-15 15:56:59,688 - INFO - 
[AMAZON STATS]
2025-12-15 15:56:59,688 - INFO -   Products: 1443
2025-12-15 15:56:59,688 - INFO -   Unique ASINs: 1321
2025-12-15 15:56:59,688 - INFO -   Categories: 7
2025-12-15 15:56:59,688 - INFO -   Avg Price: Rs 2157.95
2025-12-15 15:56:59,688 - INFO -   Avg Sales: 170,031,970
2025-12-15 15:56:59,688 - INFO -   Last Updated: 2025-12-10 10:25:52.622094+00:00
2025-12-15 15:56:59,689 - INFO - 
[FLIPKART STATS]
2025-12-15 15:56:59,689 - INFO -   Products: 322
2025-12-15 15:56:59,689 - INFO -   Unique PIDs: 322
2025-12-15 15:56:59,689 - INFO -   Categories: 4
2025-12-15 15:56:59,689 - INFO -   Avg Price: Rs 25597.85
2025-12-15 15:56:59,689 - INFO -   Avg Estimated Sales: 183,391
2025-12-15 15:56:59,689 - INFO -   Last Updated: 2025-12-15 10:26:53.241280+00:00
2025-12-15 15:56:59,689 - INFO - 
[COMPLETE] Amazon: 0 | Flipkart: 480 | Total: 480
2025-12-15 15:56:59,689 - INFO - [DB] Disconnected
2025-12-16 15:55:01,663 - INFO - [CONFIG] Loaded - Amazon: True, Flipkart: True
2025-12-16 15:55:01,663 - INFO - [INIT] Amazon API client initialized
2025-12-16 15:55:01,663 - INFO - [INIT] Flipkart API client initialized
2025-12-16 15:55:01,663 - INFO - [START] Multi-platform collection starting
2025-12-16 15:55:01,663 - INFO - [DB] Connecting (attempt 1/3)...
2025-12-16 15:55:01,702 - INFO - [DB] Connected successfully
2025-12-16 15:55:01,705 - INFO - [DB] Tables created successfully (rapidapi_amazon_products & rapidapi_flipkart_products)
2025-12-16 15:55:01,705 - INFO - 
######################################################################
[AMAZON] Starting Amazon collection
######################################################################
2025-12-16 15:55:01,705 - INFO - 
[AMAZON] Category 1/9
2025-12-16 15:55:01,705 - INFO - 
======================================================================
[AMAZON] Collecting Baby Products
2025-12-16 15:55:01,705 - INFO - [AMAZON] Page 1/3...
2025-12-16 15:55:02,974 - ERROR - RapidAPI HTTP 429: b'{"message":"You have exceeded the MONTHLY quota for Requests on your current plan, BASIC. Upgrade your plan at https:\\/\\/rapidapi.com\\/letscrape-6bRBa3QguO5\\/api\\/real-time-amazon-data"}'
2025-12-16 15:55:02,975 - INFO - [AMAZON] Total: 0 products saved for Baby Products
2025-12-16 15:55:05,975 - INFO - 
[AMAZON] Category 2/9
2025-12-16 15:55:05,975 - INFO - 
======================================================================
[AMAZON] Collecting Electronics
2025-12-16 15:55:05,975 - INFO - [AMAZON] Page 1/3...
2025-12-16 15:55:06,375 - ERROR - RapidAPI HTTP 429: b'{"message":"You have exceeded the MONTHLY quota for Requests on your current plan, BASIC. Upgrade your plan at https:\\/\\/rapidapi.com\\/letscrape-6bRBa3QguO5\\/api\\/real-time-amazon-data"}'
2025-12-16 15:55:06,376 - INFO - [AMAZON] Total: 0 products saved for Electronics
2025-12-16 15:55:09,376 - INFO - 
[AMAZON] Category 3/9
2025-12-16 15:55:09,376 - INFO - 
======================================================================
[AMAZON] Collecting Computers & Accessories
2025-12-16 15:55:09,376 - INFO - [AMAZON] Page 1/3...
2025-12-16 15:55:09,759 - ERROR - RapidAPI HTTP 429: b'{"message":"You have exceeded the MONTHLY quota for Requests on your current plan, BASIC. Upgrade your plan at https:\\/\\/rapidapi.com\\/letscrape-6bRBa3QguO5\\/api\\/real-time-amazon-data"}'
2025-12-16 15:55:09,759 - INFO - [AMAZON] Total: 0 products saved for Computers & Accessories
2025-12-16 15:55:12,760 - INFO - 
[AMAZON] Category 4/9
2025-12-16 15:55:12,760 - INFO - 
======================================================================
[AMAZON] Collecting Cell Phones
2025-12-16 15:55:12,760 - INFO - [AMAZON] Page 1/3...
2025-12-16 15:55:13,153 - ERROR - RapidAPI HTTP 429: b'{"message":"You have exceeded the MONTHLY quota for Requests on your current plan, BASIC. Upgrade your plan at https:\\/\\/rapidapi.com\\/letscrape-6bRBa3QguO5\\/api\\/real-time-amazon-data"}'
2025-12-16 15:55:13,153 - INFO - [AMAZON] Total: 0 products saved for Cell Phones
2025-12-16 15:55:16,154 - INFO - 
[AMAZON] Category 5/9
2025-12-16 15:55:16,154 - INFO - 
======================================================================
[AMAZON] Collecting Toys & Games
2025-12-16 15:55:16,154 - INFO - [AMAZON] Page 1/3...
2025-12-16 15:55:16,482 - ERROR - RapidAPI HTTP 429: b'{"message":"You have exceeded the MONTHLY quota for Requests on your current plan, BASIC. Upgrade your plan at https:\\/\\/rapidapi.com\\/letscrape-6bRBa3QguO5\\/api\\/real-time-amazon-data"}'
2025-12-16 15:55:16,483 - INFO - [AMAZON] Total: 0 products saved for Toys & Games
2025-12-16 15:55:19,483 - INFO - 
[AMAZON] Category 6/9
2025-12-16 15:55:19,483 - INFO - 
======================================================================
[AMAZON] Collecting Health & Personal Care
2025-12-16 15:55:19,483 - INFO - [AMAZON] Page 1/3...
2025-12-16 15:55:19,807 - ERROR - RapidAPI HTTP 429: b'{"message":"You have exceeded the MONTHLY quota for Requests on your current plan, BASIC. Upgrade your plan at https:\\/\\/rapidapi.com\\/letscrape-6bRBa3QguO5\\/api\\/real-time-amazon-data"}'
2025-12-16 15:55:19,807 - INFO - [AMAZON] Total: 0 products saved for Health & Personal Care
2025-12-16 15:55:22,808 - INFO - 
[AMAZON] Category 7/9
2025-12-16 15:55:22,808 - INFO - 
======================================================================
[AMAZON] Collecting Video Games
2025-12-16 15:55:22,808 - INFO - [AMAZON] Page 1/3...
2025-12-16 15:55:23,337 - ERROR - RapidAPI HTTP 429: b'{"message":"You have exceeded the MONTHLY quota for Requests on your current plan, BASIC. Upgrade your plan at https:\\/\\/rapidapi.com\\/letscrape-6bRBa3QguO5\\/api\\/real-time-amazon-data"}'
2025-12-16 15:55:23,337 - INFO - [AMAZON] Total: 0 products saved for Video Games
2025-12-16 15:55:26,337 - INFO - 
[AMAZON] Category 8/9
2025-12-16 15:55:26,337 - INFO - 
======================================================================
[AMAZON] Collecting Pet Supplies
2025-12-16 15:55:26,337 - INFO - [AMAZON] Page 1/3...
2025-12-16 15:55:26,672 - ERROR - RapidAPI HTTP 429: b'{"message":"You have exceeded the MONTHLY quota for Requests on your current plan, BASIC. Upgrade your plan at https:\\/\\/rapidapi.com\\/letscrape-6bRBa3QguO5\\/api\\/real-time-amazon-data"}'
2025-12-16 15:55:26,672 - INFO - [AMAZON] Total: 0 products saved for Pet Supplies
2025-12-16 15:55:29,672 - INFO - 
[AMAZON] Category 9/9
2025-12-16 15:55:29,673 - INFO - 
======================================================================
[AMAZON] Collecting Beauty
2025-12-16 15:55:29,673 - INFO - [AMAZON] Page 1/3...
2025-12-16 15:55:30,007 - ERROR - RapidAPI HTTP 429: b'{"message":"You have exceeded the MONTHLY quota for Requests on your current plan, BASIC. Upgrade your plan at https:\\/\\/rapidapi.com\\/letscrape-6bRBa3QguO5\\/api\\/real-time-amazon-data"}'
2025-12-16 15:55:30,008 - INFO - [AMAZON] Total: 0 products saved for Beauty
2025-12-16 15:55:30,008 - INFO - 
######################################################################
[FLIPKART] Starting Flipkart collection
######################################################################
2025-12-16 15:55:30,008 - INFO - 
[FLIPKART] Category 1/5
2025-12-16 15:55:30,008 - INFO - 
======================================================================
[FLIPKART] Collecting Mobiles
2025-12-16 15:55:30,008 - INFO - [FLIPKART] Page 1/3...
2025-12-16 15:55:35,107 - INFO - [DB] COMMITTED 40 Flipkart products
2025-12-16 15:55:35,108 - INFO - [DB] VERIFIED: 40 Flipkart records updated
2025-12-16 15:55:35,108 - INFO - [FLIPKART] Saved 40 products
2025-12-16 15:55:37,108 - INFO - [FLIPKART] Page 2/3...
2025-12-16 15:55:41,055 - INFO - [DB] COMMITTED 40 Flipkart products
2025-12-16 15:55:41,055 - INFO - [DB] VERIFIED: 79 Flipkart records updated
2025-12-16 15:55:41,055 - INFO - [FLIPKART] Saved 40 products
2025-12-16 15:55:43,055 - INFO - [FLIPKART] Page 3/3...
2025-12-16 15:55:46,799 - INFO - [DB] COMMITTED 40 Flipkart products
2025-12-16 15:55:46,799 - INFO - [DB] VERIFIED: 118 Flipkart records updated
2025-12-16 15:55:46,799 - INFO - [FLIPKART] Saved 40 products
2025-12-16 15:55:46,799 - INFO - [FLIPKART] Total: 120 products saved for Mobiles
2025-12-16 15:55:49,800 - INFO - 
[FLIPKART] Category 2/5
2025-12-16 15:55:49,800 - INFO - 
======================================================================
[FLIPKART] Collecting Electronics
2025-12-16 15:55:49,800 - INFO - [FLIPKART] Page 1/3...
2025-12-16 15:55:53,316 - INFO - [DB] COMMITTED 40 Flipkart products
2025-12-16 15:55:53,316 - INFO - [DB] VERIFIED: 158 Flipkart records updated
2025-12-16 15:55:53,316 - INFO - [FLIPKART] Saved 40 products
2025-12-16 15:55:55,316 - INFO - [FLIPKART] Page 2/3...
2025-12-16 15:55:58,091 - INFO - [DB] COMMITTED 40 Flipkart products
2025-12-16 15:55:58,092 - INFO - [DB] VERIFIED: 177 Flipkart records updated
2025-12-16 15:55:58,092 - INFO - [FLIPKART] Saved 40 products
2025-12-16 15:56:00,092 - INFO - [FLIPKART] Page 3/3...
2025-12-16 15:56:03,712 - INFO - [DB] COMMITTED 40 Flipkart products
2025-12-16 15:56:03,713 - INFO - [DB] VERIFIED: 196 Flipkart records updated
2025-12-16 15:56:03,713 - INFO - [FLIPKART] Saved 40 products
2025-12-16 15:56:03,713 - INFO - [FLIPKART] Total: 120 products saved for Electronics
2025-12-16 15:56:06,714 - INFO - 
[FLIPKART] Category 3/5
2025-12-16 15:56:06,714 - INFO - 
======================================================================
[FLIPKART] Collecting Clothing
2025-12-16 15:56:06,714 - INFO - [FLIPKART] Page 1/3...
2025-12-16 15:56:13,919 - INFO - [DB] COMMITTED 40 Flipkart products
2025-12-16 15:56:13,920 - INFO - [DB] VERIFIED: 236 Flipkart records updated
2025-12-16 15:56:13,920 - INFO - [FLIPKART] Saved 40 products
2025-12-16 15:56:15,920 - INFO - [FLIPKART] Page 2/3...
2025-12-16 15:56:23,633 - INFO - [DB] COMMITTED 40 Flipkart products
2025-12-16 15:56:23,634 - INFO - [DB] VERIFIED: 256 Flipkart records updated
2025-12-16 15:56:23,634 - INFO - [FLIPKART] Saved 40 products
2025-12-16 15:56:25,634 - INFO - [FLIPKART] Page 3/3...
2025-12-16 15:56:32,456 - INFO - [DB] COMMITTED 40 Flipkart products
2025-12-16 15:56:32,456 - INFO - [DB] VERIFIED: 277 Flipkart records updated
2025-12-16 15:56:32,456 - INFO - [FLIPKART] Saved 40 products
2025-12-16 15:56:32,456 - INFO - [FLIPKART] Total: 120 products saved for Clothing
2025-12-16 15:56:35,457 - INFO - 
[FLIPKART] Category 4/5
2025-12-16 15:56:35,457 - INFO - 
======================================================================
[FLIPKART] Collecting Home
2025-12-16 15:56:35,457 - INFO - [FLIPKART] Page 1/3...
2025-12-16 15:56:37,588 - WARNING - [FLIPKART] No products found on page 1, stopping collection
2025-12-16 15:56:37,589 - INFO - [FLIPKART] Total: 0 products saved for Home
2025-12-16 15:56:40,589 - INFO - 
[FLIPKART] Category 5/5
2025-12-16 15:56:40,589 - INFO - 
======================================================================
[FLIPKART] Collecting Beauty
2025-12-16 15:56:40,589 - INFO - [FLIPKART] Page 1/3...
2025-12-16 15:56:47,685 - INFO - [DB] COMMITTED 40 Flipkart products
2025-12-16 15:56:47,686 - INFO - [DB] VERIFIED: 180 Flipkart records updated
2025-12-16 15:56:47,686 - INFO - [FLIPKART] Saved 40 products
2025-12-16 15:56:49,686 - INFO - [FLIPKART] Page 2/3...
2025-12-16 15:56:53,496 - INFO - [DB] COMMITTED 40 Flipkart products
2025-12-16 15:56:53,496 - INFO - [DB] VERIFIED: 199 Flipkart records updated
2025-12-16 15:56:53,496 - INFO - [FLIPKART] Saved 40 products
2025-12-16 15:56:55,497 - INFO - [FLIPKART] Page 3/3...
2025-12-16 15:57:01,065 - INFO - [DB] COMMITTED 40 Flipkart products
2025-12-16 15:57:01,066 - INFO - [DB] VERIFIED: 178 Flipkart records updated
2025-12-16 15:57:01,066 - INFO - [FLIPKART] Saved 40 products
2025-12-16 15:57:01,066 - INFO - [FLIPKART] Total: 120 products saved for Beauty
2025-12-16 15:57:01,066 - INFO - [DB] Final commit completed
2025-12-16 15:57:01,066 - INFO - 
======================================================================
[FINAL STATISTICS]
======================================================================
2025-12-16 15:57:01,069 - INFO - 
[AMAZON STATS]
2025-12-16 15:57:01,070 - INFO -   Products: 1443
2025-12-16 15:57:01,070 - INFO -   Unique ASINs: 1321
2025-12-16 15:57:01,070 - INFO -   Categories: 7
2025-12-16 15:57:01,070 - INFO -   Avg Price: Rs 2157.95
2025-12-16 15:57:01,070 - INFO -   Avg Sales: 170,031,970
2025-12-16 15:57:01,070 - INFO -   Last Updated: 2025-12-10 10:25:52.622094+00:00
2025-12-16 15:57:01,071 - INFO - 
[FLIPKART STATS]
2025-12-16 15:57:01,071 - INFO -   Products: 509
2025-12-16 15:57:01,071 - INFO -   Unique PIDs: 509
2025-12-16 15:57:01,071 - INFO -   Categories: 4
2025-12-16 15:57:01,071 - INFO -   Avg Price: Rs 23674.89
2025-12-16 15:57:01,071 - INFO -   Avg Estimated Sales: 183,139
2025-12-16 15:57:01,071 - INFO -   Last Updated: 2025-12-16 10:26:53.496359+00:00
2025-12-16 15:57:01,071 - INFO - 
[COMPLETE] Amazon: 0 | Flipkart: 480 | Total: 480
2025-12-16 15:57:01,071 - INFO - [DB] Disconnected
2025-12-17 15:55:01,160 - INFO - [CONFIG] Loaded - Amazon: True, Flipkart: True
2025-12-17 15:55:01,160 - INFO - [INIT] Amazon API client initialized
2025-12-17 15:55:01,160 - INFO - [INIT] Flipkart API client initialized
2025-12-17 15:55:01,160 - INFO - [START] Multi-platform collection starting
2025-12-17 15:55:01,160 - INFO - [DB] Connecting (attempt 1/3)...
2025-12-17 15:55:01,169 - INFO - [DB] Connected successfully
2025-12-17 15:55:01,170 - INFO - [DB] Tables created successfully (rapidapi_amazon_products & rapidapi_flipkart_products)
2025-12-17 15:55:01,170 - INFO - 
######################################################################
[AMAZON] Starting Amazon collection
######################################################################
2025-12-17 15:55:01,170 - INFO - 
[AMAZON] Category 1/9
2025-12-17 15:55:01,170 - INFO - 
======================================================================
[AMAZON] Collecting Baby Products
2025-12-17 15:55:01,170 - INFO - [AMAZON] Page 1/3...
2025-12-17 15:55:01,638 - ERROR - RapidAPI HTTP 429: b'{"message":"You have exceeded the MONTHLY quota for Requests on your current plan, BASIC. Upgrade your plan at https:\\/\\/rapidapi.com\\/letscrape-6bRBa3QguO5\\/api\\/real-time-amazon-data"}'
2025-12-17 15:55:01,639 - INFO - [AMAZON] Total: 0 products saved for Baby Products
2025-12-17 15:55:04,639 - INFO - 
[AMAZON] Category 2/9
2025-12-17 15:55:04,639 - INFO - 
======================================================================
[AMAZON] Collecting Electronics
2025-12-17 15:55:04,639 - INFO - [AMAZON] Page 1/3...
2025-12-17 15:55:04,971 - ERROR - RapidAPI HTTP 429: b'{"message":"You have exceeded the MONTHLY quota for Requests on your current plan, BASIC. Upgrade your plan at https:\\/\\/rapidapi.com\\/letscrape-6bRBa3QguO5\\/api\\/real-time-amazon-data"}'
2025-12-17 15:55:04,972 - INFO - [AMAZON] Total: 0 products saved for Electronics
2025-12-17 15:55:07,972 - INFO - 
[AMAZON] Category 3/9
2025-12-17 15:55:07,972 - INFO - 
======================================================================
[AMAZON] Collecting Computers & Accessories
2025-12-17 15:55:07,972 - INFO - [AMAZON] Page 1/3...
2025-12-17 15:55:08,371 - ERROR - RapidAPI HTTP 429: b'{"message":"You have exceeded the MONTHLY quota for Requests on your current plan, BASIC. Upgrade your plan at https:\\/\\/rapidapi.com\\/letscrape-6bRBa3QguO5\\/api\\/real-time-amazon-data"}'
2025-12-17 15:55:08,371 - INFO - [AMAZON] Total: 0 products saved for Computers & Accessories
2025-12-17 15:55:11,371 - INFO - 
[AMAZON] Category 4/9
2025-12-17 15:55:11,372 - INFO - 
======================================================================
[AMAZON] Collecting Cell Phones
2025-12-17 15:55:11,372 - INFO - [AMAZON] Page 1/3...
2025-12-17 15:55:11,749 - ERROR - RapidAPI HTTP 429: b'{"message":"You have exceeded the MONTHLY quota for Requests on your current plan, BASIC. Upgrade your plan at https:\\/\\/rapidapi.com\\/letscrape-6bRBa3QguO5\\/api\\/real-time-amazon-data"}'
2025-12-17 15:55:11,749 - INFO - [AMAZON] Total: 0 products saved for Cell Phones
2025-12-17 15:55:14,749 - INFO - 
[AMAZON] Category 5/9
2025-12-17 15:55:14,750 - INFO - 
======================================================================
[AMAZON] Collecting Toys & Games
2025-12-17 15:55:14,750 - INFO - [AMAZON] Page 1/3...
2025-12-17 15:55:15,088 - ERROR - RapidAPI HTTP 429: b'{"message":"You have exceeded the MONTHLY quota for Requests on your current plan, BASIC. Upgrade your plan at https:\\/\\/rapidapi.com\\/letscrape-6bRBa3QguO5\\/api\\/real-time-amazon-data"}'
2025-12-17 15:55:15,088 - INFO - [AMAZON] Total: 0 products saved for Toys & Games
2025-12-17 15:55:18,089 - INFO - 
[AMAZON] Category 6/9
2025-12-17 15:55:18,089 - INFO - 
======================================================================
[AMAZON] Collecting Health & Personal Care
2025-12-17 15:55:18,089 - INFO - [AMAZON] Page 1/3...
2025-12-17 15:55:18,451 - ERROR - RapidAPI HTTP 429: b'{"message":"You have exceeded the MONTHLY quota for Requests on your current plan, BASIC. Upgrade your plan at https:\\/\\/rapidapi.com\\/letscrape-6bRBa3QguO5\\/api\\/real-time-amazon-data"}'
2025-12-17 15:55:18,451 - INFO - [AMAZON] Total: 0 products saved for Health & Personal Care
2025-12-17 15:55:21,452 - INFO - 
[AMAZON] Category 7/9
2025-12-17 15:55:21,452 - INFO - 
======================================================================
[AMAZON] Collecting Video Games
2025-12-17 15:55:21,452 - INFO - [AMAZON] Page 1/3...
2025-12-17 15:55:21,842 - ERROR - RapidAPI HTTP 429: b'{"message":"You have exceeded the MONTHLY quota for Requests on your current plan, BASIC. Upgrade your plan at https:\\/\\/rapidapi.com\\/letscrape-6bRBa3QguO5\\/api\\/real-time-amazon-data"}'
2025-12-17 15:55:21,842 - INFO - [AMAZON] Total: 0 products saved for Video Games
2025-12-17 15:55:24,843 - INFO - 
[AMAZON] Category 8/9
2025-12-17 15:55:24,843 - INFO - 
======================================================================
[AMAZON] Collecting Pet Supplies
2025-12-17 15:55:24,843 - INFO - [AMAZON] Page 1/3...
2025-12-17 15:55:25,252 - ERROR - RapidAPI HTTP 429: b'{"message":"You have exceeded the MONTHLY quota for Requests on your current plan, BASIC. Upgrade your plan at https:\\/\\/rapidapi.com\\/letscrape-6bRBa3QguO5\\/api\\/real-time-amazon-data"}'
2025-12-17 15:55:25,252 - INFO - [AMAZON] Total: 0 products saved for Pet Supplies
2025-12-17 15:55:28,252 - INFO - 
[AMAZON] Category 9/9
2025-12-17 15:55:28,253 - INFO - 
======================================================================
[AMAZON] Collecting Beauty
2025-12-17 15:55:28,253 - INFO - [AMAZON] Page 1/3...
2025-12-17 15:55:28,618 - ERROR - RapidAPI HTTP 429: b'{"message":"You have exceeded the MONTHLY quota for Requests on your current plan, BASIC. Upgrade your plan at https:\\/\\/rapidapi.com\\/letscrape-6bRBa3QguO5\\/api\\/real-time-amazon-data"}'
2025-12-17 15:55:28,619 - INFO - [AMAZON] Total: 0 products saved for Beauty
2025-12-17 15:55:28,619 - INFO - 
######################################################################
[FLIPKART] Starting Flipkart collection
######################################################################
2025-12-17 15:55:28,619 - INFO - 
[FLIPKART] Category 1/5
2025-12-17 15:55:28,619 - INFO - 
======================================================================
[FLIPKART] Collecting Mobiles
2025-12-17 15:55:28,619 - INFO - [FLIPKART] Page 1/3...
2025-12-17 15:55:32,837 - INFO - [DB] COMMITTED 40 Flipkart products
2025-12-17 15:55:32,838 - INFO - [DB] VERIFIED: 40 Flipkart records updated
2025-12-17 15:55:32,838 - INFO - [FLIPKART] Saved 40 products
2025-12-17 15:55:34,838 - INFO - [FLIPKART] Page 2/3...
2025-12-17 15:55:39,737 - INFO - [DB] COMMITTED 40 Flipkart products
2025-12-17 15:55:39,737 - INFO - [DB] VERIFIED: 60 Flipkart records updated
2025-12-17 15:55:39,737 - INFO - [FLIPKART] Saved 40 products
2025-12-17 15:55:41,737 - INFO - [FLIPKART] Page 3/3...
2025-12-17 15:55:45,215 - INFO - [DB] COMMITTED 40 Flipkart products
2025-12-17 15:55:45,216 - INFO - [DB] VERIFIED: 80 Flipkart records updated
2025-12-17 15:55:45,216 - INFO - [FLIPKART] Saved 40 products
2025-12-17 15:55:45,216 - INFO - [FLIPKART] Total: 120 products saved for Mobiles
2025-12-17 15:55:48,216 - INFO - 
[FLIPKART] Category 2/5
2025-12-17 15:55:48,216 - INFO - 
======================================================================
[FLIPKART] Collecting Electronics
2025-12-17 15:55:48,216 - INFO - [FLIPKART] Page 1/3...
2025-12-17 15:55:52,628 - INFO - [DB] COMMITTED 40 Flipkart products
2025-12-17 15:55:52,628 - INFO - [DB] VERIFIED: 120 Flipkart records updated
2025-12-17 15:55:52,629 - INFO - [FLIPKART] Saved 40 products
2025-12-17 15:55:54,629 - INFO - [FLIPKART] Page 2/3...
2025-12-17 15:55:58,549 - INFO - [DB] COMMITTED 40 Flipkart products
2025-12-17 15:55:58,549 - INFO - [DB] VERIFIED: 140 Flipkart records updated
2025-12-17 15:55:58,549 - INFO - [FLIPKART] Saved 40 products
2025-12-17 15:56:00,550 - INFO - [FLIPKART] Page 3/3...
2025-12-17 15:56:04,341 - INFO - [DB] COMMITTED 40 Flipkart products
2025-12-17 15:56:04,342 - INFO - [DB] VERIFIED: 159 Flipkart records updated
2025-12-17 15:56:04,342 - INFO - [FLIPKART] Saved 40 products
2025-12-17 15:56:04,342 - INFO - [FLIPKART] Total: 120 products saved for Electronics
2025-12-17 15:56:07,342 - INFO - 
[FLIPKART] Category 3/5
2025-12-17 15:56:07,342 - INFO - 
======================================================================
[FLIPKART] Collecting Clothing
2025-12-17 15:56:07,342 - INFO - [FLIPKART] Page 1/3...
2025-12-17 15:56:15,297 - INFO - [DB] COMMITTED 40 Flipkart products
2025-12-17 15:56:15,298 - INFO - [DB] VERIFIED: 199 Flipkart records updated
2025-12-17 15:56:15,298 - INFO - [FLIPKART] Saved 40 products
2025-12-17 15:56:17,298 - INFO - [FLIPKART] Page 2/3...
2025-12-17 15:56:22,413 - INFO - [DB] COMMITTED 40 Flipkart products
2025-12-17 15:56:22,414 - INFO - [DB] VERIFIED: 221 Flipkart records updated
2025-12-17 15:56:22,414 - INFO - [FLIPKART] Saved 40 products
2025-12-17 15:56:24,414 - INFO - [FLIPKART] Page 3/3...
2025-12-17 15:56:30,687 - INFO - [DB] COMMITTED 40 Flipkart products
2025-12-17 15:56:30,687 - INFO - [DB] VERIFIED: 242 Flipkart records updated
2025-12-17 15:56:30,688 - INFO - [FLIPKART] Saved 40 products
2025-12-17 15:56:30,688 - INFO - [FLIPKART] Total: 120 products saved for Clothing
2025-12-17 15:56:33,688 - INFO - 
[FLIPKART] Category 4/5
2025-12-17 15:56:33,688 - INFO - 
======================================================================
[FLIPKART] Collecting Home
2025-12-17 15:56:33,688 - INFO - [FLIPKART] Page 1/3...
2025-12-17 15:56:36,011 - WARNING - [FLIPKART] No products found on page 1, stopping collection
2025-12-17 15:56:36,011 - INFO - [FLIPKART] Total: 0 products saved for Home
2025-12-17 15:56:39,011 - INFO - 
[FLIPKART] Category 5/5
2025-12-17 15:56:39,011 - INFO - 
======================================================================
[FLIPKART] Collecting Beauty
2025-12-17 15:56:39,011 - INFO - [FLIPKART] Page 1/3...
2025-12-17 15:56:44,654 - INFO - [DB] COMMITTED 40 Flipkart products
2025-12-17 15:56:44,655 - INFO - [DB] VERIFIED: 202 Flipkart records updated
2025-12-17 15:56:44,655 - INFO - [FLIPKART] Saved 40 products
2025-12-17 15:56:46,655 - INFO - [FLIPKART] Page 2/3...
2025-12-17 15:56:51,620 - INFO - [DB] COMMITTED 40 Flipkart products
2025-12-17 15:56:51,620 - INFO - [DB] VERIFIED: 201 Flipkart records updated
2025-12-17 15:56:51,620 - INFO - [FLIPKART] Saved 40 products
2025-12-17 15:56:53,621 - INFO - [FLIPKART] Page 3/3...
2025-12-17 15:56:58,239 - INFO - [DB] COMMITTED 40 Flipkart products
2025-12-17 15:56:58,240 - INFO - [DB] VERIFIED: 201 Flipkart records updated
2025-12-17 15:56:58,240 - INFO - [FLIPKART] Saved 40 products
2025-12-17 15:56:58,240 - INFO - [FLIPKART] Total: 120 products saved for Beauty
2025-12-17 15:56:58,240 - INFO - [DB] Final commit completed
2025-12-17 15:56:58,240 - INFO - 
======================================================================
[FINAL STATISTICS]
======================================================================
2025-12-17 15:56:58,244 - INFO - 
[AMAZON STATS]
2025-12-17 15:56:58,244 - INFO -   Products: 1443
2025-12-17 15:56:58,244 - INFO -   Unique ASINs: 1321
2025-12-17 15:56:58,244 - INFO -   Categories: 7
2025-12-17 15:56:58,244 - INFO -   Avg Price: Rs 2157.95
2025-12-17 15:56:58,244 - INFO -   Avg Sales: 170,031,970
2025-12-17 15:56:58,244 - INFO -   Last Updated: 2025-12-10 10:25:52.622094+00:00
2025-12-17 15:56:58,246 - INFO - 
[FLIPKART STATS]
2025-12-17 15:56:58,246 - INFO -   Products: 619
2025-12-17 15:56:58,246 - INFO -   Unique PIDs: 619
2025-12-17 15:56:58,246 - INFO -   Categories: 4
2025-12-17 15:56:58,246 - INFO -   Avg Price: Rs 22107.63
2025-12-17 15:56:58,246 - INFO -   Avg Estimated Sales: 171,949
2025-12-17 15:56:58,246 - INFO -   Last Updated: 2025-12-17 10:26:51.620402+00:00
2025-12-17 15:56:58,246 - INFO - 
[COMPLETE] Amazon: 0 | Flipkart: 480 | Total: 480
2025-12-17 15:56:58,246 - INFO - [DB] Disconnected
2025-12-19 15:55:01,396 - INFO - [CONFIG] Loaded - Amazon: True, Flipkart: True
2025-12-19 15:55:01,396 - INFO - [INIT] Amazon API client initialized
2025-12-19 15:55:01,396 - INFO - [INIT] Flipkart API client initialized
2025-12-19 15:55:01,396 - INFO - [START] Multi-platform collection starting
2025-12-19 15:55:01,396 - INFO - [DB] Connecting (attempt 1/3)...
2025-12-19 15:55:01,418 - INFO - [DB] Connected successfully
2025-12-19 15:55:01,422 - INFO - [DB] Tables created successfully (rapidapi_amazon_products & rapidapi_flipkart_products)
2025-12-19 15:55:01,422 - INFO - 
######################################################################
[AMAZON] Starting Amazon collection
######################################################################
2025-12-19 15:55:01,422 - INFO - 
[AMAZON] Category 1/9
2025-12-19 15:55:01,423 - INFO - 
======================================================================
[AMAZON] Collecting Baby Products
2025-12-19 15:55:01,423 - INFO - [AMAZON] Page 1/3...
2025-12-19 15:55:02,649 - ERROR - RapidAPI HTTP 429: b'{"message":"You have exceeded the MONTHLY quota for Requests on your current plan, BASIC. Upgrade your plan at https:\\/\\/rapidapi.com\\/letscrape-6bRBa3QguO5\\/api\\/real-time-amazon-data"}'
2025-12-19 15:55:02,650 - INFO - [AMAZON] Total: 0 products saved for Baby Products
2025-12-19 15:55:05,651 - INFO - 
[AMAZON] Category 2/9
2025-12-19 15:55:05,651 - INFO - 
======================================================================
[AMAZON] Collecting Electronics
2025-12-19 15:55:05,651 - INFO - [AMAZON] Page 1/3...
2025-12-19 15:55:06,011 - ERROR - RapidAPI HTTP 429: b'{"message":"You have exceeded the MONTHLY quota for Requests on your current plan, BASIC. Upgrade your plan at https:\\/\\/rapidapi.com\\/letscrape-6bRBa3QguO5\\/api\\/real-time-amazon-data"}'
2025-12-19 15:55:06,012 - INFO - [AMAZON] Total: 0 products saved for Electronics
2025-12-19 15:55:09,012 - INFO - 
[AMAZON] Category 3/9
2025-12-19 15:55:09,012 - INFO - 
======================================================================
[AMAZON] Collecting Computers & Accessories
2025-12-19 15:55:09,012 - INFO - [AMAZON] Page 1/3...
2025-12-19 15:55:09,397 - ERROR - RapidAPI HTTP 429: b'{"message":"You have exceeded the MONTHLY quota for Requests on your current plan, BASIC. Upgrade your plan at https:\\/\\/rapidapi.com\\/letscrape-6bRBa3QguO5\\/api\\/real-time-amazon-data"}'
2025-12-19 15:55:09,398 - INFO - [AMAZON] Total: 0 products saved for Computers & Accessories
2025-12-19 15:55:12,398 - INFO - 
[AMAZON] Category 4/9
2025-12-19 15:55:12,398 - INFO - 
======================================================================
[AMAZON] Collecting Cell Phones
2025-12-19 15:55:12,398 - INFO - [AMAZON] Page 1/3...
2025-12-19 15:55:12,750 - ERROR - RapidAPI HTTP 429: b'{"message":"You have exceeded the MONTHLY quota for Requests on your current plan, BASIC. Upgrade your plan at https:\\/\\/rapidapi.com\\/letscrape-6bRBa3QguO5\\/api\\/real-time-amazon-data"}'
2025-12-19 15:55:12,750 - INFO - [AMAZON] Total: 0 products saved for Cell Phones
2025-12-19 15:55:15,751 - INFO - 
[AMAZON] Category 5/9
2025-12-19 15:55:15,751 - INFO - 
======================================================================
[AMAZON] Collecting Toys & Games
2025-12-19 15:55:15,751 - INFO - [AMAZON] Page 1/3...
2025-12-19 15:55:16,055 - ERROR - RapidAPI HTTP 429: b'{"message":"You have exceeded the MONTHLY quota for Requests on your current plan, BASIC. Upgrade your plan at https:\\/\\/rapidapi.com\\/letscrape-6bRBa3QguO5\\/api\\/real-time-amazon-data"}'
2025-12-19 15:55:16,056 - INFO - [AMAZON] Total: 0 products saved for Toys & Games
2025-12-19 15:55:19,056 - INFO - 
[AMAZON] Category 6/9
2025-12-19 15:55:19,056 - INFO - 
======================================================================
[AMAZON] Collecting Health & Personal Care
2025-12-19 15:55:19,056 - INFO - [AMAZON] Page 1/3...
2025-12-19 15:55:19,383 - ERROR - RapidAPI HTTP 429: b'{"message":"You have exceeded the MONTHLY quota for Requests on your current plan, BASIC. Upgrade your plan at https:\\/\\/rapidapi.com\\/letscrape-6bRBa3QguO5\\/api\\/real-time-amazon-data"}'
2025-12-19 15:55:19,384 - INFO - [AMAZON] Total: 0 products saved for Health & Personal Care
2025-12-19 15:55:22,384 - INFO - 
[AMAZON] Category 7/9
2025-12-19 15:55:22,384 - INFO - 
======================================================================
[AMAZON] Collecting Video Games
2025-12-19 15:55:22,384 - INFO - [AMAZON] Page 1/3...
2025-12-19 15:55:22,702 - ERROR - RapidAPI HTTP 429: b'{"message":"You have exceeded the MONTHLY quota for Requests on your current plan, BASIC. Upgrade your plan at https:\\/\\/rapidapi.com\\/letscrape-6bRBa3QguO5\\/api\\/real-time-amazon-data"}'
2025-12-19 15:55:22,703 - INFO - [AMAZON] Total: 0 products saved for Video Games
2025-12-19 15:55:25,703 - INFO - 
[AMAZON] Category 8/9
2025-12-19 15:55:25,703 - INFO - 
======================================================================
[AMAZON] Collecting Pet Supplies
2025-12-19 15:55:25,703 - INFO - [AMAZON] Page 1/3...
2025-12-19 15:55:26,061 - ERROR - RapidAPI HTTP 429: b'{"message":"You have exceeded the MONTHLY quota for Requests on your current plan, BASIC. Upgrade your plan at https:\\/\\/rapidapi.com\\/letscrape-6bRBa3QguO5\\/api\\/real-time-amazon-data"}'
2025-12-19 15:55:26,061 - INFO - [AMAZON] Total: 0 products saved for Pet Supplies
2025-12-19 15:55:29,062 - INFO - 
[AMAZON] Category 9/9
2025-12-19 15:55:29,062 - INFO - 
======================================================================
[AMAZON] Collecting Beauty
2025-12-19 15:55:29,062 - INFO - [AMAZON] Page 1/3...
2025-12-19 15:55:29,373 - ERROR - RapidAPI HTTP 429: b'{"message":"You have exceeded the MONTHLY quota for Requests on your current plan, BASIC. Upgrade your plan at https:\\/\\/rapidapi.com\\/letscrape-6bRBa3QguO5\\/api\\/real-time-amazon-data"}'
2025-12-19 15:55:29,373 - INFO - [AMAZON] Total: 0 products saved for Beauty
2025-12-19 15:55:29,374 - INFO - 
######################################################################
[FLIPKART] Starting Flipkart collection
######################################################################
2025-12-19 15:55:29,374 - INFO - 
[FLIPKART] Category 1/5
2025-12-19 15:55:29,374 - INFO - 
======================================================================
[FLIPKART] Collecting Mobiles
2025-12-19 15:55:29,374 - INFO - [FLIPKART] Page 1/3...
2025-12-19 15:55:36,055 - INFO - [DB] COMMITTED 40 Flipkart products
2025-12-19 15:55:36,057 - INFO - [DB] VERIFIED: 40 Flipkart records updated
2025-12-19 15:55:36,057 - INFO - [FLIPKART] Saved 40 products
2025-12-19 15:55:38,057 - INFO - [FLIPKART] Page 2/3...
2025-12-19 15:55:41,699 - INFO - [DB] COMMITTED 40 Flipkart products
2025-12-19 15:55:41,700 - INFO - [DB] VERIFIED: 60 Flipkart records updated
2025-12-19 15:55:41,700 - INFO - [FLIPKART] Saved 40 products
2025-12-19 15:55:43,700 - INFO - [FLIPKART] Page 3/3...
2025-12-19 15:55:47,877 - INFO - [DB] COMMITTED 40 Flipkart products
2025-12-19 15:55:47,878 - INFO - [DB] VERIFIED: 81 Flipkart records updated
2025-12-19 15:55:47,878 - INFO - [FLIPKART] Saved 40 products
2025-12-19 15:55:47,878 - INFO - [FLIPKART] Total: 120 products saved for Mobiles
2025-12-19 15:55:50,878 - INFO - 
[FLIPKART] Category 2/5
2025-12-19 15:55:50,878 - INFO - 
======================================================================
[FLIPKART] Collecting Electronics
2025-12-19 15:55:50,878 - INFO - [FLIPKART] Page 1/3...
2025-12-19 15:55:55,039 - INFO - [DB] COMMITTED 40 Flipkart products
2025-12-19 15:55:55,040 - INFO - [DB] VERIFIED: 121 Flipkart records updated
2025-12-19 15:55:55,040 - INFO - [FLIPKART] Saved 40 products
2025-12-19 15:55:57,040 - INFO - [FLIPKART] Page 2/3...
2025-12-19 15:56:01,234 - INFO - [DB] COMMITTED 40 Flipkart products
2025-12-19 15:56:01,235 - INFO - [DB] VERIFIED: 140 Flipkart records updated
2025-12-19 15:56:01,235 - INFO - [FLIPKART] Saved 40 products
2025-12-19 15:56:03,235 - INFO - [FLIPKART] Page 3/3...
2025-12-19 15:56:07,787 - INFO - [DB] COMMITTED 40 Flipkart products
2025-12-19 15:56:07,787 - INFO - [DB] VERIFIED: 160 Flipkart records updated
2025-12-19 15:56:07,787 - INFO - [FLIPKART] Saved 40 products
2025-12-19 15:56:07,787 - INFO - [FLIPKART] Total: 120 products saved for Electronics
2025-12-19 15:56:10,788 - INFO - 
[FLIPKART] Category 3/5
2025-12-19 15:56:10,788 - INFO - 
======================================================================
[FLIPKART] Collecting Clothing
2025-12-19 15:56:10,788 - INFO - [FLIPKART] Page 1/3...
2025-12-19 15:56:12,550 - ERROR - RapidAPI HTTP 500: b'{"success":false,"message":"Failed to fetch data from Flipkart. Their servers might be experiencing issues.","code":500}'
2025-12-19 15:56:12,550 - WARNING - [FLIPKART] No response for page 1, stopping collection
2025-12-19 15:56:12,551 - INFO - [FLIPKART] Total: 0 products saved for Clothing
2025-12-19 15:56:15,551 - INFO - 
[FLIPKART] Category 4/5
2025-12-19 15:56:15,551 - INFO - 
======================================================================
[FLIPKART] Collecting Home
2025-12-19 15:56:15,551 - INFO - [FLIPKART] Page 1/3...
2025-12-19 15:56:18,798 - WARNING - [FLIPKART] No products found on page 1, stopping collection
2025-12-19 15:56:18,798 - INFO - [FLIPKART] Total: 0 products saved for Home
2025-12-19 15:56:21,798 - INFO - 
[FLIPKART] Category 5/5
2025-12-19 15:56:21,798 - INFO - 
======================================================================
[FLIPKART] Collecting Beauty
2025-12-19 15:56:21,798 - INFO - [FLIPKART] Page 1/3...
2025-12-19 15:56:28,393 - INFO - [DB] COMMITTED 40 Flipkart products
2025-12-19 15:56:28,393 - INFO - [DB] VERIFIED: 200 Flipkart records updated
2025-12-19 15:56:28,394 - INFO - [FLIPKART] Saved 40 products
2025-12-19 15:56:30,394 - INFO - [FLIPKART] Page 2/3...
2025-12-19 15:56:34,783 - INFO - [DB] COMMITTED 40 Flipkart products
2025-12-19 15:56:34,784 - INFO - [DB] VERIFIED: 219 Flipkart records updated
2025-12-19 15:56:34,784 - INFO - [FLIPKART] Saved 40 products
2025-12-19 15:56:36,784 - INFO - [FLIPKART] Page 3/3...
2025-12-19 15:56:41,556 - INFO - [DB] COMMITTED 40 Flipkart products
2025-12-19 15:56:41,557 - INFO - [DB] VERIFIED: 198 Flipkart records updated
2025-12-19 15:56:41,557 - INFO - [FLIPKART] Saved 40 products
2025-12-19 15:56:41,557 - INFO - [FLIPKART] Total: 120 products saved for Beauty
2025-12-19 15:56:41,557 - INFO - [DB] Final commit completed
2025-12-19 15:56:41,557 - INFO - 
======================================================================
[FINAL STATISTICS]
======================================================================
2025-12-19 15:56:41,573 - INFO - 
[AMAZON STATS]
2025-12-19 15:56:41,573 - INFO -   Products: 1443
2025-12-19 15:56:41,573 - INFO -   Unique ASINs: 1321
2025-12-19 15:56:41,573 - INFO -   Categories: 7
2025-12-19 15:56:41,573 - INFO -   Avg Price: Rs 2157.95
2025-12-19 15:56:41,573 - INFO -   Avg Sales: 170,031,970
2025-12-19 15:56:41,573 - INFO -   Last Updated: 2025-12-10 10:25:52.622094+00:00
2025-12-19 15:56:41,576 - INFO - 
[FLIPKART STATS]
2025-12-19 15:56:41,576 - INFO -   Products: 675
2025-12-19 15:56:41,576 - INFO -   Unique PIDs: 675
2025-12-19 15:56:41,576 - INFO -   Categories: 4
2025-12-19 15:56:41,576 - INFO -   Avg Price: Rs 23325.65
2025-12-19 15:56:41,576 - INFO -   Avg Estimated Sales: 171,862
2025-12-19 15:56:41,577 - INFO -   Last Updated: 2025-12-19 10:26:34.783997+00:00
2025-12-19 15:56:41,577 - INFO - 
[COMPLETE] Amazon: 0 | Flipkart: 360 | Total: 360
2025-12-19 15:56:41,577 - INFO - [DB] Disconnected
2025-12-20 15:55:01,666 - INFO - [CONFIG] Loaded - Amazon: True, Flipkart: True
2025-12-20 15:55:01,666 - INFO - [INIT] Amazon API client initialized
2025-12-20 15:55:01,666 - INFO - [INIT] Flipkart API client initialized
2025-12-20 15:55:01,666 - INFO - [START] Multi-platform collection starting
2025-12-20 15:55:01,666 - INFO - [DB] Connecting (attempt 1/3)...
2025-12-20 15:55:01,675 - INFO - [DB] Connected successfully
2025-12-20 15:55:01,677 - INFO - [DB] Tables created successfully (rapidapi_amazon_products & rapidapi_flipkart_products)
2025-12-20 15:55:01,677 - INFO - 
######################################################################
[AMAZON] Starting Amazon collection
######################################################################
2025-12-20 15:55:01,677 - INFO - 
[AMAZON] Category 1/9
2025-12-20 15:55:01,677 - INFO - 
======================================================================
[AMAZON] Collecting Baby Products
2025-12-20 15:55:01,677 - INFO - [AMAZON] Page 1/3...
2025-12-20 15:55:02,060 - ERROR - RapidAPI HTTP 429: b'{"message":"You have exceeded the MONTHLY quota for Requests on your current plan, BASIC. Upgrade your plan at https:\\/\\/rapidapi.com\\/letscrape-6bRBa3QguO5\\/api\\/real-time-amazon-data"}'
2025-12-20 15:55:02,060 - INFO - [AMAZON] Total: 0 products saved for Baby Products
2025-12-20 15:55:05,061 - INFO - 
[AMAZON] Category 2/9
2025-12-20 15:55:05,061 - INFO - 
======================================================================
[AMAZON] Collecting Electronics
2025-12-20 15:55:05,061 - INFO - [AMAZON] Page 1/3...
2025-12-20 15:55:05,378 - ERROR - RapidAPI HTTP 429: b'{"message":"You have exceeded the MONTHLY quota for Requests on your current plan, BASIC. Upgrade your plan at https:\\/\\/rapidapi.com\\/letscrape-6bRBa3QguO5\\/api\\/real-time-amazon-data"}'
2025-12-20 15:55:05,378 - INFO - [AMAZON] Total: 0 products saved for Electronics
2025-12-20 15:55:08,379 - INFO - 
[AMAZON] Category 3/9
2025-12-20 15:55:08,379 - INFO - 
======================================================================
[AMAZON] Collecting Computers & Accessories
2025-12-20 15:55:08,379 - INFO - [AMAZON] Page 1/3...
2025-12-20 15:55:08,738 - ERROR - RapidAPI HTTP 429: b'{"message":"You have exceeded the MONTHLY quota for Requests on your current plan, BASIC. Upgrade your plan at https:\\/\\/rapidapi.com\\/letscrape-6bRBa3QguO5\\/api\\/real-time-amazon-data"}'
2025-12-20 15:55:08,738 - INFO - [AMAZON] Total: 0 products saved for Computers & Accessories
2025-12-20 15:55:11,739 - INFO - 
[AMAZON] Category 4/9
2025-12-20 15:55:11,739 - INFO - 
======================================================================
[AMAZON] Collecting Cell Phones
2025-12-20 15:55:11,739 - INFO - [AMAZON] Page 1/3...
2025-12-20 15:55:12,104 - ERROR - RapidAPI HTTP 429: b'{"message":"You have exceeded the MONTHLY quota for Requests on your current plan, BASIC. Upgrade your plan at https:\\/\\/rapidapi.com\\/letscrape-6bRBa3QguO5\\/api\\/real-time-amazon-data"}'
2025-12-20 15:55:12,104 - INFO - [AMAZON] Total: 0 products saved for Cell Phones
2025-12-20 15:55:15,105 - INFO - 
[AMAZON] Category 5/9
2025-12-20 15:55:15,105 - INFO - 
======================================================================
[AMAZON] Collecting Toys & Games
2025-12-20 15:55:15,105 - INFO - [AMAZON] Page 1/3...
2025-12-20 15:55:15,416 - ERROR - RapidAPI HTTP 429: b'{"message":"You have exceeded the MONTHLY quota for Requests on your current plan, BASIC. Upgrade your plan at https:\\/\\/rapidapi.com\\/letscrape-6bRBa3QguO5\\/api\\/real-time-amazon-data"}'
2025-12-20 15:55:15,417 - INFO - [AMAZON] Total: 0 products saved for Toys & Games
2025-12-20 15:55:18,417 - INFO - 
[AMAZON] Category 6/9
2025-12-20 15:55:18,417 - INFO - 
======================================================================
[AMAZON] Collecting Health & Personal Care
2025-12-20 15:55:18,417 - INFO - [AMAZON] Page 1/3...
2025-12-20 15:55:18,776 - ERROR - RapidAPI HTTP 429: b'{"message":"You have exceeded the MONTHLY quota for Requests on your current plan, BASIC. Upgrade your plan at https:\\/\\/rapidapi.com\\/letscrape-6bRBa3QguO5\\/api\\/real-time-amazon-data"}'
2025-12-20 15:55:18,777 - INFO - [AMAZON] Total: 0 products saved for Health & Personal Care
2025-12-20 15:55:21,777 - INFO - 
[AMAZON] Category 7/9
2025-12-20 15:55:21,777 - INFO - 
======================================================================
[AMAZON] Collecting Video Games
2025-12-20 15:55:21,777 - INFO - [AMAZON] Page 1/3...
2025-12-20 15:55:22,141 - ERROR - RapidAPI HTTP 429: b'{"message":"You have exceeded the MONTHLY quota for Requests on your current plan, BASIC. Upgrade your plan at https:\\/\\/rapidapi.com\\/letscrape-6bRBa3QguO5\\/api\\/real-time-amazon-data"}'
2025-12-20 15:55:22,141 - INFO - [AMAZON] Total: 0 products saved for Video Games
2025-12-20 15:55:25,142 - INFO - 
[AMAZON] Category 8/9
2025-12-20 15:55:25,142 - INFO - 
======================================================================
[AMAZON] Collecting Pet Supplies
2025-12-20 15:55:25,142 - INFO - [AMAZON] Page 1/3...
2025-12-20 15:55:25,446 - ERROR - RapidAPI HTTP 429: b'{"message":"You have exceeded the MONTHLY quota for Requests on your current plan, BASIC. Upgrade your plan at https:\\/\\/rapidapi.com\\/letscrape-6bRBa3QguO5\\/api\\/real-time-amazon-data"}'
2025-12-20 15:55:25,447 - INFO - [AMAZON] Total: 0 products saved for Pet Supplies
2025-12-20 15:55:28,447 - INFO - 
[AMAZON] Category 9/9
2025-12-20 15:55:28,447 - INFO - 
======================================================================
[AMAZON] Collecting Beauty
2025-12-20 15:55:28,447 - INFO - [AMAZON] Page 1/3...
2025-12-20 15:55:28,816 - ERROR - RapidAPI HTTP 429: b'{"message":"You have exceeded the MONTHLY quota for Requests on your current plan, BASIC. Upgrade your plan at https:\\/\\/rapidapi.com\\/letscrape-6bRBa3QguO5\\/api\\/real-time-amazon-data"}'
2025-12-20 15:55:28,817 - INFO - [AMAZON] Total: 0 products saved for Beauty
2025-12-20 15:55:28,817 - INFO - 
######################################################################
[FLIPKART] Starting Flipkart collection
######################################################################
2025-12-20 15:55:28,817 - INFO - 
[FLIPKART] Category 1/5
2025-12-20 15:55:28,817 - INFO - 
======================================================================
[FLIPKART] Collecting Mobiles
2025-12-20 15:55:28,817 - INFO - [FLIPKART] Page 1/3...
2025-12-20 15:55:37,617 - INFO - [DB] COMMITTED 40 Flipkart products
2025-12-20 15:55:37,618 - INFO - [DB] VERIFIED: 40 Flipkart records updated
2025-12-20 15:55:37,618 - INFO - [FLIPKART] Saved 40 products
2025-12-20 15:55:39,618 - INFO - [FLIPKART] Page 2/3...
2025-12-20 15:55:43,904 - INFO - [DB] COMMITTED 40 Flipkart products
2025-12-20 15:55:43,905 - INFO - [DB] VERIFIED: 60 Flipkart records updated
2025-12-20 15:55:43,905 - INFO - [FLIPKART] Saved 40 products
2025-12-20 15:55:45,905 - INFO - [FLIPKART] Page 3/3...
2025-12-20 15:55:50,558 - INFO - [DB] COMMITTED 40 Flipkart products
2025-12-20 15:55:50,558 - INFO - [DB] VERIFIED: 80 Flipkart records updated
2025-12-20 15:55:50,559 - INFO - [FLIPKART] Saved 40 products
2025-12-20 15:55:50,559 - INFO - [FLIPKART] Total: 120 products saved for Mobiles
2025-12-20 15:55:53,559 - INFO - 
[FLIPKART] Category 2/5
2025-12-20 15:55:53,559 - INFO - 
======================================================================
[FLIPKART] Collecting Electronics
2025-12-20 15:55:53,559 - INFO - [FLIPKART] Page 1/3...
2025-12-20 15:55:57,986 - INFO - [DB] COMMITTED 40 Flipkart products
2025-12-20 15:55:57,987 - INFO - [DB] VERIFIED: 120 Flipkart records updated
2025-12-20 15:55:57,987 - INFO - [FLIPKART] Saved 40 products
2025-12-20 15:55:59,987 - INFO - [FLIPKART] Page 2/3...
2025-12-20 15:56:04,761 - INFO - [DB] COMMITTED 40 Flipkart products
2025-12-20 15:56:04,762 - INFO - [DB] VERIFIED: 140 Flipkart records updated
2025-12-20 15:56:04,762 - INFO - [FLIPKART] Saved 40 products
2025-12-20 15:56:06,762 - INFO - [FLIPKART] Page 3/3...
2025-12-20 15:56:11,073 - INFO - [DB] COMMITTED 40 Flipkart products
2025-12-20 15:56:11,074 - INFO - [DB] VERIFIED: 160 Flipkart records updated
2025-12-20 15:56:11,074 - INFO - [FLIPKART] Saved 40 products
2025-12-20 15:56:11,074 - INFO - [FLIPKART] Total: 120 products saved for Electronics
2025-12-20 15:56:14,074 - INFO - 
[FLIPKART] Category 3/5
2025-12-20 15:56:14,074 - INFO - 
======================================================================
[FLIPKART] Collecting Clothing
2025-12-20 15:56:14,074 - INFO - [FLIPKART] Page 1/3...
2025-12-20 15:56:22,386 - INFO - [DB] COMMITTED 40 Flipkart products
2025-12-20 15:56:22,387 - INFO - [DB] VERIFIED: 200 Flipkart records updated
2025-12-20 15:56:22,387 - INFO - [FLIPKART] Saved 40 products
2025-12-20 15:56:24,387 - INFO - [FLIPKART] Page 2/3...
2025-12-20 15:56:25,385 - ERROR - RapidAPI HTTP 500: b'{"success":false,"message":"Failed to fetch data from Flipkart. Their servers might be experiencing issues.","code":500}'
2025-12-20 15:56:25,386 - WARNING - [FLIPKART] No response for page 2, stopping collection
2025-12-20 15:56:25,386 - INFO - [FLIPKART] Total: 40 products saved for Clothing
2025-12-20 15:56:28,386 - INFO - 
[FLIPKART] Category 4/5
2025-12-20 15:56:28,386 - INFO - 
======================================================================
[FLIPKART] Collecting Home
2025-12-20 15:56:28,386 - INFO - [FLIPKART] Page 1/3...
2025-12-20 15:56:31,886 - WARNING - [FLIPKART] No products found on page 1, stopping collection
2025-12-20 15:56:31,886 - INFO - [FLIPKART] Total: 0 products saved for Home
2025-12-20 15:56:34,887 - INFO - 
[FLIPKART] Category 5/5
2025-12-20 15:56:34,887 - INFO - 
======================================================================
[FLIPKART] Collecting Beauty
2025-12-20 15:56:34,887 - INFO - [FLIPKART] Page 1/3...
2025-12-20 15:56:39,301 - INFO - [DB] COMMITTED 40 Flipkart products
2025-12-20 15:56:39,302 - INFO - [DB] VERIFIED: 200 Flipkart records updated
2025-12-20 15:56:39,302 - INFO - [FLIPKART] Saved 40 products
2025-12-20 15:56:41,302 - INFO - [FLIPKART] Page 2/3...
2025-12-20 15:56:46,474 - INFO - [DB] COMMITTED 40 Flipkart products
2025-12-20 15:56:46,474 - INFO - [DB] VERIFIED: 180 Flipkart records updated
2025-12-20 15:56:46,474 - INFO - [FLIPKART] Saved 40 products
2025-12-20 15:56:48,474 - INFO - [FLIPKART] Page 3/3...
2025-12-20 15:56:53,413 - INFO - [DB] COMMITTED 40 Flipkart products
2025-12-20 15:56:53,413 - INFO - [DB] VERIFIED: 180 Flipkart records updated
2025-12-20 15:56:53,413 - INFO - [FLIPKART] Saved 40 products
2025-12-20 15:56:53,413 - INFO - [FLIPKART] Total: 120 products saved for Beauty
2025-12-20 15:56:53,414 - INFO - [DB] Final commit completed
2025-12-20 15:56:53,414 - INFO - 
======================================================================
[FINAL STATISTICS]
======================================================================
2025-12-20 15:56:53,417 - INFO - 
[AMAZON STATS]
2025-12-20 15:56:53,418 - INFO -   Products: 1443
2025-12-20 15:56:53,418 - INFO -   Unique ASINs: 1321
2025-12-20 15:56:53,418 - INFO -   Categories: 7
2025-12-20 15:56:53,418 - INFO -   Avg Price: Rs 2157.95
2025-12-20 15:56:53,418 - INFO -   Avg Sales: 170,031,970
2025-12-20 15:56:53,418 - INFO -   Last Updated: 2025-12-10 10:25:52.622094+00:00
2025-12-20 15:56:53,419 - INFO - 
[FLIPKART STATS]
2025-12-20 15:56:53,419 - INFO -   Products: 744
2025-12-20 15:56:53,419 - INFO -   Unique PIDs: 744
2025-12-20 15:56:53,419 - INFO -   Categories: 4
2025-12-20 15:56:53,419 - INFO -   Avg Price: Rs 23153.51
2025-12-20 15:56:53,419 - INFO -   Avg Estimated Sales: 166,110
2025-12-20 15:56:53,420 - INFO -   Last Updated: 2025-12-20 10:26:46.474233+00:00
2025-12-20 15:56:53,420 - INFO - 
[COMPLETE] Amazon: 0 | Flipkart: 400 | Total: 400
2025-12-20 15:56:53,420 - INFO - [DB] Disconnected
2025-12-21 15:55:01,515 - INFO - [CONFIG] Loaded - Amazon: True, Flipkart: True
2025-12-21 15:55:01,515 - INFO - [INIT] Amazon API client initialized
2025-12-21 15:55:01,515 - INFO - [INIT] Flipkart API client initialized
2025-12-21 15:55:01,516 - INFO - [START] Multi-platform collection starting
2025-12-21 15:55:01,516 - INFO - [DB] Connecting (attempt 1/3)...
2025-12-21 15:55:01,524 - INFO - [DB] Connected successfully
2025-12-21 15:55:01,525 - INFO - [DB] Tables created successfully (rapidapi_amazon_products & rapidapi_flipkart_products)
2025-12-21 15:55:01,525 - INFO - 
######################################################################
[AMAZON] Starting Amazon collection
######################################################################
2025-12-21 15:55:01,526 - INFO - 
[AMAZON] Category 1/9
2025-12-21 15:55:01,526 - INFO - 
======================================================================
[AMAZON] Collecting Baby Products
2025-12-21 15:55:01,526 - INFO - [AMAZON] Page 1/3...
2025-12-21 15:55:01,910 - ERROR - RapidAPI HTTP 429: b'{"message":"You have exceeded the MONTHLY quota for Requests on your current plan, BASIC. Upgrade your plan at https:\\/\\/rapidapi.com\\/letscrape-6bRBa3QguO5\\/api\\/real-time-amazon-data"}'
2025-12-21 15:55:01,910 - INFO - [AMAZON] Total: 0 products saved for Baby Products
2025-12-21 15:55:04,911 - INFO - 
[AMAZON] Category 2/9
2025-12-21 15:55:04,911 - INFO - 
======================================================================
[AMAZON] Collecting Electronics
2025-12-21 15:55:04,911 - INFO - [AMAZON] Page 1/3...
2025-12-21 15:55:05,291 - ERROR - RapidAPI HTTP 429: b'{"message":"You have exceeded the MONTHLY quota for Requests on your current plan, BASIC. Upgrade your plan at https:\\/\\/rapidapi.com\\/letscrape-6bRBa3QguO5\\/api\\/real-time-amazon-data"}'
2025-12-21 15:55:05,292 - INFO - [AMAZON] Total: 0 products saved for Electronics
2025-12-21 15:55:08,292 - INFO - 
[AMAZON] Category 3/9
2025-12-21 15:55:08,292 - INFO - 
======================================================================
[AMAZON] Collecting Computers & Accessories
2025-12-21 15:55:08,292 - INFO - [AMAZON] Page 1/3...
2025-12-21 15:55:11,040 - ERROR - RapidAPI HTTP 429: b'{"message":"You have exceeded the MONTHLY quota for Requests on your current plan, BASIC. Upgrade your plan at https:\\/\\/rapidapi.com\\/letscrape-6bRBa3QguO5\\/api\\/real-time-amazon-data"}'
2025-12-21 15:55:11,040 - INFO - [AMAZON] Total: 0 products saved for Computers & Accessories
2025-12-21 15:55:14,041 - INFO - 
[AMAZON] Category 4/9
2025-12-21 15:55:14,041 - INFO - 
======================================================================
[AMAZON] Collecting Cell Phones
2025-12-21 15:55:14,041 - INFO - [AMAZON] Page 1/3...
2025-12-21 15:55:14,413 - ERROR - RapidAPI HTTP 429: b'{"message":"You have exceeded the MONTHLY quota for Requests on your current plan, BASIC. Upgrade your plan at https:\\/\\/rapidapi.com\\/letscrape-6bRBa3QguO5\\/api\\/real-time-amazon-data"}'
2025-12-21 15:55:14,414 - INFO - [AMAZON] Total: 0 products saved for Cell Phones
2025-12-21 15:55:17,414 - INFO - 
[AMAZON] Category 5/9
2025-12-21 15:55:17,414 - INFO - 
======================================================================
[AMAZON] Collecting Toys & Games
2025-12-21 15:55:17,414 - INFO - [AMAZON] Page 1/3...
2025-12-21 15:55:17,750 - ERROR - RapidAPI HTTP 429: b'{"message":"You have exceeded the MONTHLY quota for Requests on your current plan, BASIC. Upgrade your plan at https:\\/\\/rapidapi.com\\/letscrape-6bRBa3QguO5\\/api\\/real-time-amazon-data"}'
2025-12-21 15:55:17,750 - INFO - [AMAZON] Total: 0 products saved for Toys & Games
2025-12-21 15:55:20,751 - INFO - 
[AMAZON] Category 6/9
2025-12-21 15:55:20,751 - INFO - 
======================================================================
[AMAZON] Collecting Health & Personal Care
2025-12-21 15:55:20,751 - INFO - [AMAZON] Page 1/3...
2025-12-21 15:55:21,070 - ERROR - RapidAPI HTTP 429: b'{"message":"You have exceeded the MONTHLY quota for Requests on your current plan, BASIC. Upgrade your plan at https:\\/\\/rapidapi.com\\/letscrape-6bRBa3QguO5\\/api\\/real-time-amazon-data"}'
2025-12-21 15:55:21,070 - INFO - [AMAZON] Total: 0 products saved for Health & Personal Care
2025-12-21 15:55:24,071 - INFO - 
[AMAZON] Category 7/9
2025-12-21 15:55:24,071 - INFO - 
======================================================================
[AMAZON] Collecting Video Games
2025-12-21 15:55:24,071 - INFO - [AMAZON] Page 1/3...
2025-12-21 15:55:24,436 - ERROR - RapidAPI HTTP 429: b'{"message":"You have exceeded the MONTHLY quota for Requests on your current plan, BASIC. Upgrade your plan at https:\\/\\/rapidapi.com\\/letscrape-6bRBa3QguO5\\/api\\/real-time-amazon-data"}'
2025-12-21 15:55:24,437 - INFO - [AMAZON] Total: 0 products saved for Video Games
2025-12-21 15:55:27,437 - INFO - 
[AMAZON] Category 8/9
2025-12-21 15:55:27,437 - INFO - 
======================================================================
[AMAZON] Collecting Pet Supplies
2025-12-21 15:55:27,437 - INFO - [AMAZON] Page 1/3...
2025-12-21 15:55:27,764 - ERROR - RapidAPI HTTP 429: b'{"message":"You have exceeded the MONTHLY quota for Requests on your current plan, BASIC. Upgrade your plan at https:\\/\\/rapidapi.com\\/letscrape-6bRBa3QguO5\\/api\\/real-time-amazon-data"}'
2025-12-21 15:55:27,765 - INFO - [AMAZON] Total: 0 products saved for Pet Supplies
2025-12-21 15:55:30,765 - INFO - 
[AMAZON] Category 9/9
2025-12-21 15:55:30,765 - INFO - 
======================================================================
[AMAZON] Collecting Beauty
2025-12-21 15:55:30,765 - INFO - [AMAZON] Page 1/3...
2025-12-21 15:55:31,095 - ERROR - RapidAPI HTTP 429: b'{"message":"You have exceeded the MONTHLY quota for Requests on your current plan, BASIC. Upgrade your plan at https:\\/\\/rapidapi.com\\/letscrape-6bRBa3QguO5\\/api\\/real-time-amazon-data"}'
2025-12-21 15:55:31,096 - INFO - [AMAZON] Total: 0 products saved for Beauty
2025-12-21 15:55:31,096 - INFO - 
######################################################################
[FLIPKART] Starting Flipkart collection
######################################################################
2025-12-21 15:55:31,096 - INFO - 
[FLIPKART] Category 1/5
2025-12-21 15:55:31,096 - INFO - 
======================================================================
[FLIPKART] Collecting Mobiles
2025-12-21 15:55:31,096 - INFO - [FLIPKART] Page 1/3...
2025-12-21 15:55:36,668 - INFO - [DB] COMMITTED 40 Flipkart products
2025-12-21 15:55:36,669 - INFO - [DB] VERIFIED: 40 Flipkart records updated
2025-12-21 15:55:36,669 - INFO - [FLIPKART] Saved 40 products
2025-12-21 15:55:38,669 - INFO - [FLIPKART] Page 2/3...
2025-12-21 15:55:44,332 - INFO - [DB] COMMITTED 40 Flipkart products
2025-12-21 15:55:44,333 - INFO - [DB] VERIFIED: 60 Flipkart records updated
2025-12-21 15:55:44,333 - INFO - [FLIPKART] Saved 40 products
2025-12-21 15:55:46,333 - INFO - [FLIPKART] Page 3/3...
2025-12-21 15:55:50,875 - INFO - [DB] COMMITTED 40 Flipkart products
2025-12-21 15:55:50,876 - INFO - [DB] VERIFIED: 80 Flipkart records updated
2025-12-21 15:55:50,876 - INFO - [FLIPKART] Saved 40 products
2025-12-21 15:55:50,876 - INFO - [FLIPKART] Total: 120 products saved for Mobiles
2025-12-21 15:55:53,876 - INFO - 
[FLIPKART] Category 2/5
2025-12-21 15:55:53,876 - INFO - 
======================================================================
[FLIPKART] Collecting Electronics
2025-12-21 15:55:53,877 - INFO - [FLIPKART] Page 1/3...
2025-12-21 15:55:57,996 - INFO - [DB] COMMITTED 40 Flipkart products
2025-12-21 15:55:57,996 - INFO - [DB] VERIFIED: 120 Flipkart records updated
2025-12-21 15:55:57,996 - INFO - [FLIPKART] Saved 40 products
2025-12-21 15:55:59,997 - INFO - [FLIPKART] Page 2/3...
2025-12-21 15:56:06,651 - INFO - [DB] COMMITTED 40 Flipkart products
2025-12-21 15:56:06,651 - INFO - [DB] VERIFIED: 141 Flipkart records updated
2025-12-21 15:56:06,652 - INFO - [FLIPKART] Saved 40 products
2025-12-21 15:56:08,652 - INFO - [FLIPKART] Page 3/3...
2025-12-21 15:56:13,470 - INFO - [DB] COMMITTED 40 Flipkart products
2025-12-21 15:56:13,470 - INFO - [DB] VERIFIED: 161 Flipkart records updated
2025-12-21 15:56:13,470 - INFO - [FLIPKART] Saved 40 products
2025-12-21 15:56:13,471 - INFO - [FLIPKART] Total: 120 products saved for Electronics
2025-12-21 15:56:16,471 - INFO - 
[FLIPKART] Category 3/5
2025-12-21 15:56:16,471 - INFO - 
======================================================================
[FLIPKART] Collecting Clothing
2025-12-21 15:56:16,471 - INFO - [FLIPKART] Page 1/3...
2025-12-21 15:56:23,911 - INFO - [DB] COMMITTED 40 Flipkart products
2025-12-21 15:56:23,912 - INFO - [DB] VERIFIED: 201 Flipkart records updated
2025-12-21 15:56:23,912 - INFO - [FLIPKART] Saved 40 products
2025-12-21 15:56:25,912 - INFO - [FLIPKART] Page 2/3...
2025-12-21 15:56:33,404 - INFO - [DB] COMMITTED 40 Flipkart products
2025-12-21 15:56:33,404 - INFO - [DB] VERIFIED: 225 Flipkart records updated
2025-12-21 15:56:33,404 - INFO - [FLIPKART] Saved 40 products
2025-12-21 15:56:35,405 - INFO - [FLIPKART] Page 3/3...
2025-12-21 15:56:42,807 - INFO - [DB] COMMITTED 40 Flipkart products
2025-12-21 15:56:42,808 - INFO - [DB] VERIFIED: 205 Flipkart records updated
2025-12-21 15:56:42,808 - INFO - [FLIPKART] Saved 40 products
2025-12-21 15:56:42,808 - INFO - [FLIPKART] Total: 120 products saved for Clothing
2025-12-21 15:56:45,808 - INFO - 
[FLIPKART] Category 4/5
2025-12-21 15:56:45,808 - INFO - 
======================================================================
[FLIPKART] Collecting Home
2025-12-21 15:56:45,808 - INFO - [FLIPKART] Page 1/3...
2025-12-21 15:56:49,331 - WARNING - [FLIPKART] No products found on page 1, stopping collection
2025-12-21 15:56:49,331 - INFO - [FLIPKART] Total: 0 products saved for Home
2025-12-21 15:56:52,331 - INFO - 
[FLIPKART] Category 5/5
2025-12-21 15:56:52,331 - INFO - 
======================================================================
[FLIPKART] Collecting Beauty
2025-12-21 15:56:52,331 - INFO - [FLIPKART] Page 1/3...
2025-12-21 15:56:57,093 - INFO - [DB] COMMITTED 40 Flipkart products
2025-12-21 15:56:57,093 - INFO - [DB] VERIFIED: 185 Flipkart records updated
2025-12-21 15:56:57,093 - INFO - [FLIPKART] Saved 40 products
2025-12-21 15:56:59,093 - INFO - [FLIPKART] Page 2/3...
2025-12-21 15:57:03,232 - INFO - [DB] COMMITTED 40 Flipkart products
2025-12-21 15:57:03,233 - INFO - [DB] VERIFIED: 184 Flipkart records updated
2025-12-21 15:57:03,233 - INFO - [FLIPKART] Saved 40 products
2025-12-21 15:57:05,233 - INFO - [FLIPKART] Page 3/3...
2025-12-21 15:57:08,774 - INFO - [DB] COMMITTED 40 Flipkart products
2025-12-21 15:57:08,774 - INFO - [DB] VERIFIED: 164 Flipkart records updated
2025-12-21 15:57:08,774 - INFO - [FLIPKART] Saved 40 products
2025-12-21 15:57:08,774 - INFO - [FLIPKART] Total: 120 products saved for Beauty
2025-12-21 15:57:08,775 - INFO - [DB] Final commit completed
2025-12-21 15:57:08,775 - INFO - 
======================================================================
[FINAL STATISTICS]
======================================================================
2025-12-21 15:57:08,778 - INFO - 
[AMAZON STATS]
2025-12-21 15:57:08,778 - INFO -   Products: 1443
2025-12-21 15:57:08,778 - INFO -   Unique ASINs: 1321
2025-12-21 15:57:08,778 - INFO -   Categories: 7
2025-12-21 15:57:08,778 - INFO -   Avg Price: Rs 2157.95
2025-12-21 15:57:08,778 - INFO -   Avg Sales: 170,031,970
2025-12-21 15:57:08,778 - INFO -   Last Updated: 2025-12-10 10:25:52.622094+00:00
2025-12-21 15:57:08,780 - INFO - 
[FLIPKART STATS]
2025-12-21 15:57:08,780 - INFO -   Products: 823
2025-12-21 15:57:08,780 - INFO -   Unique PIDs: 823
2025-12-21 15:57:08,780 - INFO -   Categories: 4
2025-12-21 15:57:08,780 - INFO -   Avg Price: Rs 22063.81
2025-12-21 15:57:08,780 - INFO -   Avg Estimated Sales: 158,385
2025-12-21 15:57:08,780 - INFO -   Last Updated: 2025-12-21 10:27:03.233218+00:00
2025-12-21 15:57:08,780 - INFO - 
[COMPLETE] Amazon: 0 | Flipkart: 480 | Total: 480
2025-12-21 15:57:08,781 - INFO - [DB] Disconnected
2025-12-22 15:55:01,873 - INFO - [CONFIG] Loaded - Amazon: True, Flipkart: True
2025-12-22 15:55:01,873 - INFO - [INIT] Amazon API client initialized
2025-12-22 15:55:01,873 - INFO - [INIT] Flipkart API client initialized
2025-12-22 15:55:01,874 - INFO - [START] Multi-platform collection starting
2025-12-22 15:55:01,874 - INFO - [DB] Connecting (attempt 1/3)...
2025-12-22 15:55:01,882 - INFO - [DB] Connected successfully
2025-12-22 15:55:01,883 - INFO - [DB] Tables created successfully (rapidapi_amazon_products & rapidapi_flipkart_products)
2025-12-22 15:55:01,884 - INFO - 
######################################################################
[AMAZON] Starting Amazon collection
######################################################################
2025-12-22 15:55:01,884 - INFO - 
[AMAZON] Category 1/9
2025-12-22 15:55:01,884 - INFO - 
======================================================================
[AMAZON] Collecting Baby Products
2025-12-22 15:55:01,884 - INFO - [AMAZON] Page 1/3...
2025-12-22 15:55:02,470 - ERROR - RapidAPI HTTP 429: b'{"message":"You have exceeded the MONTHLY quota for Requests on your current plan, BASIC. Upgrade your plan at https:\\/\\/rapidapi.com\\/letscrape-6bRBa3QguO5\\/api\\/real-time-amazon-data"}'
2025-12-22 15:55:02,471 - INFO - [AMAZON] Total: 0 products saved for Baby Products
2025-12-22 15:55:05,471 - INFO - 
[AMAZON] Category 2/9
2025-12-22 15:55:05,471 - INFO - 
======================================================================
[AMAZON] Collecting Electronics
2025-12-22 15:55:05,471 - INFO - [AMAZON] Page 1/3...
2025-12-22 15:55:05,807 - ERROR - RapidAPI HTTP 429: b'{"message":"You have exceeded the MONTHLY quota for Requests on your current plan, BASIC. Upgrade your plan at https:\\/\\/rapidapi.com\\/letscrape-6bRBa3QguO5\\/api\\/real-time-amazon-data"}'
2025-12-22 15:55:05,807 - INFO - [AMAZON] Total: 0 products saved for Electronics
2025-12-22 15:55:08,807 - INFO - 
[AMAZON] Category 3/9
2025-12-22 15:55:08,807 - INFO - 
======================================================================
[AMAZON] Collecting Computers & Accessories
2025-12-22 15:55:08,808 - INFO - [AMAZON] Page 1/3...
2025-12-22 15:55:09,259 - ERROR - RapidAPI HTTP 429: b'{"message":"You have exceeded the MONTHLY quota for Requests on your current plan, BASIC. Upgrade your plan at https:\\/\\/rapidapi.com\\/letscrape-6bRBa3QguO5\\/api\\/real-time-amazon-data"}'
2025-12-22 15:55:09,259 - INFO - [AMAZON] Total: 0 products saved for Computers & Accessories
2025-12-22 15:55:12,259 - INFO - 
[AMAZON] Category 4/9
2025-12-22 15:55:12,260 - INFO - 
======================================================================
[AMAZON] Collecting Cell Phones
2025-12-22 15:55:12,260 - INFO - [AMAZON] Page 1/3...
2025-12-22 15:55:12,720 - ERROR - RapidAPI HTTP 429: b'{"message":"You have exceeded the MONTHLY quota for Requests on your current plan, BASIC. Upgrade your plan at https:\\/\\/rapidapi.com\\/letscrape-6bRBa3QguO5\\/api\\/real-time-amazon-data"}'
2025-12-22 15:55:12,720 - INFO - [AMAZON] Total: 0 products saved for Cell Phones
2025-12-22 15:55:15,721 - INFO - 
[AMAZON] Category 5/9
2025-12-22 15:55:15,721 - INFO - 
======================================================================
[AMAZON] Collecting Toys & Games
2025-12-22 15:55:15,721 - INFO - [AMAZON] Page 1/3...
2025-12-22 15:55:16,080 - ERROR - RapidAPI HTTP 429: b'{"message":"You have exceeded the MONTHLY quota for Requests on your current plan, BASIC. Upgrade your plan at https:\\/\\/rapidapi.com\\/letscrape-6bRBa3QguO5\\/api\\/real-time-amazon-data"}'
2025-12-22 15:55:16,081 - INFO - [AMAZON] Total: 0 products saved for Toys & Games
2025-12-22 15:55:19,081 - INFO - 
[AMAZON] Category 6/9
2025-12-22 15:55:19,081 - INFO - 
======================================================================
[AMAZON] Collecting Health & Personal Care
2025-12-22 15:55:19,081 - INFO - [AMAZON] Page 1/3...
2025-12-22 15:55:19,432 - ERROR - RapidAPI HTTP 429: b'{"message":"You have exceeded the MONTHLY quota for Requests on your current plan, BASIC. Upgrade your plan at https:\\/\\/rapidapi.com\\/letscrape-6bRBa3QguO5\\/api\\/real-time-amazon-data"}'
2025-12-22 15:55:19,432 - INFO - [AMAZON] Total: 0 products saved for Health & Personal Care
2025-12-22 15:55:22,433 - INFO - 
[AMAZON] Category 7/9
2025-12-22 15:55:22,433 - INFO - 
======================================================================
[AMAZON] Collecting Video Games
2025-12-22 15:55:22,433 - INFO - [AMAZON] Page 1/3...
2025-12-22 15:55:22,780 - ERROR - RapidAPI HTTP 429: b'{"message":"You have exceeded the MONTHLY quota for Requests on your current plan, BASIC. Upgrade your plan at https:\\/\\/rapidapi.com\\/letscrape-6bRBa3QguO5\\/api\\/real-time-amazon-data"}'
2025-12-22 15:55:22,781 - INFO - [AMAZON] Total: 0 products saved for Video Games
2025-12-22 15:55:25,781 - INFO - 
[AMAZON] Category 8/9
2025-12-22 15:55:25,781 - INFO - 
======================================================================
[AMAZON] Collecting Pet Supplies
2025-12-22 15:55:25,781 - INFO - [AMAZON] Page 1/3...
2025-12-22 15:55:26,172 - ERROR - RapidAPI HTTP 429: b'{"message":"You have exceeded the MONTHLY quota for Requests on your current plan, BASIC. Upgrade your plan at https:\\/\\/rapidapi.com\\/letscrape-6bRBa3QguO5\\/api\\/real-time-amazon-data"}'
2025-12-22 15:55:26,172 - INFO - [AMAZON] Total: 0 products saved for Pet Supplies
2025-12-22 15:55:29,173 - INFO - 
[AMAZON] Category 9/9
2025-12-22 15:55:29,173 - INFO - 
======================================================================
[AMAZON] Collecting Beauty
2025-12-22 15:55:29,173 - INFO - [AMAZON] Page 1/3...
2025-12-22 15:55:29,573 - ERROR - RapidAPI HTTP 429: b'{"message":"You have exceeded the MONTHLY quota for Requests on your current plan, BASIC. Upgrade your plan at https:\\/\\/rapidapi.com\\/letscrape-6bRBa3QguO5\\/api\\/real-time-amazon-data"}'
2025-12-22 15:55:29,573 - INFO - [AMAZON] Total: 0 products saved for Beauty
2025-12-22 15:55:29,574 - INFO - 
######################################################################
[FLIPKART] Starting Flipkart collection
######################################################################
2025-12-22 15:55:29,574 - INFO - 
[FLIPKART] Category 1/5
2025-12-22 15:55:29,574 - INFO - 
======================================================================
[FLIPKART] Collecting Mobiles
2025-12-22 15:55:29,574 - INFO - [FLIPKART] Page 1/3...
2025-12-22 15:55:37,761 - INFO - [DB] COMMITTED 40 Flipkart products
2025-12-22 15:55:37,762 - INFO - [DB] VERIFIED: 40 Flipkart records updated
2025-12-22 15:55:37,762 - INFO - [FLIPKART] Saved 40 products
2025-12-22 15:55:39,762 - INFO - [FLIPKART] Page 2/3...
2025-12-22 15:55:44,907 - INFO - [DB] COMMITTED 40 Flipkart products
2025-12-22 15:55:44,907 - INFO - [DB] VERIFIED: 60 Flipkart records updated
2025-12-22 15:55:44,907 - INFO - [FLIPKART] Saved 40 products
2025-12-22 15:55:46,907 - INFO - [FLIPKART] Page 3/3...
2025-12-22 15:55:50,636 - INFO - [DB] COMMITTED 40 Flipkart products
2025-12-22 15:55:50,637 - INFO - [DB] VERIFIED: 80 Flipkart records updated
2025-12-22 15:55:50,637 - INFO - [FLIPKART] Saved 40 products
2025-12-22 15:55:50,637 - INFO - [FLIPKART] Total: 120 products saved for Mobiles
2025-12-22 15:55:53,637 - INFO - 
[FLIPKART] Category 2/5
2025-12-22 15:55:53,637 - INFO - 
======================================================================
[FLIPKART] Collecting Electronics
2025-12-22 15:55:53,637 - INFO - [FLIPKART] Page 1/3...
2025-12-22 15:55:59,365 - INFO - [DB] COMMITTED 40 Flipkart products
2025-12-22 15:55:59,365 - INFO - [DB] VERIFIED: 120 Flipkart records updated
2025-12-22 15:55:59,365 - INFO - [FLIPKART] Saved 40 products
2025-12-22 15:56:01,365 - INFO - [FLIPKART] Page 2/3...
2025-12-22 15:56:05,837 - INFO - [DB] COMMITTED 40 Flipkart products
2025-12-22 15:56:05,838 - INFO - [DB] VERIFIED: 139 Flipkart records updated
2025-12-22 15:56:05,838 - INFO - [FLIPKART] Saved 40 products
2025-12-22 15:56:07,838 - INFO - [FLIPKART] Page 3/3...
2025-12-22 15:56:12,679 - INFO - [DB] COMMITTED 40 Flipkart products
2025-12-22 15:56:12,679 - INFO - [DB] VERIFIED: 159 Flipkart records updated
2025-12-22 15:56:12,680 - INFO - [FLIPKART] Saved 40 products
2025-12-22 15:56:12,680 - INFO - [FLIPKART] Total: 120 products saved for Electronics
2025-12-22 15:56:15,680 - INFO - 
[FLIPKART] Category 3/5
2025-12-22 15:56:15,680 - INFO - 
======================================================================
[FLIPKART] Collecting Clothing
2025-12-22 15:56:15,680 - INFO - [FLIPKART] Page 1/3...
2025-12-22 15:56:16,987 - ERROR - RapidAPI HTTP 500: b'{"success":false,"message":"Failed to fetch data from Flipkart. Their servers might be experiencing issues.","code":500}'
2025-12-22 15:56:16,988 - WARNING - [FLIPKART] No response for page 1, stopping collection
2025-12-22 15:56:16,988 - INFO - [FLIPKART] Total: 0 products saved for Clothing
2025-12-22 15:56:19,988 - INFO - 
[FLIPKART] Category 4/5
2025-12-22 15:56:19,988 - INFO - 
======================================================================
[FLIPKART] Collecting Home
2025-12-22 15:56:19,988 - INFO - [FLIPKART] Page 1/3...
2025-12-22 15:56:22,854 - WARNING - [FLIPKART] No products found on page 1, stopping collection
2025-12-22 15:56:22,854 - INFO - [FLIPKART] Total: 0 products saved for Home
2025-12-22 15:56:25,854 - INFO - 
[FLIPKART] Category 5/5
2025-12-22 15:56:25,854 - INFO - 
======================================================================
[FLIPKART] Collecting Beauty
2025-12-22 15:56:25,854 - INFO - [FLIPKART] Page 1/3...
2025-12-22 15:56:32,483 - INFO - [DB] COMMITTED 40 Flipkart products
2025-12-22 15:56:32,483 - INFO - [DB] VERIFIED: 199 Flipkart records updated
2025-12-22 15:56:32,483 - INFO - [FLIPKART] Saved 40 products
2025-12-22 15:56:34,483 - INFO - [FLIPKART] Page 2/3...
2025-12-22 15:56:39,495 - INFO - [DB] COMMITTED 40 Flipkart products
2025-12-22 15:56:39,495 - INFO - [DB] VERIFIED: 180 Flipkart records updated
2025-12-22 15:56:39,496 - INFO - [FLIPKART] Saved 40 products
2025-12-22 15:56:41,496 - INFO - [FLIPKART] Page 3/3...
2025-12-22 15:56:45,910 - INFO - [DB] COMMITTED 40 Flipkart products
2025-12-22 15:56:45,911 - INFO - [DB] VERIFIED: 160 Flipkart records updated
2025-12-22 15:56:45,911 - INFO - [FLIPKART] Saved 40 products
2025-12-22 15:56:45,911 - INFO - [FLIPKART] Total: 120 products saved for Beauty
2025-12-22 15:56:45,911 - INFO - [DB] Final commit completed
2025-12-22 15:56:45,911 - INFO - 
======================================================================
[FINAL STATISTICS]
======================================================================
2025-12-22 15:56:45,915 - INFO - 
[AMAZON STATS]
2025-12-22 15:56:45,915 - INFO -   Products: 1443
2025-12-22 15:56:45,915 - INFO -   Unique ASINs: 1321
2025-12-22 15:56:45,915 - INFO -   Categories: 7
2025-12-22 15:56:45,915 - INFO -   Avg Price: Rs 2157.95
2025-12-22 15:56:45,915 - INFO -   Avg Sales: 170,031,970
2025-12-22 15:56:45,915 - INFO -   Last Updated: 2025-12-10 10:25:52.622094+00:00
2025-12-22 15:56:45,917 - INFO - 
[FLIPKART STATS]
2025-12-22 15:56:45,917 - INFO -   Products: 840
2025-12-22 15:56:45,917 - INFO -   Unique PIDs: 840
2025-12-22 15:56:45,917 - INFO -   Categories: 4
2025-12-22 15:56:45,917 - INFO -   Avg Price: Rs 22344.03
2025-12-22 15:56:45,917 - INFO -   Avg Estimated Sales: 156,305
2025-12-22 15:56:45,917 - INFO -   Last Updated: 2025-12-22 10:26:39.495565+00:00
2025-12-22 15:56:45,917 - INFO - 
[COMPLETE] Amazon: 0 | Flipkart: 360 | Total: 360
2025-12-22 15:56:45,917 - INFO - [DB] Disconnected
2025-12-23 15:55:02,004 - INFO - [CONFIG] Loaded - Amazon: True, Flipkart: True
2025-12-23 15:55:02,004 - INFO - [INIT] Amazon API client initialized
2025-12-23 15:55:02,004 - INFO - [INIT] Flipkart API client initialized
2025-12-23 15:55:02,004 - INFO - [START] Multi-platform collection starting
2025-12-23 15:55:02,004 - INFO - [DB] Connecting (attempt 1/3)...
2025-12-23 15:55:02,013 - INFO - [DB] Connected successfully
2025-12-23 15:55:02,014 - INFO - [DB] Tables created successfully (rapidapi_amazon_products & rapidapi_flipkart_products)
2025-12-23 15:55:02,014 - INFO - 
######################################################################
[AMAZON] Starting Amazon collection
######################################################################
2025-12-23 15:55:02,014 - INFO - 
[AMAZON] Category 1/9
2025-12-23 15:55:02,014 - INFO - 
======================================================================
[AMAZON] Collecting Baby Products
2025-12-23 15:55:02,014 - INFO - [AMAZON] Page 1/3...
2025-12-23 15:55:03,318 - ERROR - RapidAPI HTTP 429: b'{"message":"You have exceeded the MONTHLY quota for Requests on your current plan, BASIC. Upgrade your plan at https:\\/\\/rapidapi.com\\/letscrape-6bRBa3QguO5\\/api\\/real-time-amazon-data"}'
2025-12-23 15:55:03,318 - INFO - [AMAZON] Total: 0 products saved for Baby Products
2025-12-23 15:55:06,319 - INFO - 
[AMAZON] Category 2/9
2025-12-23 15:55:06,319 - INFO - 
======================================================================
[AMAZON] Collecting Electronics
2025-12-23 15:55:06,319 - INFO - [AMAZON] Page 1/3...
2025-12-23 15:55:06,619 - ERROR - RapidAPI HTTP 429: b'{"message":"You have exceeded the MONTHLY quota for Requests on your current plan, BASIC. Upgrade your plan at https:\\/\\/rapidapi.com\\/letscrape-6bRBa3QguO5\\/api\\/real-time-amazon-data"}'
2025-12-23 15:55:06,619 - INFO - [AMAZON] Total: 0 products saved for Electronics
2025-12-23 15:55:09,620 - INFO - 
[AMAZON] Category 3/9
2025-12-23 15:55:09,620 - INFO - 
======================================================================
[AMAZON] Collecting Computers & Accessories
2025-12-23 15:55:09,620 - INFO - [AMAZON] Page 1/3...
2025-12-23 15:55:09,937 - ERROR - RapidAPI HTTP 429: b'{"message":"You have exceeded the MONTHLY quota for Requests on your current plan, BASIC. Upgrade your plan at https:\\/\\/rapidapi.com\\/letscrape-6bRBa3QguO5\\/api\\/real-time-amazon-data"}'
2025-12-23 15:55:09,937 - INFO - [AMAZON] Total: 0 products saved for Computers & Accessories
2025-12-23 15:55:12,938 - INFO - 
[AMAZON] Category 4/9
2025-12-23 15:55:12,938 - INFO - 
======================================================================
[AMAZON] Collecting Cell Phones
2025-12-23 15:55:12,938 - INFO - [AMAZON] Page 1/3...
2025-12-23 15:55:13,251 - ERROR - RapidAPI HTTP 429: b'{"message":"You have exceeded the MONTHLY quota for Requests on your current plan, BASIC. Upgrade your plan at https:\\/\\/rapidapi.com\\/letscrape-6bRBa3QguO5\\/api\\/real-time-amazon-data"}'
2025-12-23 15:55:13,251 - INFO - [AMAZON] Total: 0 products saved for Cell Phones
2025-12-23 15:55:16,252 - INFO - 
[AMAZON] Category 5/9
2025-12-23 15:55:16,252 - INFO - 
======================================================================
[AMAZON] Collecting Toys & Games
2025-12-23 15:55:16,252 - INFO - [AMAZON] Page 1/3...
2025-12-23 15:55:16,562 - ERROR - RapidAPI HTTP 429: b'{"message":"You have exceeded the MONTHLY quota for Requests on your current plan, BASIC. Upgrade your plan at https:\\/\\/rapidapi.com\\/letscrape-6bRBa3QguO5\\/api\\/real-time-amazon-data"}'
2025-12-23 15:55:16,563 - INFO - [AMAZON] Total: 0 products saved for Toys & Games
2025-12-23 15:55:19,563 - INFO - 
[AMAZON] Category 6/9
2025-12-23 15:55:19,563 - INFO - 
======================================================================
[AMAZON] Collecting Health & Personal Care
2025-12-23 15:55:19,563 - INFO - [AMAZON] Page 1/3...
2025-12-23 15:55:19,865 - ERROR - RapidAPI HTTP 429: b'{"message":"You have exceeded the MONTHLY quota for Requests on your current plan, BASIC. Upgrade your plan at https:\\/\\/rapidapi.com\\/letscrape-6bRBa3QguO5\\/api\\/real-time-amazon-data"}'
2025-12-23 15:55:19,866 - INFO - [AMAZON] Total: 0 products saved for Health & Personal Care
2025-12-23 15:55:22,866 - INFO - 
[AMAZON] Category 7/9
2025-12-23 15:55:22,866 - INFO - 
======================================================================
[AMAZON] Collecting Video Games
2025-12-23 15:55:22,866 - INFO - [AMAZON] Page 1/3...
2025-12-23 15:55:23,225 - ERROR - RapidAPI HTTP 429: b'{"message":"You have exceeded the MONTHLY quota for Requests on your current plan, BASIC. Upgrade your plan at https:\\/\\/rapidapi.com\\/letscrape-6bRBa3QguO5\\/api\\/real-time-amazon-data"}'
2025-12-23 15:55:23,226 - INFO - [AMAZON] Total: 0 products saved for Video Games
2025-12-23 15:55:26,226 - INFO - 
[AMAZON] Category 8/9
2025-12-23 15:55:26,226 - INFO - 
======================================================================
[AMAZON] Collecting Pet Supplies
2025-12-23 15:55:26,226 - INFO - [AMAZON] Page 1/3...
2025-12-23 15:55:26,535 - ERROR - RapidAPI HTTP 429: b'{"message":"You have exceeded the MONTHLY quota for Requests on your current plan, BASIC. Upgrade your plan at https:\\/\\/rapidapi.com\\/letscrape-6bRBa3QguO5\\/api\\/real-time-amazon-data"}'
2025-12-23 15:55:26,535 - INFO - [AMAZON] Total: 0 products saved for Pet Supplies
2025-12-23 15:55:29,536 - INFO - 
[AMAZON] Category 9/9
2025-12-23 15:55:29,536 - INFO - 
======================================================================
[AMAZON] Collecting Beauty
2025-12-23 15:55:29,536 - INFO - [AMAZON] Page 1/3...
2025-12-23 15:55:29,853 - ERROR - RapidAPI HTTP 429: b'{"message":"You have exceeded the MONTHLY quota for Requests on your current plan, BASIC. Upgrade your plan at https:\\/\\/rapidapi.com\\/letscrape-6bRBa3QguO5\\/api\\/real-time-amazon-data"}'
2025-12-23 15:55:29,853 - INFO - [AMAZON] Total: 0 products saved for Beauty
2025-12-23 15:55:29,854 - INFO - 
######################################################################
[FLIPKART] Starting Flipkart collection
######################################################################
2025-12-23 15:55:29,854 - INFO - 
[FLIPKART] Category 1/5
2025-12-23 15:55:29,854 - INFO - 
======================================================================
[FLIPKART] Collecting Mobiles
2025-12-23 15:55:29,854 - INFO - [FLIPKART] Page 1/3...
2025-12-23 15:55:35,749 - INFO - [DB] COMMITTED 40 Flipkart products
2025-12-23 15:55:35,750 - INFO - [DB] VERIFIED: 40 Flipkart records updated
2025-12-23 15:55:35,750 - INFO - [FLIPKART] Saved 40 products
2025-12-23 15:55:37,750 - INFO - [FLIPKART] Page 2/3...
2025-12-23 15:55:44,700 - INFO - [DB] COMMITTED 40 Flipkart products
2025-12-23 15:55:44,701 - INFO - [DB] VERIFIED: 60 Flipkart records updated
2025-12-23 15:55:44,701 - INFO - [FLIPKART] Saved 40 products
2025-12-23 15:55:46,701 - INFO - [FLIPKART] Page 3/3...
2025-12-23 15:55:51,318 - INFO - [DB] COMMITTED 40 Flipkart products
2025-12-23 15:55:51,318 - INFO - [DB] VERIFIED: 80 Flipkart records updated
2025-12-23 15:55:51,318 - INFO - [FLIPKART] Saved 40 products
2025-12-23 15:55:51,318 - INFO - [FLIPKART] Total: 120 products saved for Mobiles
2025-12-23 15:55:54,319 - INFO - 
[FLIPKART] Category 2/5
2025-12-23 15:55:54,319 - INFO - 
======================================================================
[FLIPKART] Collecting Electronics
2025-12-23 15:55:54,319 - INFO - [FLIPKART] Page 1/3...
2025-12-23 15:55:59,277 - INFO - [DB] COMMITTED 40 Flipkart products
2025-12-23 15:55:59,277 - INFO - [DB] VERIFIED: 120 Flipkart records updated
2025-12-23 15:55:59,278 - INFO - [FLIPKART] Saved 40 products
2025-12-23 15:56:01,278 - INFO - [FLIPKART] Page 2/3...
2025-12-23 15:56:05,690 - INFO - [DB] COMMITTED 40 Flipkart products
2025-12-23 15:56:05,690 - INFO - [DB] VERIFIED: 139 Flipkart records updated
2025-12-23 15:56:05,690 - INFO - [FLIPKART] Saved 40 products
2025-12-23 15:56:07,690 - INFO - [FLIPKART] Page 3/3...
2025-12-23 15:56:11,577 - INFO - [DB] COMMITTED 40 Flipkart products
2025-12-23 15:56:11,578 - INFO - [DB] VERIFIED: 158 Flipkart records updated
2025-12-23 15:56:11,578 - INFO - [FLIPKART] Saved 40 products
2025-12-23 15:56:11,578 - INFO - [FLIPKART] Total: 120 products saved for Electronics
2025-12-23 15:56:14,578 - INFO - 
[FLIPKART] Category 3/5
2025-12-23 15:56:14,578 - INFO - 
======================================================================
[FLIPKART] Collecting Clothing
2025-12-23 15:56:14,578 - INFO - [FLIPKART] Page 1/3...
2025-12-23 15:56:23,815 - INFO - [DB] COMMITTED 40 Flipkart products
2025-12-23 15:56:23,816 - INFO - [DB] VERIFIED: 198 Flipkart records updated
2025-12-23 15:56:23,816 - INFO - [FLIPKART] Saved 40 products
2025-12-23 15:56:25,816 - INFO - [FLIPKART] Page 2/3...
2025-12-23 15:56:33,386 - INFO - [DB] COMMITTED 40 Flipkart products
2025-12-23 15:56:33,387 - INFO - [DB] VERIFIED: 218 Flipkart records updated
2025-12-23 15:56:33,387 - INFO - [FLIPKART] Saved 40 products
2025-12-23 15:56:35,387 - INFO - [FLIPKART] Page 3/3...
2025-12-23 15:56:44,104 - INFO - [DB] COMMITTED 40 Flipkart products
2025-12-23 15:56:44,105 - INFO - [DB] VERIFIED: 199 Flipkart records updated
2025-12-23 15:56:44,105 - INFO - [FLIPKART] Saved 40 products
2025-12-23 15:56:44,105 - INFO - [FLIPKART] Total: 120 products saved for Clothing
2025-12-23 15:56:47,105 - INFO - 
[FLIPKART] Category 4/5
2025-12-23 15:56:47,105 - INFO - 
======================================================================
[FLIPKART] Collecting Home
2025-12-23 15:56:47,105 - INFO - [FLIPKART] Page 1/3...
2025-12-23 15:56:50,636 - WARNING - [FLIPKART] No products found on page 1, stopping collection
2025-12-23 15:56:50,636 - INFO - [FLIPKART] Total: 0 products saved for Home
2025-12-23 15:56:53,636 - INFO - 
[FLIPKART] Category 5/5
2025-12-23 15:56:53,636 - INFO - 
======================================================================
[FLIPKART] Collecting Beauty
2025-12-23 15:56:53,636 - INFO - [FLIPKART] Page 1/3...
2025-12-23 15:56:57,633 - INFO - [DB] COMMITTED 40 Flipkart products
2025-12-23 15:56:57,634 - INFO - [DB] VERIFIED: 180 Flipkart records updated
2025-12-23 15:56:57,634 - INFO - [FLIPKART] Saved 40 products
2025-12-23 15:56:59,634 - INFO - [FLIPKART] Page 2/3...
2025-12-23 15:57:03,504 - INFO - [DB] COMMITTED 40 Flipkart products
2025-12-23 15:57:03,505 - INFO - [DB] VERIFIED: 181 Flipkart records updated
2025-12-23 15:57:03,505 - INFO - [FLIPKART] Saved 40 products
2025-12-23 15:57:05,505 - INFO - [FLIPKART] Page 3/3...
2025-12-23 15:57:09,296 - INFO - [DB] COMMITTED 40 Flipkart products
2025-12-23 15:57:09,297 - INFO - [DB] VERIFIED: 160 Flipkart records updated
2025-12-23 15:57:09,297 - INFO - [FLIPKART] Saved 40 products
2025-12-23 15:57:09,297 - INFO - [FLIPKART] Total: 120 products saved for Beauty
2025-12-23 15:57:09,297 - INFO - [DB] Final commit completed
2025-12-23 15:57:09,297 - INFO - 
======================================================================
[FINAL STATISTICS]
======================================================================
2025-12-23 15:57:09,301 - INFO - 
[AMAZON STATS]
2025-12-23 15:57:09,301 - INFO -   Products: 1443
2025-12-23 15:57:09,301 - INFO -   Unique ASINs: 1321
2025-12-23 15:57:09,301 - INFO -   Categories: 7
2025-12-23 15:57:09,301 - INFO -   Avg Price: Rs 2157.95
2025-12-23 15:57:09,301 - INFO -   Avg Sales: 170,031,970
2025-12-23 15:57:09,301 - INFO -   Last Updated: 2025-12-10 10:25:52.622094+00:00
2025-12-23 15:57:09,304 - INFO - 
[FLIPKART STATS]
2025-12-23 15:57:09,304 - INFO -   Products: 911
2025-12-23 15:57:09,304 - INFO -   Unique PIDs: 911
2025-12-23 15:57:09,304 - INFO -   Categories: 4
2025-12-23 15:57:09,304 - INFO -   Avg Price: Rs 21600.58
2025-12-23 15:57:09,304 - INFO -   Avg Estimated Sales: 151,181
2025-12-23 15:57:09,304 - INFO -   Last Updated: 2025-12-23 10:27:03.504976+00:00
2025-12-23 15:57:09,304 - INFO - 
[COMPLETE] Amazon: 0 | Flipkart: 480 | Total: 480
2025-12-23 15:57:09,304 - INFO - [DB] Disconnected
2025-12-24 15:55:01,388 - INFO - [CONFIG] Loaded - Amazon: True, Flipkart: True
2025-12-24 15:55:01,388 - INFO - [INIT] Amazon API client initialized
2025-12-24 15:55:01,388 - INFO - [INIT] Flipkart API client initialized
2025-12-24 15:55:01,388 - INFO - [START] Multi-platform collection starting
2025-12-24 15:55:01,388 - INFO - [DB] Connecting (attempt 1/3)...
2025-12-24 15:55:01,397 - INFO - [DB] Connected successfully
2025-12-24 15:55:01,398 - INFO - [DB] Tables created successfully (rapidapi_amazon_products & rapidapi_flipkart_products)
2025-12-24 15:55:01,398 - INFO - 
######################################################################
[AMAZON] Starting Amazon collection
######################################################################
2025-12-24 15:55:01,398 - INFO - 
[AMAZON] Category 1/9
2025-12-24 15:55:01,398 - INFO - 
======================================================================
[AMAZON] Collecting Baby Products
2025-12-24 15:55:01,398 - INFO - [AMAZON] Page 1/3...
2025-12-24 15:55:03,523 - ERROR - RapidAPI HTTP 429: b'{"message":"You have exceeded the MONTHLY quota for Requests on your current plan, BASIC. Upgrade your plan at https:\\/\\/rapidapi.com\\/letscrape-6bRBa3QguO5\\/api\\/real-time-amazon-data"}'
2025-12-24 15:55:03,524 - INFO - [AMAZON] Total: 0 products saved for Baby Products
2025-12-24 15:55:06,524 - INFO - 
[AMAZON] Category 2/9
2025-12-24 15:55:06,525 - INFO - 
======================================================================
[AMAZON] Collecting Electronics
2025-12-24 15:55:06,525 - INFO - [AMAZON] Page 1/3...
2025-12-24 15:55:06,835 - ERROR - RapidAPI HTTP 429: b'{"message":"You have exceeded the MONTHLY quota for Requests on your current plan, BASIC. Upgrade your plan at https:\\/\\/rapidapi.com\\/letscrape-6bRBa3QguO5\\/api\\/real-time-amazon-data"}'
2025-12-24 15:55:06,836 - INFO - [AMAZON] Total: 0 products saved for Electronics
2025-12-24 15:55:09,836 - INFO - 
[AMAZON] Category 3/9
2025-12-24 15:55:09,836 - INFO - 
======================================================================
[AMAZON] Collecting Computers & Accessories
2025-12-24 15:55:09,836 - INFO - [AMAZON] Page 1/3...
2025-12-24 15:55:10,226 - ERROR - RapidAPI HTTP 429: b'{"message":"You have exceeded the MONTHLY quota for Requests on your current plan, BASIC. Upgrade your plan at https:\\/\\/rapidapi.com\\/letscrape-6bRBa3QguO5\\/api\\/real-time-amazon-data"}'
2025-12-24 15:55:10,227 - INFO - [AMAZON] Total: 0 products saved for Computers & Accessories
2025-12-24 15:55:13,227 - INFO - 
[AMAZON] Category 4/9
2025-12-24 15:55:13,227 - INFO - 
======================================================================
[AMAZON] Collecting Cell Phones
2025-12-24 15:55:13,227 - INFO - [AMAZON] Page 1/3...
2025-12-24 15:55:13,615 - ERROR - RapidAPI HTTP 429: b'{"message":"You have exceeded the MONTHLY quota for Requests on your current plan, BASIC. Upgrade your plan at https:\\/\\/rapidapi.com\\/letscrape-6bRBa3QguO5\\/api\\/real-time-amazon-data"}'
2025-12-24 15:55:13,615 - INFO - [AMAZON] Total: 0 products saved for Cell Phones
2025-12-24 15:55:16,616 - INFO - 
[AMAZON] Category 5/9
2025-12-24 15:55:16,616 - INFO - 
======================================================================
[AMAZON] Collecting Toys & Games
2025-12-24 15:55:16,616 - INFO - [AMAZON] Page 1/3...
2025-12-24 15:55:16,954 - ERROR - RapidAPI HTTP 429: b'{"message":"You have exceeded the MONTHLY quota for Requests on your current plan, BASIC. Upgrade your plan at https:\\/\\/rapidapi.com\\/letscrape-6bRBa3QguO5\\/api\\/real-time-amazon-data"}'
2025-12-24 15:55:16,955 - INFO - [AMAZON] Total: 0 products saved for Toys & Games
2025-12-24 15:55:19,955 - INFO - 
[AMAZON] Category 6/9
2025-12-24 15:55:19,955 - INFO - 
======================================================================
[AMAZON] Collecting Health & Personal Care
2025-12-24 15:55:19,955 - INFO - [AMAZON] Page 1/3...
2025-12-24 15:55:20,306 - ERROR - RapidAPI HTTP 429: b'{"message":"You have exceeded the MONTHLY quota for Requests on your current plan, BASIC. Upgrade your plan at https:\\/\\/rapidapi.com\\/letscrape-6bRBa3QguO5\\/api\\/real-time-amazon-data"}'
2025-12-24 15:55:20,307 - INFO - [AMAZON] Total: 0 products saved for Health & Personal Care
2025-12-24 15:55:23,307 - INFO - 
[AMAZON] Category 7/9
2025-12-24 15:55:23,307 - INFO - 
======================================================================
[AMAZON] Collecting Video Games
2025-12-24 15:55:23,307 - INFO - [AMAZON] Page 1/3...
2025-12-24 15:55:23,611 - ERROR - RapidAPI HTTP 429: b'{"message":"You have exceeded the MONTHLY quota for Requests on your current plan, BASIC. Upgrade your plan at https:\\/\\/rapidapi.com\\/letscrape-6bRBa3QguO5\\/api\\/real-time-amazon-data"}'
2025-12-24 15:55:23,612 - INFO - [AMAZON] Total: 0 products saved for Video Games
2025-12-24 15:55:26,612 - INFO - 
[AMAZON] Category 8/9
2025-12-24 15:55:26,612 - INFO - 
======================================================================
[AMAZON] Collecting Pet Supplies
2025-12-24 15:55:26,612 - INFO - [AMAZON] Page 1/3...
2025-12-24 15:55:27,018 - ERROR - RapidAPI HTTP 429: b'{"message":"You have exceeded the MONTHLY quota for Requests on your current plan, BASIC. Upgrade your plan at https:\\/\\/rapidapi.com\\/letscrape-6bRBa3QguO5\\/api\\/real-time-amazon-data"}'
2025-12-24 15:55:27,019 - INFO - [AMAZON] Total: 0 products saved for Pet Supplies
2025-12-24 15:55:30,019 - INFO - 
[AMAZON] Category 9/9
2025-12-24 15:55:30,019 - INFO - 
======================================================================
[AMAZON] Collecting Beauty
2025-12-24 15:55:30,019 - INFO - [AMAZON] Page 1/3...
2025-12-24 15:55:30,341 - ERROR - RapidAPI HTTP 429: b'{"message":"You have exceeded the MONTHLY quota for Requests on your current plan, BASIC. Upgrade your plan at https:\\/\\/rapidapi.com\\/letscrape-6bRBa3QguO5\\/api\\/real-time-amazon-data"}'
2025-12-24 15:55:30,341 - INFO - [AMAZON] Total: 0 products saved for Beauty
2025-12-24 15:55:30,342 - INFO - 
######################################################################
[FLIPKART] Starting Flipkart collection
######################################################################
2025-12-24 15:55:30,342 - INFO - 
[FLIPKART] Category 1/5
2025-12-24 15:55:30,342 - INFO - 
======================================================================
[FLIPKART] Collecting Mobiles
2025-12-24 15:55:30,342 - INFO - [FLIPKART] Page 1/3...
2025-12-24 15:55:36,891 - INFO - [DB] COMMITTED 40 Flipkart products
2025-12-24 15:55:36,892 - INFO - [DB] VERIFIED: 40 Flipkart records updated
2025-12-24 15:55:36,892 - INFO - [FLIPKART] Saved 40 products
2025-12-24 15:55:38,892 - INFO - [FLIPKART] Page 2/3...
2025-12-24 15:55:44,574 - INFO - [DB] COMMITTED 40 Flipkart products
2025-12-24 15:55:44,574 - INFO - [DB] VERIFIED: 60 Flipkart records updated
2025-12-24 15:55:44,574 - INFO - [FLIPKART] Saved 40 products
2025-12-24 15:55:46,575 - INFO - [FLIPKART] Page 3/3...
2025-12-24 15:55:56,094 - INFO - [DB] COMMITTED 40 Flipkart products
2025-12-24 15:55:56,094 - INFO - [DB] VERIFIED: 80 Flipkart records updated
2025-12-24 15:55:56,094 - INFO - [FLIPKART] Saved 40 products
2025-12-24 15:55:56,094 - INFO - [FLIPKART] Total: 120 products saved for Mobiles
2025-12-24 15:55:59,094 - INFO - 
[FLIPKART] Category 2/5
2025-12-24 15:55:59,094 - INFO - 
======================================================================
[FLIPKART] Collecting Electronics
2025-12-24 15:55:59,094 - INFO - [FLIPKART] Page 1/3...
2025-12-24 15:56:03,819 - INFO - [DB] COMMITTED 40 Flipkart products
2025-12-24 15:56:03,819 - INFO - [DB] VERIFIED: 120 Flipkart records updated
2025-12-24 15:56:03,819 - INFO - [FLIPKART] Saved 40 products
2025-12-24 15:56:05,819 - INFO - [FLIPKART] Page 2/3...
2025-12-24 15:56:11,086 - INFO - [DB] COMMITTED 40 Flipkart products
2025-12-24 15:56:11,087 - INFO - [DB] VERIFIED: 140 Flipkart records updated
2025-12-24 15:56:11,087 - INFO - [FLIPKART] Saved 40 products
2025-12-24 15:56:13,087 - INFO - [FLIPKART] Page 3/3...
2025-12-24 15:56:18,975 - INFO - [DB] COMMITTED 40 Flipkart products
2025-12-24 15:56:18,976 - INFO - [DB] VERIFIED: 160 Flipkart records updated
2025-12-24 15:56:18,976 - INFO - [FLIPKART] Saved 40 products
2025-12-24 15:56:18,976 - INFO - [FLIPKART] Total: 120 products saved for Electronics
2025-12-24 15:56:21,976 - INFO - 
[FLIPKART] Category 3/5
2025-12-24 15:56:21,976 - INFO - 
======================================================================
[FLIPKART] Collecting Clothing
2025-12-24 15:56:21,976 - INFO - [FLIPKART] Page 1/3...
2025-12-24 15:56:28,393 - INFO - [DB] COMMITTED 40 Flipkart products
2025-12-24 15:56:28,394 - INFO - [DB] VERIFIED: 200 Flipkart records updated
2025-12-24 15:56:28,394 - INFO - [FLIPKART] Saved 40 products
2025-12-24 15:56:30,394 - INFO - [FLIPKART] Page 2/3...
2025-12-24 15:56:40,258 - INFO - [DB] COMMITTED 40 Flipkart products
2025-12-24 15:56:40,259 - INFO - [DB] VERIFIED: 180 Flipkart records updated
2025-12-24 15:56:40,259 - INFO - [FLIPKART] Saved 40 products
2025-12-24 15:56:42,259 - INFO - [FLIPKART] Page 3/3...
2025-12-24 15:56:50,714 - INFO - [DB] COMMITTED 40 Flipkart products
2025-12-24 15:56:50,714 - INFO - [DB] VERIFIED: 161 Flipkart records updated
2025-12-24 15:56:50,715 - INFO - [FLIPKART] Saved 40 products
2025-12-24 15:56:50,715 - INFO - [FLIPKART] Total: 120 products saved for Clothing
2025-12-24 15:56:53,715 - INFO - 
[FLIPKART] Category 4/5
2025-12-24 15:56:53,715 - INFO - 
======================================================================
[FLIPKART] Collecting Home
2025-12-24 15:56:53,715 - INFO - [FLIPKART] Page 1/3...
2025-12-24 15:56:56,276 - WARNING - [FLIPKART] No products found on page 1, stopping collection
2025-12-24 15:56:56,276 - INFO - [FLIPKART] Total: 0 products saved for Home
2025-12-24 15:56:59,276 - INFO - 
[FLIPKART] Category 5/5
2025-12-24 15:56:59,276 - INFO - 
======================================================================
[FLIPKART] Collecting Beauty
2025-12-24 15:56:59,276 - INFO - [FLIPKART] Page 1/3...
2025-12-24 15:57:04,523 - INFO - [DB] COMMITTED 40 Flipkart products
2025-12-24 15:57:04,524 - INFO - [DB] VERIFIED: 161 Flipkart records updated
2025-12-24 15:57:04,524 - INFO - [FLIPKART] Saved 40 products
2025-12-24 15:57:06,524 - INFO - [FLIPKART] Page 2/3...
2025-12-24 15:57:11,325 - INFO - [DB] COMMITTED 40 Flipkart products
2025-12-24 15:57:11,326 - INFO - [DB] VERIFIED: 141 Flipkart records updated
2025-12-24 15:57:11,326 - INFO - [FLIPKART] Saved 40 products
2025-12-24 15:57:13,326 - INFO - [FLIPKART] Page 3/3...
2025-12-24 15:57:17,644 - INFO - [DB] COMMITTED 40 Flipkart products
2025-12-24 15:57:17,644 - INFO - [DB] VERIFIED: 160 Flipkart records updated
2025-12-24 15:57:17,645 - INFO - [FLIPKART] Saved 40 products
2025-12-24 15:57:17,645 - INFO - [FLIPKART] Total: 120 products saved for Beauty
2025-12-24 15:57:17,645 - INFO - [DB] Final commit completed
2025-12-24 15:57:17,645 - INFO - 
======================================================================
[FINAL STATISTICS]
======================================================================
2025-12-24 15:57:17,648 - INFO - 
[AMAZON STATS]
2025-12-24 15:57:17,648 - INFO -   Products: 1443
2025-12-24 15:57:17,648 - INFO -   Unique ASINs: 1321
2025-12-24 15:57:17,648 - INFO -   Categories: 7
2025-12-24 15:57:17,649 - INFO -   Avg Price: Rs 2157.95
2025-12-24 15:57:17,649 - INFO -   Avg Sales: 170,031,970
2025-12-24 15:57:17,649 - INFO -   Last Updated: 2025-12-10 10:25:52.622094+00:00
2025-12-24 15:57:17,651 - INFO - 
[FLIPKART STATS]
2025-12-24 15:57:17,651 - INFO -   Products: 974
2025-12-24 15:57:17,651 - INFO -   Unique PIDs: 974
2025-12-24 15:57:17,651 - INFO -   Categories: 4
2025-12-24 15:57:17,651 - INFO -   Avg Price: Rs 21248.60
2025-12-24 15:57:17,651 - INFO -   Avg Estimated Sales: 144,412
2025-12-24 15:57:17,651 - INFO -   Last Updated: 2025-12-24 10:27:11.325645+00:00
2025-12-24 15:57:17,651 - INFO - 
[COMPLETE] Amazon: 0 | Flipkart: 480 | Total: 480
2025-12-24 15:57:17,651 - INFO - [DB] Disconnected
2025-12-25 15:55:01,737 - INFO - [CONFIG] Loaded - Amazon: True, Flipkart: True
2025-12-25 15:55:01,737 - INFO - [INIT] Amazon API client initialized
2025-12-25 15:55:01,737 - INFO - [INIT] Flipkart API client initialized
2025-12-25 15:55:01,737 - INFO - [START] Multi-platform collection starting
2025-12-25 15:55:01,737 - INFO - [DB] Connecting (attempt 1/3)...
2025-12-25 15:55:01,746 - INFO - [DB] Connected successfully
2025-12-25 15:55:01,747 - INFO - [DB] Tables created successfully (rapidapi_amazon_products & rapidapi_flipkart_products)
2025-12-25 15:55:01,747 - INFO - 
######################################################################
[AMAZON] Starting Amazon collection
######################################################################
2025-12-25 15:55:01,747 - INFO - 
[AMAZON] Category 1/9
2025-12-25 15:55:01,747 - INFO - 
======================================================================
[AMAZON] Collecting Baby Products
2025-12-25 15:55:01,747 - INFO - [AMAZON] Page 1/3...
2025-12-25 15:55:02,192 - ERROR - RapidAPI HTTP 429: b'{"message":"You have exceeded the MONTHLY quota for Requests on your current plan, BASIC. Upgrade your plan at https:\\/\\/rapidapi.com\\/letscrape-6bRBa3QguO5\\/api\\/real-time-amazon-data"}'
2025-12-25 15:55:02,193 - INFO - [AMAZON] Total: 0 products saved for Baby Products
2025-12-25 15:55:05,193 - INFO - 
[AMAZON] Category 2/9
2025-12-25 15:55:05,193 - INFO - 
======================================================================
[AMAZON] Collecting Electronics
2025-12-25 15:55:05,193 - INFO - [AMAZON] Page 1/3...
2025-12-25 15:55:05,501 - ERROR - RapidAPI HTTP 429: b'{"message":"You have exceeded the MONTHLY quota for Requests on your current plan, BASIC. Upgrade your plan at https:\\/\\/rapidapi.com\\/letscrape-6bRBa3QguO5\\/api\\/real-time-amazon-data"}'
2025-12-25 15:55:05,501 - INFO - [AMAZON] Total: 0 products saved for Electronics
2025-12-25 15:55:08,502 - INFO - 
[AMAZON] Category 3/9
2025-12-25 15:55:08,502 - INFO - 
======================================================================
[AMAZON] Collecting Computers & Accessories
2025-12-25 15:55:08,502 - INFO - [AMAZON] Page 1/3...
2025-12-25 15:55:08,844 - ERROR - RapidAPI HTTP 429: b'{"message":"You have exceeded the MONTHLY quota for Requests on your current plan, BASIC. Upgrade your plan at https:\\/\\/rapidapi.com\\/letscrape-6bRBa3QguO5\\/api\\/real-time-amazon-data"}'
2025-12-25 15:55:08,845 - INFO - [AMAZON] Total: 0 products saved for Computers & Accessories
2025-12-25 15:55:11,845 - INFO - 
[AMAZON] Category 4/9
2025-12-25 15:55:11,845 - INFO - 
======================================================================
[AMAZON] Collecting Cell Phones
2025-12-25 15:55:11,845 - INFO - [AMAZON] Page 1/3...
2025-12-25 15:55:12,236 - ERROR - RapidAPI HTTP 429: b'{"message":"You have exceeded the MONTHLY quota for Requests on your current plan, BASIC. Upgrade your plan at https:\\/\\/rapidapi.com\\/letscrape-6bRBa3QguO5\\/api\\/real-time-amazon-data"}'
2025-12-25 15:55:12,236 - INFO - [AMAZON] Total: 0 products saved for Cell Phones
2025-12-25 15:55:15,237 - INFO - 
[AMAZON] Category 5/9
2025-12-25 15:55:15,237 - INFO - 
======================================================================
[AMAZON] Collecting Toys & Games
2025-12-25 15:55:15,237 - INFO - [AMAZON] Page 1/3...
2025-12-25 15:55:15,561 - ERROR - RapidAPI HTTP 429: b'{"message":"You have exceeded the MONTHLY quota for Requests on your current plan, BASIC. Upgrade your plan at https:\\/\\/rapidapi.com\\/letscrape-6bRBa3QguO5\\/api\\/real-time-amazon-data"}'
2025-12-25 15:55:15,562 - INFO - [AMAZON] Total: 0 products saved for Toys & Games
2025-12-25 15:55:18,562 - INFO - 
[AMAZON] Category 6/9
2025-12-25 15:55:18,562 - INFO - 
======================================================================
[AMAZON] Collecting Health & Personal Care
2025-12-25 15:55:18,562 - INFO - [AMAZON] Page 1/3...
2025-12-25 15:55:18,888 - ERROR - RapidAPI HTTP 429: b'{"message":"You have exceeded the MONTHLY quota for Requests on your current plan, BASIC. Upgrade your plan at https:\\/\\/rapidapi.com\\/letscrape-6bRBa3QguO5\\/api\\/real-time-amazon-data"}'
2025-12-25 15:55:18,889 - INFO - [AMAZON] Total: 0 products saved for Health & Personal Care
2025-12-25 15:55:21,889 - INFO - 
[AMAZON] Category 7/9
2025-12-25 15:55:21,889 - INFO - 
======================================================================
[AMAZON] Collecting Video Games
2025-12-25 15:55:21,889 - INFO - [AMAZON] Page 1/3...
2025-12-25 15:55:22,246 - ERROR - RapidAPI HTTP 429: b'{"message":"You have exceeded the MONTHLY quota for Requests on your current plan, BASIC. Upgrade your plan at https:\\/\\/rapidapi.com\\/letscrape-6bRBa3QguO5\\/api\\/real-time-amazon-data"}'
2025-12-25 15:55:22,246 - INFO - [AMAZON] Total: 0 products saved for Video Games
2025-12-25 15:55:25,246 - INFO - 
[AMAZON] Category 8/9
2025-12-25 15:55:25,246 - INFO - 
======================================================================
[AMAZON] Collecting Pet Supplies
2025-12-25 15:55:25,246 - INFO - [AMAZON] Page 1/3...
2025-12-25 15:55:25,569 - ERROR - RapidAPI HTTP 429: b'{"message":"You have exceeded the MONTHLY quota for Requests on your current plan, BASIC. Upgrade your plan at https:\\/\\/rapidapi.com\\/letscrape-6bRBa3QguO5\\/api\\/real-time-amazon-data"}'
2025-12-25 15:55:25,570 - INFO - [AMAZON] Total: 0 products saved for Pet Supplies
2025-12-25 15:55:28,570 - INFO - 
[AMAZON] Category 9/9
2025-12-25 15:55:28,570 - INFO - 
======================================================================
[AMAZON] Collecting Beauty
2025-12-25 15:55:28,570 - INFO - [AMAZON] Page 1/3...
2025-12-25 15:55:28,978 - ERROR - RapidAPI HTTP 429: b'{"message":"You have exceeded the MONTHLY quota for Requests on your current plan, BASIC. Upgrade your plan at https:\\/\\/rapidapi.com\\/letscrape-6bRBa3QguO5\\/api\\/real-time-amazon-data"}'
2025-12-25 15:55:28,978 - INFO - [AMAZON] Total: 0 products saved for Beauty
2025-12-25 15:55:28,979 - INFO - 
######################################################################
[FLIPKART] Starting Flipkart collection
######################################################################
2025-12-25 15:55:28,979 - INFO - 
[FLIPKART] Category 1/5
2025-12-25 15:55:28,979 - INFO - 
======================================================================
[FLIPKART] Collecting Mobiles
2025-12-25 15:55:28,979 - INFO - [FLIPKART] Page 1/3...
2025-12-25 15:55:36,157 - INFO - [DB] COMMITTED 40 Flipkart products
2025-12-25 15:55:36,157 - INFO - [DB] VERIFIED: 40 Flipkart records updated
2025-12-25 15:55:36,158 - INFO - [FLIPKART] Saved 40 products
2025-12-25 15:55:38,158 - INFO - [FLIPKART] Page 2/3...
2025-12-25 15:55:44,919 - INFO - [DB] COMMITTED 40 Flipkart products
2025-12-25 15:55:44,920 - INFO - [DB] VERIFIED: 60 Flipkart records updated
2025-12-25 15:55:44,920 - INFO - [FLIPKART] Saved 40 products
2025-12-25 15:55:46,920 - INFO - [FLIPKART] Page 3/3...
2025-12-25 15:55:53,462 - INFO - [DB] COMMITTED 40 Flipkart products
2025-12-25 15:55:53,463 - INFO - [DB] VERIFIED: 80 Flipkart records updated
2025-12-25 15:55:53,463 - INFO - [FLIPKART] Saved 40 products
2025-12-25 15:55:53,463 - INFO - [FLIPKART] Total: 120 products saved for Mobiles
2025-12-25 15:55:56,463 - INFO - 
[FLIPKART] Category 2/5
2025-12-25 15:55:56,463 - INFO - 
======================================================================
[FLIPKART] Collecting Electronics
2025-12-25 15:55:56,463 - INFO - [FLIPKART] Page 1/3...
2025-12-25 15:56:01,803 - INFO - [DB] COMMITTED 40 Flipkart products
2025-12-25 15:56:01,803 - INFO - [DB] VERIFIED: 120 Flipkart records updated
2025-12-25 15:56:01,804 - INFO - [FLIPKART] Saved 40 products
2025-12-25 15:56:03,804 - INFO - [FLIPKART] Page 2/3...
2025-12-25 15:56:09,231 - INFO - [DB] COMMITTED 40 Flipkart products
2025-12-25 15:56:09,232 - INFO - [DB] VERIFIED: 140 Flipkart records updated
2025-12-25 15:56:09,232 - INFO - [FLIPKART] Saved 40 products
2025-12-25 15:56:11,232 - INFO - [FLIPKART] Page 3/3...
2025-12-25 15:56:16,001 - INFO - [DB] COMMITTED 40 Flipkart products
2025-12-25 15:56:16,002 - INFO - [DB] VERIFIED: 159 Flipkart records updated
2025-12-25 15:56:16,002 - INFO - [FLIPKART] Saved 40 products
2025-12-25 15:56:16,002 - INFO - [FLIPKART] Total: 120 products saved for Electronics
2025-12-25 15:56:19,002 - INFO - 
[FLIPKART] Category 3/5
2025-12-25 15:56:19,002 - INFO - 
======================================================================
[FLIPKART] Collecting Clothing
2025-12-25 15:56:19,002 - INFO - [FLIPKART] Page 1/3...
2025-12-25 15:56:25,949 - INFO - [DB] COMMITTED 40 Flipkart products
2025-12-25 15:56:25,949 - INFO - [DB] VERIFIED: 199 Flipkart records updated
2025-12-25 15:56:25,949 - INFO - [FLIPKART] Saved 40 products
2025-12-25 15:56:27,950 - INFO - [FLIPKART] Page 2/3...
2025-12-25 15:56:35,200 - INFO - [DB] COMMITTED 40 Flipkart products
2025-12-25 15:56:35,201 - INFO - [DB] VERIFIED: 223 Flipkart records updated
2025-12-25 15:56:35,201 - INFO - [FLIPKART] Saved 40 products
2025-12-25 15:56:37,201 - INFO - [FLIPKART] Page 3/3...
2025-12-25 15:56:45,830 - INFO - [DB] COMMITTED 40 Flipkart products
2025-12-25 15:56:45,830 - INFO - [DB] VERIFIED: 181 Flipkart records updated
2025-12-25 15:56:45,831 - INFO - [FLIPKART] Saved 40 products
2025-12-25 15:56:45,831 - INFO - [FLIPKART] Total: 120 products saved for Clothing
2025-12-25 15:56:48,831 - INFO - 
[FLIPKART] Category 4/5
2025-12-25 15:56:48,831 - INFO - 
======================================================================
[FLIPKART] Collecting Home
2025-12-25 15:56:48,831 - INFO - [FLIPKART] Page 1/3...
2025-12-25 15:56:53,119 - WARNING - [FLIPKART] No products found on page 1, stopping collection
2025-12-25 15:56:53,119 - INFO - [FLIPKART] Total: 0 products saved for Home
2025-12-25 15:56:56,120 - INFO - 
[FLIPKART] Category 5/5
2025-12-25 15:56:56,120 - INFO - 
======================================================================
[FLIPKART] Collecting Beauty
2025-12-25 15:56:56,120 - INFO - [FLIPKART] Page 1/3...
2025-12-25 15:57:00,692 - INFO - [DB] COMMITTED 40 Flipkart products
2025-12-25 15:57:00,692 - INFO - [DB] VERIFIED: 202 Flipkart records updated
2025-12-25 15:57:00,692 - INFO - [FLIPKART] Saved 40 products
2025-12-25 15:57:02,693 - INFO - [FLIPKART] Page 2/3...
2025-12-25 15:57:07,651 - INFO - [DB] COMMITTED 40 Flipkart products
2025-12-25 15:57:07,652 - INFO - [DB] VERIFIED: 200 Flipkart records updated
2025-12-25 15:57:07,652 - INFO - [FLIPKART] Saved 40 products
2025-12-25 15:57:09,652 - INFO - [FLIPKART] Page 3/3...
2025-12-25 15:57:15,310 - INFO - [DB] COMMITTED 40 Flipkart products
2025-12-25 15:57:15,311 - INFO - [DB] VERIFIED: 180 Flipkart records updated
2025-12-25 15:57:15,311 - INFO - [FLIPKART] Saved 40 products
2025-12-25 15:57:15,311 - INFO - [FLIPKART] Total: 120 products saved for Beauty
2025-12-25 15:57:15,311 - INFO - [DB] Final commit completed
2025-12-25 15:57:15,311 - INFO - 
======================================================================
[FINAL STATISTICS]
======================================================================
2025-12-25 15:57:15,314 - INFO - 
[AMAZON STATS]
2025-12-25 15:57:15,314 - INFO -   Products: 1443
2025-12-25 15:57:15,314 - INFO -   Unique ASINs: 1321
2025-12-25 15:57:15,314 - INFO -   Categories: 7
2025-12-25 15:57:15,315 - INFO -   Avg Price: Rs 2157.95
2025-12-25 15:57:15,315 - INFO -   Avg Sales: 170,031,970
2025-12-25 15:57:15,315 - INFO -   Last Updated: 2025-12-10 10:25:52.622094+00:00
2025-12-25 15:57:15,317 - INFO - 
[FLIPKART STATS]
2025-12-25 15:57:15,317 - INFO -   Products: 1040
2025-12-25 15:57:15,317 - INFO -   Unique PIDs: 1040
2025-12-25 15:57:15,317 - INFO -   Categories: 4
2025-12-25 15:57:15,317 - INFO -   Avg Price: Rs 20771.51
2025-12-25 15:57:15,317 - INFO -   Avg Estimated Sales: 141,337
2025-12-25 15:57:15,317 - INFO -   Last Updated: 2025-12-25 10:27:07.651939+00:00
2025-12-25 15:57:15,317 - INFO - 
[COMPLETE] Amazon: 0 | Flipkart: 480 | Total: 480
2025-12-25 15:57:15,317 - INFO - [DB] Disconnected
2025-12-26 15:55:01,402 - INFO - [CONFIG] Loaded - Amazon: True, Flipkart: True
2025-12-26 15:55:01,402 - INFO - [INIT] Amazon API client initialized
2025-12-26 15:55:01,402 - INFO - [INIT] Flipkart API client initialized
2025-12-26 15:55:01,402 - INFO - [START] Multi-platform collection starting
2025-12-26 15:55:01,402 - INFO - [DB] Connecting (attempt 1/3)...
2025-12-26 15:55:01,411 - INFO - [DB] Connected successfully
2025-12-26 15:55:01,412 - INFO - [DB] Tables created successfully (rapidapi_amazon_products & rapidapi_flipkart_products)
2025-12-26 15:55:01,412 - INFO - 
######################################################################
[AMAZON] Starting Amazon collection
######################################################################
2025-12-26 15:55:01,412 - INFO - 
[AMAZON] Category 1/9
2025-12-26 15:55:01,412 - INFO - 
======================================================================
[AMAZON] Collecting Baby Products
2025-12-26 15:55:01,412 - INFO - [AMAZON] Page 1/3...
2025-12-26 15:55:02,025 - ERROR - RapidAPI HTTP 429: b'{"message":"You have exceeded the MONTHLY quota for Requests on your current plan, BASIC. Upgrade your plan at https:\\/\\/rapidapi.com\\/letscrape-6bRBa3QguO5\\/api\\/real-time-amazon-data"}'
2025-12-26 15:55:02,025 - INFO - [AMAZON] Total: 0 products saved for Baby Products
2025-12-26 15:55:05,026 - INFO - 
[AMAZON] Category 2/9
2025-12-26 15:55:05,026 - INFO - 
======================================================================
[AMAZON] Collecting Electronics
2025-12-26 15:55:05,026 - INFO - [AMAZON] Page 1/3...
2025-12-26 15:55:05,418 - ERROR - RapidAPI HTTP 429: b'{"message":"You have exceeded the MONTHLY quota for Requests on your current plan, BASIC. Upgrade your plan at https:\\/\\/rapidapi.com\\/letscrape-6bRBa3QguO5\\/api\\/real-time-amazon-data"}'
2025-12-26 15:55:05,419 - INFO - [AMAZON] Total: 0 products saved for Electronics
2025-12-26 15:55:08,419 - INFO - 
[AMAZON] Category 3/9
2025-12-26 15:55:08,419 - INFO - 
======================================================================
[AMAZON] Collecting Computers & Accessories
2025-12-26 15:55:08,419 - INFO - [AMAZON] Page 1/3...
2025-12-26 15:55:08,880 - ERROR - RapidAPI HTTP 429: b'{"message":"You have exceeded the MONTHLY quota for Requests on your current plan, BASIC. Upgrade your plan at https:\\/\\/rapidapi.com\\/letscrape-6bRBa3QguO5\\/api\\/real-time-amazon-data"}'
2025-12-26 15:55:08,881 - INFO - [AMAZON] Total: 0 products saved for Computers & Accessories
2025-12-26 15:55:11,881 - INFO - 
[AMAZON] Category 4/9
2025-12-26 15:55:11,881 - INFO - 
======================================================================
[AMAZON] Collecting Cell Phones
2025-12-26 15:55:11,881 - INFO - [AMAZON] Page 1/3...
2025-12-26 15:55:12,266 - ERROR - RapidAPI HTTP 429: b'{"message":"You have exceeded the MONTHLY quota for Requests on your current plan, BASIC. Upgrade your plan at https:\\/\\/rapidapi.com\\/letscrape-6bRBa3QguO5\\/api\\/real-time-amazon-data"}'
2025-12-26 15:55:12,267 - INFO - [AMAZON] Total: 0 products saved for Cell Phones
2025-12-26 15:55:15,267 - INFO - 
[AMAZON] Category 5/9
2025-12-26 15:55:15,267 - INFO - 
======================================================================
[AMAZON] Collecting Toys & Games
2025-12-26 15:55:15,267 - INFO - [AMAZON] Page 1/3...
2025-12-26 15:55:15,695 - ERROR - RapidAPI HTTP 429: b'{"message":"You have exceeded the MONTHLY quota for Requests on your current plan, BASIC. Upgrade your plan at https:\\/\\/rapidapi.com\\/letscrape-6bRBa3QguO5\\/api\\/real-time-amazon-data"}'
2025-12-26 15:55:15,695 - INFO - [AMAZON] Total: 0 products saved for Toys & Games
2025-12-26 15:55:18,696 - INFO - 
[AMAZON] Category 6/9
2025-12-26 15:55:18,696 - INFO - 
======================================================================
[AMAZON] Collecting Health & Personal Care
2025-12-26 15:55:18,696 - INFO - [AMAZON] Page 1/3...
2025-12-26 15:55:19,089 - ERROR - RapidAPI HTTP 429: b'{"message":"You have exceeded the MONTHLY quota for Requests on your current plan, BASIC. Upgrade your plan at https:\\/\\/rapidapi.com\\/letscrape-6bRBa3QguO5\\/api\\/real-time-amazon-data"}'
2025-12-26 15:55:19,090 - INFO - [AMAZON] Total: 0 products saved for Health & Personal Care
2025-12-26 15:55:22,090 - INFO - 
[AMAZON] Category 7/9
2025-12-26 15:55:22,090 - INFO - 
======================================================================
[AMAZON] Collecting Video Games
2025-12-26 15:55:22,090 - INFO - [AMAZON] Page 1/3...
2025-12-26 15:55:22,511 - ERROR - RapidAPI HTTP 429: b'{"message":"You have exceeded the MONTHLY quota for Requests on your current plan, BASIC. Upgrade your plan at https:\\/\\/rapidapi.com\\/letscrape-6bRBa3QguO5\\/api\\/real-time-amazon-data"}'
2025-12-26 15:55:22,512 - INFO - [AMAZON] Total: 0 products saved for Video Games
2025-12-26 15:55:25,512 - INFO - 
[AMAZON] Category 8/9
2025-12-26 15:55:25,512 - INFO - 
======================================================================
[AMAZON] Collecting Pet Supplies
2025-12-26 15:55:25,512 - INFO - [AMAZON] Page 1/3...
2025-12-26 15:55:25,880 - ERROR - RapidAPI HTTP 429: b'{"message":"You have exceeded the MONTHLY quota for Requests on your current plan, BASIC. Upgrade your plan at https:\\/\\/rapidapi.com\\/letscrape-6bRBa3QguO5\\/api\\/real-time-amazon-data"}'
2025-12-26 15:55:25,880 - INFO - [AMAZON] Total: 0 products saved for Pet Supplies
2025-12-26 15:55:28,880 - INFO - 
[AMAZON] Category 9/9
2025-12-26 15:55:28,881 - INFO - 
======================================================================
[AMAZON] Collecting Beauty
2025-12-26 15:55:28,881 - INFO - [AMAZON] Page 1/3...
2025-12-26 15:55:29,319 - ERROR - RapidAPI HTTP 429: b'{"message":"You have exceeded the MONTHLY quota for Requests on your current plan, BASIC. Upgrade your plan at https:\\/\\/rapidapi.com\\/letscrape-6bRBa3QguO5\\/api\\/real-time-amazon-data"}'
2025-12-26 15:55:29,320 - INFO - [AMAZON] Total: 0 products saved for Beauty
2025-12-26 15:55:29,320 - INFO - 
######################################################################
[FLIPKART] Starting Flipkart collection
######################################################################
2025-12-26 15:55:29,320 - INFO - 
[FLIPKART] Category 1/7
2025-12-26 15:55:29,320 - INFO - 
======================================================================
[FLIPKART] Collecting Mobiles
2025-12-26 15:55:29,320 - INFO - [FLIPKART] Page 1/3...
2025-12-26 15:55:37,521 - INFO - [DB] COMMITTED 40 Flipkart products
2025-12-26 15:55:37,522 - INFO - [DB] VERIFIED: 40 Flipkart records updated
2025-12-26 15:55:37,522 - INFO - [FLIPKART] Saved 40 products
2025-12-26 15:55:39,522 - INFO - [FLIPKART] Page 2/3...
2025-12-26 15:55:45,905 - INFO - [DB] COMMITTED 40 Flipkart products
2025-12-26 15:55:45,906 - INFO - [DB] VERIFIED: 60 Flipkart records updated
2025-12-26 15:55:45,906 - INFO - [FLIPKART] Saved 40 products
2025-12-26 15:55:47,906 - INFO - [FLIPKART] Page 3/3...
2025-12-26 15:55:53,496 - INFO - [DB] COMMITTED 40 Flipkart products
2025-12-26 15:55:53,496 - INFO - [DB] VERIFIED: 80 Flipkart records updated
2025-12-26 15:55:53,496 - INFO - [FLIPKART] Saved 40 products
2025-12-26 15:55:53,496 - INFO - [FLIPKART] Total: 120 products saved for Mobiles
2025-12-26 15:55:56,496 - INFO - 
[FLIPKART] Category 2/7
2025-12-26 15:55:56,497 - INFO - 
======================================================================
[FLIPKART] Collecting Electronics
2025-12-26 15:55:56,497 - INFO - [FLIPKART] Page 1/3...
2025-12-26 15:56:01,313 - INFO - [DB] COMMITTED 40 Flipkart products
2025-12-26 15:56:01,314 - INFO - [DB] VERIFIED: 120 Flipkart records updated
2025-12-26 15:56:01,314 - INFO - [FLIPKART] Saved 40 products
2025-12-26 15:56:03,314 - INFO - [FLIPKART] Page 2/3...
2025-12-26 15:56:06,821 - INFO - [DB] COMMITTED 40 Flipkart products
2025-12-26 15:56:06,822 - INFO - [DB] VERIFIED: 140 Flipkart records updated
2025-12-26 15:56:06,822 - INFO - [FLIPKART] Saved 40 products
2025-12-26 15:56:08,822 - INFO - [FLIPKART] Page 3/3...
2025-12-26 15:56:13,192 - INFO - [DB] COMMITTED 40 Flipkart products
2025-12-26 15:56:13,192 - INFO - [DB] VERIFIED: 160 Flipkart records updated
2025-12-26 15:56:13,192 - INFO - [FLIPKART] Saved 40 products
2025-12-26 15:56:13,192 - INFO - [FLIPKART] Total: 120 products saved for Electronics
2025-12-26 15:56:16,192 - INFO - 
[FLIPKART] Category 3/7
2025-12-26 15:56:16,192 - INFO - 
======================================================================
[FLIPKART] Collecting Clothing
2025-12-26 15:56:16,193 - INFO - [FLIPKART] Page 1/3...
2025-12-26 15:56:22,958 - INFO - [DB] COMMITTED 40 Flipkart products
2025-12-26 15:56:22,959 - INFO - [DB] VERIFIED: 200 Flipkart records updated
2025-12-26 15:56:22,959 - INFO - [FLIPKART] Saved 40 products
2025-12-26 15:56:24,959 - INFO - [FLIPKART] Page 2/3...
2025-12-26 15:56:32,461 - INFO - [DB] COMMITTED 40 Flipkart products
2025-12-26 15:56:32,462 - INFO - [DB] VERIFIED: 220 Flipkart records updated
2025-12-26 15:56:32,462 - INFO - [FLIPKART] Saved 40 products
2025-12-26 15:56:34,462 - INFO - [FLIPKART] Page 3/3...
2025-12-26 15:56:43,028 - INFO - [DB] COMMITTED 40 Flipkart products
2025-12-26 15:56:43,028 - INFO - [DB] VERIFIED: 200 Flipkart records updated
2025-12-26 15:56:43,029 - INFO - [FLIPKART] Saved 40 products
2025-12-26 15:56:43,029 - INFO - [FLIPKART] Total: 120 products saved for Clothing
2025-12-26 15:56:46,029 - INFO - 
[FLIPKART] Category 4/7
2025-12-26 15:56:46,029 - INFO - 
======================================================================
[FLIPKART] Collecting Home
2025-12-26 15:56:46,029 - INFO - [FLIPKART] Page 1/3...
2025-12-26 15:56:49,513 - WARNING - [FLIPKART] No products found on page 1, stopping collection
2025-12-26 15:56:49,514 - INFO - [FLIPKART] Total: 0 products saved for Home
2025-12-26 15:56:52,514 - INFO - 
[FLIPKART] Category 5/7
2025-12-26 15:56:52,514 - INFO - 
======================================================================
[FLIPKART] Collecting Beauty
2025-12-26 15:56:52,514 - INFO - [FLIPKART] Page 1/3...
2025-12-26 15:56:56,254 - INFO - [DB] COMMITTED 40 Flipkart products
2025-12-26 15:56:56,255 - INFO - [DB] VERIFIED: 180 Flipkart records updated
2025-12-26 15:56:56,255 - INFO - [FLIPKART] Saved 40 products
2025-12-26 15:56:58,255 - INFO - [FLIPKART] Page 2/3...
2025-12-26 15:57:03,156 - INFO - [DB] COMMITTED 40 Flipkart products
2025-12-26 15:57:03,157 - INFO - [DB] VERIFIED: 180 Flipkart records updated
2025-12-26 15:57:03,157 - INFO - [FLIPKART] Saved 40 products
2025-12-26 15:57:05,157 - INFO - [FLIPKART] Page 3/3...
2025-12-26 15:57:11,112 - INFO - [DB] COMMITTED 40 Flipkart products
2025-12-26 15:57:11,113 - INFO - [DB] VERIFIED: 160 Flipkart records updated
2025-12-26 15:57:11,113 - INFO - [FLIPKART] Saved 40 products
2025-12-26 15:57:11,113 - INFO - [FLIPKART] Total: 120 products saved for Beauty
2025-12-26 15:57:14,113 - INFO - 
[FLIPKART] Category 6/7
2025-12-26 15:57:14,114 - INFO - 
======================================================================
[FLIPKART] Collecting Food and Nutrition
2025-12-26 15:57:14,114 - INFO - [FLIPKART] Page 1/3...
2025-12-26 15:57:15,168 - ERROR - RapidAPI HTTP 500: b'{"success":false,"message":"Failed to fetch data from Flipkart. Their servers might be experiencing issues.","code":500}'
2025-12-26 15:57:15,169 - WARNING - [FLIPKART] No response for page 1, stopping collection
2025-12-26 15:57:15,169 - INFO - [FLIPKART] Total: 0 products saved for Food and Nutrition
2025-12-26 15:57:18,169 - INFO - 
[FLIPKART] Category 7/7
2025-12-26 15:57:18,169 - INFO - 
======================================================================
[FLIPKART] Collecting Health Supplements
2025-12-26 15:57:18,169 - INFO - [FLIPKART] Page 1/3...
2025-12-26 15:57:22,249 - WARNING - [FLIPKART] No products found on page 1, stopping collection
2025-12-26 15:57:22,249 - INFO - [FLIPKART] Total: 0 products saved for Health Supplements
2025-12-26 15:57:22,250 - INFO - [DB] Final commit completed
2025-12-26 15:57:22,250 - INFO - 
======================================================================
[FINAL STATISTICS]
======================================================================
2025-12-26 15:57:22,254 - INFO - 
[AMAZON STATS]
2025-12-26 15:57:22,254 - INFO -   Products: 1443
2025-12-26 15:57:22,254 - INFO -   Unique ASINs: 1321
2025-12-26 15:57:22,254 - INFO -   Categories: 7
2025-12-26 15:57:22,254 - INFO -   Avg Price: Rs 2157.95
2025-12-26 15:57:22,254 - INFO -   Avg Sales: 170,031,970
2025-12-26 15:57:22,254 - INFO -   Last Updated: 2025-12-10 10:25:52.622094+00:00
2025-12-26 15:57:22,256 - INFO - 
[FLIPKART STATS]
2025-12-26 15:57:22,256 - INFO -   Products: 1089
2025-12-26 15:57:22,256 - INFO -   Unique PIDs: 1089
2025-12-26 15:57:22,256 - INFO -   Categories: 4
2025-12-26 15:57:22,256 - INFO -   Avg Price: Rs 20255.30
2025-12-26 15:57:22,256 - INFO -   Avg Estimated Sales: 138,802
2025-12-26 15:57:22,256 - INFO -   Last Updated: 2025-12-26 10:27:03.156594+00:00
2025-12-26 15:57:22,256 - INFO - 
[COMPLETE] Amazon: 0 | Flipkart: 480 | Total: 480
2025-12-26 15:57:22,257 - INFO - [DB] Disconnected
2025-12-27 15:55:01,343 - INFO - [CONFIG] Loaded - Amazon: True, Flipkart: True
2025-12-27 15:55:01,343 - INFO - [INIT] Amazon API client initialized
2025-12-27 15:55:01,344 - INFO - [INIT] Flipkart API client initialized
2025-12-27 15:55:01,344 - INFO - [START] Multi-platform collection starting
2025-12-27 15:55:01,344 - INFO - [DB] Connecting (attempt 1/3)...
2025-12-27 15:55:01,352 - INFO - [DB] Connected successfully
2025-12-27 15:55:01,353 - INFO - [DB] Tables created successfully (rapidapi_amazon_products & rapidapi_flipkart_products)
2025-12-27 15:55:01,354 - INFO - 
######################################################################
[AMAZON] Starting Amazon collection
######################################################################
2025-12-27 15:55:01,354 - INFO - 
[AMAZON] Category 1/9
2025-12-27 15:55:01,354 - INFO - 
======================================================================
[AMAZON] Collecting Baby Products
2025-12-27 15:55:01,354 - INFO - [AMAZON] Page 1/3...
2025-12-27 15:55:01,794 - ERROR - RapidAPI HTTP 429: b'{"message":"You have exceeded the MONTHLY quota for Requests on your current plan, BASIC. Upgrade your plan at https:\\/\\/rapidapi.com\\/letscrape-6bRBa3QguO5\\/api\\/real-time-amazon-data"}'
2025-12-27 15:55:01,794 - INFO - [AMAZON] Total: 0 products saved for Baby Products
2025-12-27 15:55:04,795 - INFO - 
[AMAZON] Category 2/9
2025-12-27 15:55:04,795 - INFO - 
======================================================================
[AMAZON] Collecting Electronics
2025-12-27 15:55:04,795 - INFO - [AMAZON] Page 1/3...
2025-12-27 15:55:05,144 - ERROR - RapidAPI HTTP 429: b'{"message":"You have exceeded the MONTHLY quota for Requests on your current plan, BASIC. Upgrade your plan at https:\\/\\/rapidapi.com\\/letscrape-6bRBa3QguO5\\/api\\/real-time-amazon-data"}'
2025-12-27 15:55:05,145 - INFO - [AMAZON] Total: 0 products saved for Electronics
2025-12-27 15:55:08,145 - INFO - 
[AMAZON] Category 3/9
2025-12-27 15:55:08,145 - INFO - 
======================================================================
[AMAZON] Collecting Computers & Accessories
2025-12-27 15:55:08,145 - INFO - [AMAZON] Page 1/3...
2025-12-27 15:55:08,511 - ERROR - RapidAPI HTTP 429: b'{"message":"You have exceeded the MONTHLY quota for Requests on your current plan, BASIC. Upgrade your plan at https:\\/\\/rapidapi.com\\/letscrape-6bRBa3QguO5\\/api\\/real-time-amazon-data"}'
2025-12-27 15:55:08,511 - INFO - [AMAZON] Total: 0 products saved for Computers & Accessories
2025-12-27 15:55:11,511 - INFO - 
[AMAZON] Category 4/9
2025-12-27 15:55:11,512 - INFO - 
======================================================================
[AMAZON] Collecting Cell Phones
2025-12-27 15:55:11,512 - INFO - [AMAZON] Page 1/3...
2025-12-27 15:55:11,861 - ERROR - RapidAPI HTTP 429: b'{"message":"You have exceeded the MONTHLY quota for Requests on your current plan, BASIC. Upgrade your plan at https:\\/\\/rapidapi.com\\/letscrape-6bRBa3QguO5\\/api\\/real-time-amazon-data"}'
2025-12-27 15:55:11,861 - INFO - [AMAZON] Total: 0 products saved for Cell Phones
2025-12-27 15:55:14,861 - INFO - 
[AMAZON] Category 5/9
2025-12-27 15:55:14,862 - INFO - 
======================================================================
[AMAZON] Collecting Toys & Games
2025-12-27 15:55:14,862 - INFO - [AMAZON] Page 1/3...
2025-12-27 15:55:15,217 - ERROR - RapidAPI HTTP 429: b'{"message":"You have exceeded the MONTHLY quota for Requests on your current plan, BASIC. Upgrade your plan at https:\\/\\/rapidapi.com\\/letscrape-6bRBa3QguO5\\/api\\/real-time-amazon-data"}'
2025-12-27 15:55:15,218 - INFO - [AMAZON] Total: 0 products saved for Toys & Games
2025-12-27 15:55:18,218 - INFO - 
[AMAZON] Category 6/9
2025-12-27 15:55:18,218 - INFO - 
======================================================================
[AMAZON] Collecting Health & Personal Care
2025-12-27 15:55:18,218 - INFO - [AMAZON] Page 1/3...
2025-12-27 15:55:18,620 - ERROR - RapidAPI HTTP 429: b'{"message":"You have exceeded the MONTHLY quota for Requests on your current plan, BASIC. Upgrade your plan at https:\\/\\/rapidapi.com\\/letscrape-6bRBa3QguO5\\/api\\/real-time-amazon-data"}'
2025-12-27 15:55:18,621 - INFO - [AMAZON] Total: 0 products saved for Health & Personal Care
2025-12-27 15:55:21,621 - INFO - 
[AMAZON] Category 7/9
2025-12-27 15:55:21,621 - INFO - 
======================================================================
[AMAZON] Collecting Video Games
2025-12-27 15:55:21,621 - INFO - [AMAZON] Page 1/3...
2025-12-27 15:55:21,968 - ERROR - RapidAPI HTTP 429: b'{"message":"You have exceeded the MONTHLY quota for Requests on your current plan, BASIC. Upgrade your plan at https:\\/\\/rapidapi.com\\/letscrape-6bRBa3QguO5\\/api\\/real-time-amazon-data"}'
2025-12-27 15:55:21,968 - INFO - [AMAZON] Total: 0 products saved for Video Games
2025-12-27 15:55:24,969 - INFO - 
[AMAZON] Category 8/9
2025-12-27 15:55:24,969 - INFO - 
======================================================================
[AMAZON] Collecting Pet Supplies
2025-12-27 15:55:24,969 - INFO - [AMAZON] Page 1/3...
2025-12-27 15:55:25,314 - ERROR - RapidAPI HTTP 429: b'{"message":"You have exceeded the MONTHLY quota for Requests on your current plan, BASIC. Upgrade your plan at https:\\/\\/rapidapi.com\\/letscrape-6bRBa3QguO5\\/api\\/real-time-amazon-data"}'
2025-12-27 15:55:25,314 - INFO - [AMAZON] Total: 0 products saved for Pet Supplies
2025-12-27 15:55:28,315 - INFO - 
[AMAZON] Category 9/9
2025-12-27 15:55:28,315 - INFO - 
======================================================================
[AMAZON] Collecting Beauty
2025-12-27 15:55:28,315 - INFO - [AMAZON] Page 1/3...
2025-12-27 15:55:28,692 - ERROR - RapidAPI HTTP 429: b'{"message":"You have exceeded the MONTHLY quota for Requests on your current plan, BASIC. Upgrade your plan at https:\\/\\/rapidapi.com\\/letscrape-6bRBa3QguO5\\/api\\/real-time-amazon-data"}'
2025-12-27 15:55:28,693 - INFO - [AMAZON] Total: 0 products saved for Beauty
2025-12-27 15:55:28,693 - INFO - 
######################################################################
[FLIPKART] Starting Flipkart collection
######################################################################
2025-12-27 15:55:28,693 - INFO - 
[FLIPKART] Category 1/7
2025-12-27 15:55:28,693 - INFO - 
======================================================================
[FLIPKART] Collecting Mobiles
2025-12-27 15:55:28,693 - INFO - [FLIPKART] Page 1/3...
2025-12-27 15:55:35,951 - INFO - [DB] COMMITTED 40 Flipkart products
2025-12-27 15:55:35,952 - INFO - [DB] VERIFIED: 40 Flipkart records updated
2025-12-27 15:55:35,952 - INFO - [FLIPKART] Saved 40 products
2025-12-27 15:55:37,952 - INFO - [FLIPKART] Page 2/3...
2025-12-27 15:55:42,651 - INFO - [DB] COMMITTED 40 Flipkart products
2025-12-27 15:55:42,652 - INFO - [DB] VERIFIED: 60 Flipkart records updated
2025-12-27 15:55:42,652 - INFO - [FLIPKART] Saved 40 products
2025-12-27 15:55:44,652 - INFO - [FLIPKART] Page 3/3...
2025-12-27 15:55:49,299 - INFO - [DB] COMMITTED 40 Flipkart products
2025-12-27 15:55:49,300 - INFO - [DB] VERIFIED: 80 Flipkart records updated
2025-12-27 15:55:49,300 - INFO - [FLIPKART] Saved 40 products
2025-12-27 15:55:49,300 - INFO - [FLIPKART] Total: 120 products saved for Mobiles
2025-12-27 15:55:52,300 - INFO - 
[FLIPKART] Category 2/7
2025-12-27 15:55:52,300 - INFO - 
======================================================================
[FLIPKART] Collecting Electronics
2025-12-27 15:55:52,300 - INFO - [FLIPKART] Page 1/3...
2025-12-27 15:55:59,785 - INFO - [DB] COMMITTED 40 Flipkart products
2025-12-27 15:55:59,785 - INFO - [DB] VERIFIED: 120 Flipkart records updated
2025-12-27 15:55:59,785 - INFO - [FLIPKART] Saved 40 products
2025-12-27 15:56:01,786 - INFO - [FLIPKART] Page 2/3...
2025-12-27 15:56:05,444 - INFO - [DB] COMMITTED 40 Flipkart products
2025-12-27 15:56:05,445 - INFO - [DB] VERIFIED: 140 Flipkart records updated
2025-12-27 15:56:05,445 - INFO - [FLIPKART] Saved 40 products
2025-12-27 15:56:07,445 - INFO - [FLIPKART] Page 3/3...
2025-12-27 15:56:13,722 - INFO - [DB] COMMITTED 40 Flipkart products
2025-12-27 15:56:13,722 - INFO - [DB] VERIFIED: 160 Flipkart records updated
2025-12-27 15:56:13,722 - INFO - [FLIPKART] Saved 40 products
2025-12-27 15:56:13,722 - INFO - [FLIPKART] Total: 120 products saved for Electronics
2025-12-27 15:56:16,723 - INFO - 
[FLIPKART] Category 3/7
2025-12-27 15:56:16,723 - INFO - 
======================================================================
[FLIPKART] Collecting Clothing
2025-12-27 15:56:16,723 - INFO - [FLIPKART] Page 1/3...
2025-12-27 15:56:24,117 - INFO - [DB] COMMITTED 40 Flipkart products
2025-12-27 15:56:24,118 - INFO - [DB] VERIFIED: 200 Flipkart records updated
2025-12-27 15:56:24,118 - INFO - [FLIPKART] Saved 40 products
2025-12-27 15:56:26,118 - INFO - [FLIPKART] Page 2/3...
2025-12-27 15:56:33,603 - INFO - [DB] COMMITTED 40 Flipkart products
2025-12-27 15:56:33,604 - INFO - [DB] VERIFIED: 221 Flipkart records updated
2025-12-27 15:56:33,604 - INFO - [FLIPKART] Saved 40 products
2025-12-27 15:56:35,604 - INFO - [FLIPKART] Page 3/3...
2025-12-27 15:56:36,785 - ERROR - RapidAPI HTTP 500: b'{"success":false,"message":"Failed to fetch data from Flipkart. Their servers might be experiencing issues.","code":500}'
2025-12-27 15:56:36,786 - WARNING - [FLIPKART] No response for page 3, stopping collection
2025-12-27 15:56:36,786 - INFO - [FLIPKART] Total: 80 products saved for Clothing
2025-12-27 15:56:39,786 - INFO - 
[FLIPKART] Category 4/7
2025-12-27 15:56:39,786 - INFO - 
======================================================================
[FLIPKART] Collecting Home
2025-12-27 15:56:39,786 - INFO - [FLIPKART] Page 1/3...
2025-12-27 15:56:43,081 - WARNING - [FLIPKART] No products found on page 1, stopping collection
2025-12-27 15:56:43,081 - INFO - [FLIPKART] Total: 0 products saved for Home
2025-12-27 15:56:46,081 - INFO - 
[FLIPKART] Category 5/7
2025-12-27 15:56:46,081 - INFO - 
======================================================================
[FLIPKART] Collecting Beauty
2025-12-27 15:56:46,081 - INFO - [FLIPKART] Page 1/3...
2025-12-27 15:56:51,051 - INFO - [DB] COMMITTED 40 Flipkart products
2025-12-27 15:56:51,051 - INFO - [DB] VERIFIED: 161 Flipkart records updated
2025-12-27 15:56:51,051 - INFO - [FLIPKART] Saved 40 products
2025-12-27 15:56:53,051 - INFO - [FLIPKART] Page 2/3...
2025-12-27 15:56:58,015 - INFO - [DB] COMMITTED 40 Flipkart products
2025-12-27 15:56:58,016 - INFO - [DB] VERIFIED: 180 Flipkart records updated
2025-12-27 15:56:58,016 - INFO - [FLIPKART] Saved 40 products
2025-12-27 15:57:00,016 - INFO - [FLIPKART] Page 3/3...
2025-12-27 15:57:04,423 - INFO - [DB] COMMITTED 40 Flipkart products
2025-12-27 15:57:04,424 - INFO - [DB] VERIFIED: 179 Flipkart records updated
2025-12-27 15:57:04,424 - INFO - [FLIPKART] Saved 40 products
2025-12-27 15:57:04,424 - INFO - [FLIPKART] Total: 120 products saved for Beauty
2025-12-27 15:57:07,424 - INFO - 
[FLIPKART] Category 6/7
2025-12-27 15:57:07,424 - INFO - 
======================================================================
[FLIPKART] Collecting Food and Nutrition
2025-12-27 15:57:07,425 - INFO - [FLIPKART] Page 1/3...
2025-12-27 15:57:12,139 - INFO - [DB] COMMITTED 40 Flipkart products
2025-12-27 15:57:12,140 - INFO - [DB] VERIFIED: 179 Flipkart records updated
2025-12-27 15:57:12,140 - INFO - [FLIPKART] Saved 40 products
2025-12-27 15:57:14,140 - INFO - [FLIPKART] Page 2/3...
2025-12-27 15:57:19,528 - INFO - [DB] COMMITTED 40 Flipkart products
2025-12-27 15:57:19,529 - INFO - [DB] VERIFIED: 178 Flipkart records updated
2025-12-27 15:57:19,529 - INFO - [FLIPKART] Saved 40 products
2025-12-27 15:57:21,529 - INFO - [FLIPKART] Page 3/3...
2025-12-27 15:57:27,423 - INFO - [DB] COMMITTED 40 Flipkart products
2025-12-27 15:57:27,424 - INFO - [DB] VERIFIED: 158 Flipkart records updated
2025-12-27 15:57:27,424 - INFO - [FLIPKART] Saved 40 products
2025-12-27 15:57:27,424 - INFO - [FLIPKART] Total: 120 products saved for Food and Nutrition
2025-12-27 15:57:30,424 - INFO - 
[FLIPKART] Category 7/7
2025-12-27 15:57:30,424 - INFO - 
======================================================================
[FLIPKART] Collecting Health Supplements
2025-12-27 15:57:30,424 - INFO - [FLIPKART] Page 1/3...
2025-12-27 15:57:34,365 - WARNING - [FLIPKART] No products found on page 1, stopping collection
2025-12-27 15:57:34,366 - INFO - [FLIPKART] Total: 0 products saved for Health Supplements
2025-12-27 15:57:34,366 - INFO - [DB] Final commit completed
2025-12-27 15:57:34,366 - INFO - 
======================================================================
[FINAL STATISTICS]
======================================================================
2025-12-27 15:57:34,370 - INFO - 
[AMAZON STATS]
2025-12-27 15:57:34,370 - INFO -   Products: 1443
2025-12-27 15:57:34,370 - INFO -   Unique ASINs: 1321
2025-12-27 15:57:34,370 - INFO -   Categories: 7
2025-12-27 15:57:34,370 - INFO -   Avg Price: Rs 2157.95
2025-12-27 15:57:34,370 - INFO -   Avg Sales: 170,031,970
2025-12-27 15:57:34,370 - INFO -   Last Updated: 2025-12-10 10:25:52.622094+00:00
2025-12-27 15:57:34,373 - INFO - 
[FLIPKART STATS]
2025-12-27 15:57:34,373 - INFO -   Products: 1210
2025-12-27 15:57:34,373 - INFO -   Unique PIDs: 1210
2025-12-27 15:57:34,373 - INFO -   Categories: 5
2025-12-27 15:57:34,373 - INFO -   Avg Price: Rs 18663.52
2025-12-27 15:57:34,373 - INFO -   Avg Estimated Sales: 135,080
2025-12-27 15:57:34,373 - INFO -   Last Updated: 2025-12-27 10:27:19.529108+00:00
2025-12-27 15:57:34,373 - INFO - 
[COMPLETE] Amazon: 0 | Flipkart: 560 | Total: 560
2025-12-27 15:57:34,373 - INFO - [DB] Disconnected
2025-12-28 15:55:01,471 - INFO - [CONFIG] Loaded - Amazon: True, Flipkart: True
2025-12-28 15:55:01,471 - INFO - [INIT] Amazon API client initialized
2025-12-28 15:55:01,471 - INFO - [INIT] Flipkart API client initialized
2025-12-28 15:55:01,472 - INFO - [START] Multi-platform collection starting
2025-12-28 15:55:01,472 - INFO - [DB] Connecting (attempt 1/3)...
2025-12-28 15:55:01,480 - INFO - [DB] Connected successfully
2025-12-28 15:55:01,481 - INFO - [DB] Tables created successfully (rapidapi_amazon_products & rapidapi_flipkart_products)
2025-12-28 15:55:01,481 - INFO - 
######################################################################
[AMAZON] Starting Amazon collection
######################################################################
2025-12-28 15:55:01,481 - INFO - 
[AMAZON] Category 1/9
2025-12-28 15:55:01,481 - INFO - 
======================================================================
[AMAZON] Collecting Baby Products
2025-12-28 15:55:01,481 - INFO - [AMAZON] Page 1/3...
2025-12-28 15:55:01,838 - ERROR - RapidAPI HTTP 429: b'{"message":"You have exceeded the MONTHLY quota for Requests on your current plan, BASIC. Upgrade your plan at https:\\/\\/rapidapi.com\\/letscrape-6bRBa3QguO5\\/api\\/real-time-amazon-data"}'
2025-12-28 15:55:01,838 - INFO - [AMAZON] Total: 0 products saved for Baby Products
2025-12-28 15:55:04,838 - INFO - 
[AMAZON] Category 2/9
2025-12-28 15:55:04,838 - INFO - 
======================================================================
[AMAZON] Collecting Electronics
2025-12-28 15:55:04,838 - INFO - [AMAZON] Page 1/3...
2025-12-28 15:55:05,176 - ERROR - RapidAPI HTTP 429: b'{"message":"You have exceeded the MONTHLY quota for Requests on your current plan, BASIC. Upgrade your plan at https:\\/\\/rapidapi.com\\/letscrape-6bRBa3QguO5\\/api\\/real-time-amazon-data"}'
2025-12-28 15:55:05,177 - INFO - [AMAZON] Total: 0 products saved for Electronics
2025-12-28 15:55:08,177 - INFO - 
[AMAZON] Category 3/9
2025-12-28 15:55:08,177 - INFO - 
======================================================================
[AMAZON] Collecting Computers & Accessories
2025-12-28 15:55:08,177 - INFO - [AMAZON] Page 1/3...
2025-12-28 15:55:08,564 - ERROR - RapidAPI HTTP 429: b'{"message":"You have exceeded the MONTHLY quota for Requests on your current plan, BASIC. Upgrade your plan at https:\\/\\/rapidapi.com\\/letscrape-6bRBa3QguO5\\/api\\/real-time-amazon-data"}'
2025-12-28 15:55:08,564 - INFO - [AMAZON] Total: 0 products saved for Computers & Accessories
2025-12-28 15:55:11,565 - INFO - 
[AMAZON] Category 4/9
2025-12-28 15:55:11,565 - INFO - 
======================================================================
[AMAZON] Collecting Cell Phones
2025-12-28 15:55:11,565 - INFO - [AMAZON] Page 1/3...
2025-12-28 15:55:11,875 - ERROR - RapidAPI HTTP 429: b'{"message":"You have exceeded the MONTHLY quota for Requests on your current plan, BASIC. Upgrade your plan at https:\\/\\/rapidapi.com\\/letscrape-6bRBa3QguO5\\/api\\/real-time-amazon-data"}'
2025-12-28 15:55:11,875 - INFO - [AMAZON] Total: 0 products saved for Cell Phones
2025-12-28 15:55:14,876 - INFO - 
[AMAZON] Category 5/9
2025-12-28 15:55:14,876 - INFO - 
======================================================================
[AMAZON] Collecting Toys & Games
2025-12-28 15:55:14,876 - INFO - [AMAZON] Page 1/3...
2025-12-28 15:55:15,196 - ERROR - RapidAPI HTTP 429: b'{"message":"You have exceeded the MONTHLY quota for Requests on your current plan, BASIC. Upgrade your plan at https:\\/\\/rapidapi.com\\/letscrape-6bRBa3QguO5\\/api\\/real-time-amazon-data"}'
2025-12-28 15:55:15,197 - INFO - [AMAZON] Total: 0 products saved for Toys & Games
2025-12-28 15:55:18,197 - INFO - 
[AMAZON] Category 6/9
2025-12-28 15:55:18,197 - INFO - 
======================================================================
[AMAZON] Collecting Health & Personal Care
2025-12-28 15:55:18,197 - INFO - [AMAZON] Page 1/3...
2025-12-28 15:55:18,505 - ERROR - RapidAPI HTTP 429: b'{"message":"You have exceeded the MONTHLY quota for Requests on your current plan, BASIC. Upgrade your plan at https:\\/\\/rapidapi.com\\/letscrape-6bRBa3QguO5\\/api\\/real-time-amazon-data"}'
2025-12-28 15:55:18,506 - INFO - [AMAZON] Total: 0 products saved for Health & Personal Care
2025-12-28 15:55:21,506 - INFO - 
[AMAZON] Category 7/9
2025-12-28 15:55:21,506 - INFO - 
======================================================================
[AMAZON] Collecting Video Games
2025-12-28 15:55:21,506 - INFO - [AMAZON] Page 1/3...
2025-12-28 15:55:21,833 - ERROR - RapidAPI HTTP 429: b'{"message":"You have exceeded the MONTHLY quota for Requests on your current plan, BASIC. Upgrade your plan at https:\\/\\/rapidapi.com\\/letscrape-6bRBa3QguO5\\/api\\/real-time-amazon-data"}'
2025-12-28 15:55:21,834 - INFO - [AMAZON] Total: 0 products saved for Video Games
2025-12-28 15:55:24,834 - INFO - 
[AMAZON] Category 8/9
2025-12-28 15:55:24,834 - INFO - 
======================================================================
[AMAZON] Collecting Pet Supplies
2025-12-28 15:55:24,834 - INFO - [AMAZON] Page 1/3...
2025-12-28 15:55:25,173 - ERROR - RapidAPI HTTP 429: b'{"message":"You have exceeded the MONTHLY quota for Requests on your current plan, BASIC. Upgrade your plan at https:\\/\\/rapidapi.com\\/letscrape-6bRBa3QguO5\\/api\\/real-time-amazon-data"}'
2025-12-28 15:55:25,173 - INFO - [AMAZON] Total: 0 products saved for Pet Supplies
2025-12-28 15:55:28,173 - INFO - 
[AMAZON] Category 9/9
2025-12-28 15:55:28,173 - INFO - 
======================================================================
[AMAZON] Collecting Beauty
2025-12-28 15:55:28,173 - INFO - [AMAZON] Page 1/3...
2025-12-28 15:55:28,614 - ERROR - RapidAPI HTTP 429: b'{"message":"You have exceeded the MONTHLY quota for Requests on your current plan, BASIC. Upgrade your plan at https:\\/\\/rapidapi.com\\/letscrape-6bRBa3QguO5\\/api\\/real-time-amazon-data"}'
2025-12-28 15:55:28,615 - INFO - [AMAZON] Total: 0 products saved for Beauty
2025-12-28 15:55:28,615 - INFO - 
######################################################################
[FLIPKART] Starting Flipkart collection
######################################################################
2025-12-28 15:55:28,615 - INFO - 
[FLIPKART] Category 1/7
2025-12-28 15:55:28,615 - INFO - 
======================================================================
[FLIPKART] Collecting Mobiles
2025-12-28 15:55:28,615 - INFO - [FLIPKART] Page 1/3...
2025-12-28 15:55:34,181 - INFO - [DB] COMMITTED 40 Flipkart products
2025-12-28 15:55:34,182 - INFO - [DB] VERIFIED: 40 Flipkart records updated
2025-12-28 15:55:34,182 - INFO - [FLIPKART] Saved 40 products
2025-12-28 15:55:36,182 - INFO - [FLIPKART] Page 2/3...
2025-12-28 15:55:41,307 - INFO - [DB] COMMITTED 40 Flipkart products
2025-12-28 15:55:41,307 - INFO - [DB] VERIFIED: 60 Flipkart records updated
2025-12-28 15:55:41,307 - INFO - [FLIPKART] Saved 40 products
2025-12-28 15:55:43,307 - INFO - [FLIPKART] Page 3/3...
2025-12-28 15:55:48,298 - INFO - [DB] COMMITTED 40 Flipkart products
2025-12-28 15:55:48,298 - INFO - [DB] VERIFIED: 80 Flipkart records updated
2025-12-28 15:55:48,298 - INFO - [FLIPKART] Saved 40 products
2025-12-28 15:55:48,298 - INFO - [FLIPKART] Total: 120 products saved for Mobiles
2025-12-28 15:55:51,299 - INFO - 
[FLIPKART] Category 2/7
2025-12-28 15:55:51,299 - INFO - 
======================================================================
[FLIPKART] Collecting Electronics
2025-12-28 15:55:51,299 - INFO - [FLIPKART] Page 1/3...
2025-12-28 15:55:56,997 - INFO - [DB] COMMITTED 40 Flipkart products
2025-12-28 15:55:56,998 - INFO - [DB] VERIFIED: 120 Flipkart records updated
2025-12-28 15:55:56,998 - INFO - [FLIPKART] Saved 40 products
2025-12-28 15:55:58,998 - INFO - [FLIPKART] Page 2/3...
2025-12-28 15:56:05,612 - INFO - [DB] COMMITTED 40 Flipkart products
2025-12-28 15:56:05,613 - INFO - [DB] VERIFIED: 140 Flipkart records updated
2025-12-28 15:56:05,613 - INFO - [FLIPKART] Saved 40 products
2025-12-28 15:56:07,613 - INFO - [FLIPKART] Page 3/3...
2025-12-28 15:56:11,415 - INFO - [DB] COMMITTED 40 Flipkart products
2025-12-28 15:56:11,415 - INFO - [DB] VERIFIED: 160 Flipkart records updated
2025-12-28 15:56:11,415 - INFO - [FLIPKART] Saved 40 products
2025-12-28 15:56:11,415 - INFO - [FLIPKART] Total: 120 products saved for Electronics
2025-12-28 15:56:14,415 - INFO - 
[FLIPKART] Category 3/7
2025-12-28 15:56:14,415 - INFO - 
======================================================================
[FLIPKART] Collecting Clothing
2025-12-28 15:56:14,416 - INFO - [FLIPKART] Page 1/3...
2025-12-28 15:56:21,525 - INFO - [DB] COMMITTED 40 Flipkart products
2025-12-28 15:56:21,526 - INFO - [DB] VERIFIED: 200 Flipkart records updated
2025-12-28 15:56:21,526 - INFO - [FLIPKART] Saved 40 products
2025-12-28 15:56:23,526 - INFO - [FLIPKART] Page 2/3...
2025-12-28 15:56:32,714 - INFO - [DB] COMMITTED 40 Flipkart products
2025-12-28 15:56:32,715 - INFO - [DB] VERIFIED: 225 Flipkart records updated
2025-12-28 15:56:32,715 - INFO - [FLIPKART] Saved 40 products
2025-12-28 15:56:34,715 - INFO - [FLIPKART] Page 3/3...
2025-12-28 15:56:38,303 - ERROR - RapidAPI HTTP 500: b'{"success":false,"message":"Failed to fetch data from Flipkart. Their servers might be experiencing issues.","code":500}'
2025-12-28 15:56:38,303 - WARNING - [FLIPKART] No response for page 3, stopping collection
2025-12-28 15:56:38,303 - INFO - [FLIPKART] Total: 80 products saved for Clothing
2025-12-28 15:56:41,304 - INFO - 
[FLIPKART] Category 4/7
2025-12-28 15:56:41,304 - INFO - 
======================================================================
[FLIPKART] Collecting Home
2025-12-28 15:56:41,304 - INFO - [FLIPKART] Page 1/3...
2025-12-28 15:56:43,768 - WARNING - [FLIPKART] No products found on page 1, stopping collection
2025-12-28 15:56:43,768 - INFO - [FLIPKART] Total: 0 products saved for Home
2025-12-28 15:56:46,769 - INFO - 
[FLIPKART] Category 5/7
2025-12-28 15:56:46,769 - INFO - 
======================================================================
[FLIPKART] Collecting Beauty
2025-12-28 15:56:46,769 - INFO - [FLIPKART] Page 1/3...
2025-12-28 15:56:52,743 - INFO - [DB] COMMITTED 40 Flipkart products
2025-12-28 15:56:52,743 - INFO - [DB] VERIFIED: 165 Flipkart records updated
2025-12-28 15:56:52,743 - INFO - [FLIPKART] Saved 40 products
2025-12-28 15:56:54,743 - INFO - [FLIPKART] Page 2/3...
2025-12-28 15:56:59,996 - INFO - [DB] COMMITTED 40 Flipkart products
2025-12-28 15:56:59,996 - INFO - [DB] VERIFIED: 166 Flipkart records updated
2025-12-28 15:56:59,996 - INFO - [FLIPKART] Saved 40 products
2025-12-28 15:57:01,997 - INFO - [FLIPKART] Page 3/3...
2025-12-28 15:57:06,715 - INFO - [DB] COMMITTED 40 Flipkart products
2025-12-28 15:57:06,715 - INFO - [DB] VERIFIED: 145 Flipkart records updated
2025-12-28 15:57:06,715 - INFO - [FLIPKART] Saved 40 products
2025-12-28 15:57:06,715 - INFO - [FLIPKART] Total: 120 products saved for Beauty
2025-12-28 15:57:09,715 - INFO - 
[FLIPKART] Category 6/7
2025-12-28 15:57:09,715 - INFO - 
======================================================================
[FLIPKART] Collecting Food and Nutrition
2025-12-28 15:57:09,715 - INFO - [FLIPKART] Page 1/3...
2025-12-28 15:57:14,726 - INFO - [DB] COMMITTED 40 Flipkart products
2025-12-28 15:57:14,727 - INFO - [DB] VERIFIED: 160 Flipkart records updated
2025-12-28 15:57:14,727 - INFO - [FLIPKART] Saved 40 products
2025-12-28 15:57:16,727 - INFO - [FLIPKART] Page 2/3...
2025-12-28 15:57:22,811 - INFO - [DB] COMMITTED 40 Flipkart products
2025-12-28 15:57:22,812 - INFO - [DB] VERIFIED: 141 Flipkart records updated
2025-12-28 15:57:22,812 - INFO - [FLIPKART] Saved 40 products
2025-12-28 15:57:24,812 - INFO - [FLIPKART] Page 3/3...
2025-12-28 15:57:30,695 - INFO - [DB] COMMITTED 40 Flipkart products
2025-12-28 15:57:30,696 - INFO - [DB] VERIFIED: 162 Flipkart records updated
2025-12-28 15:57:30,696 - INFO - [FLIPKART] Saved 40 products
2025-12-28 15:57:30,696 - INFO - [FLIPKART] Total: 120 products saved for Food and Nutrition
2025-12-28 15:57:33,696 - INFO - 
[FLIPKART] Category 7/7
2025-12-28 15:57:33,697 - INFO - 
======================================================================
[FLIPKART] Collecting Health Supplements
2025-12-28 15:57:33,697 - INFO - [FLIPKART] Page 1/3...
2025-12-28 15:57:37,043 - WARNING - [FLIPKART] No products found on page 1, stopping collection
2025-12-28 15:57:37,043 - INFO - [FLIPKART] Total: 0 products saved for Health Supplements
2025-12-28 15:57:37,044 - INFO - [DB] Final commit completed
2025-12-28 15:57:37,044 - INFO - 
======================================================================
[FINAL STATISTICS]
======================================================================
2025-12-28 15:57:37,048 - INFO - 
[AMAZON STATS]
2025-12-28 15:57:37,048 - INFO -   Products: 1443
2025-12-28 15:57:37,048 - INFO -   Unique ASINs: 1321
2025-12-28 15:57:37,048 - INFO -   Categories: 7
2025-12-28 15:57:37,048 - INFO -   Avg Price: Rs 2157.95
2025-12-28 15:57:37,048 - INFO -   Avg Sales: 170,031,970
2025-12-28 15:57:37,048 - INFO -   Last Updated: 2025-12-10 10:25:52.622094+00:00
2025-12-28 15:57:37,051 - INFO - 
[FLIPKART STATS]
2025-12-28 15:57:37,051 - INFO -   Products: 1289
2025-12-28 15:57:37,051 - INFO -   Unique PIDs: 1289
2025-12-28 15:57:37,051 - INFO -   Categories: 5
2025-12-28 15:57:37,051 - INFO -   Avg Price: Rs 18180.46
2025-12-28 15:57:37,051 - INFO -   Avg Estimated Sales: 133,156
2025-12-28 15:57:37,051 - INFO -   Last Updated: 2025-12-28 10:27:22.812104+00:00
2025-12-28 15:57:37,051 - INFO - 
[COMPLETE] Amazon: 0 | Flipkart: 560 | Total: 560
2025-12-28 15:57:37,051 - INFO - [DB] Disconnected
2025-12-29 15:55:01,145 - INFO - [CONFIG] Loaded - Amazon: True, Flipkart: True
2025-12-29 15:55:01,145 - INFO - [INIT] Amazon API client initialized
2025-12-29 15:55:01,146 - INFO - [INIT] Flipkart API client initialized
2025-12-29 15:55:01,146 - INFO - [START] Multi-platform collection starting
2025-12-29 15:55:01,146 - INFO - [DB] Connecting (attempt 1/3)...
2025-12-29 15:55:01,155 - INFO - [DB] Connected successfully
2025-12-29 15:55:01,156 - INFO - [DB] Tables created successfully (rapidapi_amazon_products & rapidapi_flipkart_products)
2025-12-29 15:55:01,156 - INFO - 
######################################################################
[AMAZON] Starting Amazon collection
######################################################################
2025-12-29 15:55:01,156 - INFO - 
[AMAZON] Category 1/9
2025-12-29 15:55:01,156 - INFO - 
======================================================================
[AMAZON] Collecting Baby Products
2025-12-29 15:55:01,156 - INFO - [AMAZON] Page 1/3...
2025-12-29 15:55:02,354 - ERROR - RapidAPI HTTP 429: b'{"message":"You have exceeded the MONTHLY quota for Requests on your current plan, BASIC. Upgrade your plan at https:\\/\\/rapidapi.com\\/letscrape-6bRBa3QguO5\\/api\\/real-time-amazon-data"}'
2025-12-29 15:55:02,355 - INFO - [AMAZON] Total: 0 products saved for Baby Products
2025-12-29 15:55:05,355 - INFO - 
[AMAZON] Category 2/9
2025-12-29 15:55:05,355 - INFO - 
======================================================================
[AMAZON] Collecting Electronics
2025-12-29 15:55:05,355 - INFO - [AMAZON] Page 1/3...
2025-12-29 15:55:05,833 - ERROR - RapidAPI HTTP 429: b'{"message":"You have exceeded the MONTHLY quota for Requests on your current plan, BASIC. Upgrade your plan at https:\\/\\/rapidapi.com\\/letscrape-6bRBa3QguO5\\/api\\/real-time-amazon-data"}'
2025-12-29 15:55:05,833 - INFO - [AMAZON] Total: 0 products saved for Electronics
2025-12-29 15:55:08,834 - INFO - 
[AMAZON] Category 3/9
2025-12-29 15:55:08,834 - INFO - 
======================================================================
[AMAZON] Collecting Computers & Accessories
2025-12-29 15:55:08,834 - INFO - [AMAZON] Page 1/3...
2025-12-29 15:55:09,243 - ERROR - RapidAPI HTTP 429: b'{"message":"You have exceeded the MONTHLY quota for Requests on your current plan, BASIC. Upgrade your plan at https:\\/\\/rapidapi.com\\/letscrape-6bRBa3QguO5\\/api\\/real-time-amazon-data"}'
2025-12-29 15:55:09,244 - INFO - [AMAZON] Total: 0 products saved for Computers & Accessories
2025-12-29 15:55:12,244 - INFO - 
[AMAZON] Category 4/9
2025-12-29 15:55:12,245 - INFO - 
======================================================================
[AMAZON] Collecting Cell Phones
2025-12-29 15:55:12,245 - INFO - [AMAZON] Page 1/3...
2025-12-29 15:55:12,690 - ERROR - RapidAPI HTTP 429: b'{"message":"You have exceeded the MONTHLY quota for Requests on your current plan, BASIC. Upgrade your plan at https:\\/\\/rapidapi.com\\/letscrape-6bRBa3QguO5\\/api\\/real-time-amazon-data"}'
2025-12-29 15:55:12,690 - INFO - [AMAZON] Total: 0 products saved for Cell Phones
2025-12-29 15:55:15,691 - INFO - 
[AMAZON] Category 5/9
2025-12-29 15:55:15,691 - INFO - 
======================================================================
[AMAZON] Collecting Toys & Games
2025-12-29 15:55:15,691 - INFO - [AMAZON] Page 1/3...
2025-12-29 15:55:16,156 - ERROR - RapidAPI HTTP 429: b'{"message":"You have exceeded the MONTHLY quota for Requests on your current plan, BASIC. Upgrade your plan at https:\\/\\/rapidapi.com\\/letscrape-6bRBa3QguO5\\/api\\/real-time-amazon-data"}'
2025-12-29 15:55:16,157 - INFO - [AMAZON] Total: 0 products saved for Toys & Games
2025-12-29 15:55:19,157 - INFO - 
[AMAZON] Category 6/9
2025-12-29 15:55:19,158 - INFO - 
======================================================================
[AMAZON] Collecting Health & Personal Care
2025-12-29 15:55:19,158 - INFO - [AMAZON] Page 1/3...
2025-12-29 15:55:19,558 - ERROR - RapidAPI HTTP 429: b'{"message":"You have exceeded the MONTHLY quota for Requests on your current plan, BASIC. Upgrade your plan at https:\\/\\/rapidapi.com\\/letscrape-6bRBa3QguO5\\/api\\/real-time-amazon-data"}'
2025-12-29 15:55:19,559 - INFO - [AMAZON] Total: 0 products saved for Health & Personal Care
2025-12-29 15:55:22,560 - INFO - 
[AMAZON] Category 7/9
2025-12-29 15:55:22,560 - INFO - 
======================================================================
[AMAZON] Collecting Video Games
2025-12-29 15:55:22,560 - INFO - [AMAZON] Page 1/3...
2025-12-29 15:55:22,973 - ERROR - RapidAPI HTTP 429: b'{"message":"You have exceeded the MONTHLY quota for Requests on your current plan, BASIC. Upgrade your plan at https:\\/\\/rapidapi.com\\/letscrape-6bRBa3QguO5\\/api\\/real-time-amazon-data"}'
2025-12-29 15:55:22,974 - INFO - [AMAZON] Total: 0 products saved for Video Games
2025-12-29 15:55:25,974 - INFO - 
[AMAZON] Category 8/9
2025-12-29 15:55:25,974 - INFO - 
======================================================================
[AMAZON] Collecting Pet Supplies
2025-12-29 15:55:25,974 - INFO - [AMAZON] Page 1/3...
2025-12-29 15:55:26,349 - ERROR - RapidAPI HTTP 429: b'{"message":"You have exceeded the MONTHLY quota for Requests on your current plan, BASIC. Upgrade your plan at https:\\/\\/rapidapi.com\\/letscrape-6bRBa3QguO5\\/api\\/real-time-amazon-data"}'
2025-12-29 15:55:26,350 - INFO - [AMAZON] Total: 0 products saved for Pet Supplies
2025-12-29 15:55:29,350 - INFO - 
[AMAZON] Category 9/9
2025-12-29 15:55:29,350 - INFO - 
======================================================================
[AMAZON] Collecting Beauty
2025-12-29 15:55:29,350 - INFO - [AMAZON] Page 1/3...
2025-12-29 15:55:29,755 - ERROR - RapidAPI HTTP 429: b'{"message":"You have exceeded the MONTHLY quota for Requests on your current plan, BASIC. Upgrade your plan at https:\\/\\/rapidapi.com\\/letscrape-6bRBa3QguO5\\/api\\/real-time-amazon-data"}'
2025-12-29 15:55:29,756 - INFO - [AMAZON] Total: 0 products saved for Beauty
2025-12-29 15:55:29,756 - INFO - 
######################################################################
[FLIPKART] Starting Flipkart collection
######################################################################
2025-12-29 15:55:29,756 - INFO - 
[FLIPKART] Category 1/7
2025-12-29 15:55:29,756 - INFO - 
======================================================================
[FLIPKART] Collecting Mobiles
2025-12-29 15:55:29,756 - INFO - [FLIPKART] Page 1/3...
2025-12-29 15:55:36,381 - INFO - [DB] COMMITTED 40 Flipkart products
2025-12-29 15:55:36,382 - INFO - [DB] VERIFIED: 40 Flipkart records updated
2025-12-29 15:55:36,382 - INFO - [FLIPKART] Saved 40 products
2025-12-29 15:55:38,383 - INFO - [FLIPKART] Page 2/3...
2025-12-29 15:55:45,027 - INFO - [DB] COMMITTED 40 Flipkart products
2025-12-29 15:55:45,028 - INFO - [DB] VERIFIED: 60 Flipkart records updated
2025-12-29 15:55:45,028 - INFO - [FLIPKART] Saved 40 products
2025-12-29 15:55:47,028 - INFO - [FLIPKART] Page 3/3...
2025-12-29 15:55:52,495 - INFO - [DB] COMMITTED 40 Flipkart products
2025-12-29 15:55:52,496 - INFO - [DB] VERIFIED: 80 Flipkart records updated
2025-12-29 15:55:52,496 - INFO - [FLIPKART] Saved 40 products
2025-12-29 15:55:52,496 - INFO - [FLIPKART] Total: 120 products saved for Mobiles
2025-12-29 15:55:55,496 - INFO - 
[FLIPKART] Category 2/7
2025-12-29 15:55:55,496 - INFO - 
======================================================================
[FLIPKART] Collecting Electronics
2025-12-29 15:55:55,496 - INFO - [FLIPKART] Page 1/3...
2025-12-29 15:55:59,466 - INFO - [DB] COMMITTED 40 Flipkart products
2025-12-29 15:55:59,467 - INFO - [DB] VERIFIED: 120 Flipkart records updated
2025-12-29 15:55:59,467 - INFO - [FLIPKART] Saved 40 products
2025-12-29 15:56:01,467 - INFO - [FLIPKART] Page 2/3...
2025-12-29 15:56:05,077 - INFO - [DB] COMMITTED 40 Flipkart products
2025-12-29 15:56:05,078 - INFO - [DB] VERIFIED: 139 Flipkart records updated
2025-12-29 15:56:05,078 - INFO - [FLIPKART] Saved 40 products
2025-12-29 15:56:07,078 - INFO - [FLIPKART] Page 3/3...
2025-12-29 15:56:14,133 - INFO - [DB] COMMITTED 40 Flipkart products
2025-12-29 15:56:14,134 - INFO - [DB] VERIFIED: 158 Flipkart records updated
2025-12-29 15:56:14,134 - INFO - [FLIPKART] Saved 40 products
2025-12-29 15:56:14,134 - INFO - [FLIPKART] Total: 120 products saved for Electronics
2025-12-29 15:56:17,134 - INFO - 
[FLIPKART] Category 3/7
2025-12-29 15:56:17,135 - INFO - 
======================================================================
[FLIPKART] Collecting Clothing
2025-12-29 15:56:17,135 - INFO - [FLIPKART] Page 1/3...
2025-12-29 15:56:24,695 - INFO - [DB] COMMITTED 40 Flipkart products
2025-12-29 15:56:24,696 - INFO - [DB] VERIFIED: 198 Flipkart records updated
2025-12-29 15:56:24,696 - INFO - [FLIPKART] Saved 40 products
2025-12-29 15:56:26,696 - INFO - [FLIPKART] Page 2/3...
2025-12-29 15:56:35,572 - INFO - [DB] COMMITTED 40 Flipkart products
2025-12-29 15:56:35,573 - INFO - [DB] VERIFIED: 218 Flipkart records updated
2025-12-29 15:56:35,573 - INFO - [FLIPKART] Saved 40 products
2025-12-29 15:56:37,573 - INFO - [FLIPKART] Page 3/3...
2025-12-29 15:56:45,785 - INFO - [DB] COMMITTED 40 Flipkart products
2025-12-29 15:56:45,786 - INFO - [DB] VERIFIED: 169 Flipkart records updated
2025-12-29 15:56:45,786 - INFO - [FLIPKART] Saved 40 products
2025-12-29 15:56:45,786 - INFO - [FLIPKART] Total: 120 products saved for Clothing
2025-12-29 15:56:48,786 - INFO - 
[FLIPKART] Category 4/7
2025-12-29 15:56:48,786 - INFO - 
======================================================================
[FLIPKART] Collecting Home
2025-12-29 15:56:48,786 - INFO - [FLIPKART] Page 1/3...
2025-12-29 15:56:53,763 - WARNING - [FLIPKART] No products found on page 1, stopping collection
2025-12-29 15:56:53,763 - INFO - [FLIPKART] Total: 0 products saved for Home
2025-12-29 15:56:56,763 - INFO - 
[FLIPKART] Category 5/7
2025-12-29 15:56:56,763 - INFO - 
======================================================================
[FLIPKART] Collecting Beauty
2025-12-29 15:56:56,763 - INFO - [FLIPKART] Page 1/3...
2025-12-29 15:57:03,980 - INFO - [DB] COMMITTED 40 Flipkart products
2025-12-29 15:57:03,981 - INFO - [DB] VERIFIED: 171 Flipkart records updated
2025-12-29 15:57:03,981 - INFO - [FLIPKART] Saved 40 products
2025-12-29 15:57:05,981 - INFO - [FLIPKART] Page 2/3...
2025-12-29 15:57:10,213 - INFO - [DB] COMMITTED 40 Flipkart products
2025-12-29 15:57:10,214 - INFO - [DB] VERIFIED: 152 Flipkart records updated
2025-12-29 15:57:10,214 - INFO - [FLIPKART] Saved 40 products
2025-12-29 15:57:12,214 - INFO - [FLIPKART] Page 3/3...
2025-12-29 15:57:17,102 - INFO - [DB] COMMITTED 40 Flipkart products
2025-12-29 15:57:17,103 - INFO - [DB] VERIFIED: 151 Flipkart records updated
2025-12-29 15:57:17,103 - INFO - [FLIPKART] Saved 40 products
2025-12-29 15:57:17,103 - INFO - [FLIPKART] Total: 120 products saved for Beauty
2025-12-29 15:57:20,103 - INFO - 
[FLIPKART] Category 6/7
2025-12-29 15:57:20,103 - INFO - 
======================================================================
[FLIPKART] Collecting Food and Nutrition
2025-12-29 15:57:20,103 - INFO - [FLIPKART] Page 1/3...
2025-12-29 15:57:21,679 - ERROR - RapidAPI HTTP 500: b'{"success":false,"message":"Failed to fetch data from Flipkart. Their servers might be experiencing issues.","code":500}'
2025-12-29 15:57:21,680 - WARNING - [FLIPKART] No response for page 1, stopping collection
2025-12-29 15:57:21,680 - INFO - [FLIPKART] Total: 0 products saved for Food and Nutrition
2025-12-29 15:57:24,680 - INFO - 
[FLIPKART] Category 7/7
2025-12-29 15:57:24,680 - INFO - 
======================================================================
[FLIPKART] Collecting Health Supplements
2025-12-29 15:57:24,680 - INFO - [FLIPKART] Page 1/3...
2025-12-29 15:57:27,884 - WARNING - [FLIPKART] No products found on page 1, stopping collection
2025-12-29 15:57:27,884 - INFO - [FLIPKART] Total: 0 products saved for Health Supplements
2025-12-29 15:57:27,885 - INFO - [DB] Final commit completed
2025-12-29 15:57:27,885 - INFO - 
======================================================================
[FINAL STATISTICS]
======================================================================
2025-12-29 15:57:27,889 - INFO - 
[AMAZON STATS]
2025-12-29 15:57:27,889 - INFO -   Products: 1443
2025-12-29 15:57:27,889 - INFO -   Unique ASINs: 1321
2025-12-29 15:57:27,889 - INFO -   Categories: 7
2025-12-29 15:57:27,889 - INFO -   Avg Price: Rs 2157.95
2025-12-29 15:57:27,889 - INFO -   Avg Sales: 170,031,970
2025-12-29 15:57:27,889 - INFO -   Last Updated: 2025-12-10 10:25:52.622094+00:00
2025-12-29 15:57:27,892 - INFO - 
[FLIPKART STATS]
2025-12-29 15:57:27,892 - INFO -   Products: 1344
2025-12-29 15:57:27,892 - INFO -   Unique PIDs: 1344
2025-12-29 15:57:27,892 - INFO -   Categories: 5
2025-12-29 15:57:27,892 - INFO -   Avg Price: Rs 18016.90
2025-12-29 15:57:27,892 - INFO -   Avg Estimated Sales: 131,731
2025-12-29 15:57:27,892 - INFO -   Last Updated: 2025-12-29 10:27:10.213904+00:00
2025-12-29 15:57:27,892 - INFO - 
[COMPLETE] Amazon: 0 | Flipkart: 480 | Total: 480
2025-12-29 15:57:27,892 - INFO - [DB] Disconnected
2025-12-30 15:55:01,994 - INFO - [CONFIG] Loaded - Amazon: True, Flipkart: True
2025-12-30 15:55:01,994 - INFO - [INIT] Amazon API client initialized
2025-12-30 15:55:01,994 - INFO - [INIT] Flipkart API client initialized
2025-12-30 15:55:01,994 - INFO - [START] Multi-platform collection starting
2025-12-30 15:55:01,994 - INFO - [DB] Connecting (attempt 1/3)...
2025-12-30 15:55:02,003 - INFO - [DB] Connected successfully
2025-12-30 15:55:02,004 - INFO - [DB] Tables created successfully (rapidapi_amazon_products & rapidapi_flipkart_products)
2025-12-30 15:55:02,004 - INFO - 
######################################################################
[AMAZON] Starting Amazon collection
######################################################################
2025-12-30 15:55:02,004 - INFO - 
[AMAZON] Category 1/9
2025-12-30 15:55:02,004 - INFO - 
======================================================================
[AMAZON] Collecting Baby Products
2025-12-30 15:55:02,004 - INFO - [AMAZON] Page 1/3...
2025-12-30 15:55:03,137 - ERROR - RapidAPI HTTP 429: b'{"message":"You have exceeded the MONTHLY quota for Requests on your current plan, BASIC. Upgrade your plan at https:\\/\\/rapidapi.com\\/letscrape-6bRBa3QguO5\\/api\\/real-time-amazon-data"}'
2025-12-30 15:55:03,138 - INFO - [AMAZON] Total: 0 products saved for Baby Products
2025-12-30 15:55:06,138 - INFO - 
[AMAZON] Category 2/9
2025-12-30 15:55:06,138 - INFO - 
======================================================================
[AMAZON] Collecting Electronics
2025-12-30 15:55:06,138 - INFO - [AMAZON] Page 1/3...
2025-12-30 15:55:06,466 - ERROR - RapidAPI HTTP 429: b'{"message":"You have exceeded the MONTHLY quota for Requests on your current plan, BASIC. Upgrade your plan at https:\\/\\/rapidapi.com\\/letscrape-6bRBa3QguO5\\/api\\/real-time-amazon-data"}'
2025-12-30 15:55:06,467 - INFO - [AMAZON] Total: 0 products saved for Electronics
2025-12-30 15:55:09,467 - INFO - 
[AMAZON] Category 3/9
2025-12-30 15:55:09,467 - INFO - 
======================================================================
[AMAZON] Collecting Computers & Accessories
2025-12-30 15:55:09,467 - INFO - [AMAZON] Page 1/3...
2025-12-30 15:55:09,852 - ERROR - RapidAPI HTTP 429: b'{"message":"You have exceeded the MONTHLY quota for Requests on your current plan, BASIC. Upgrade your plan at https:\\/\\/rapidapi.com\\/letscrape-6bRBa3QguO5\\/api\\/real-time-amazon-data"}'
2025-12-30 15:55:09,853 - INFO - [AMAZON] Total: 0 products saved for Computers & Accessories
2025-12-30 15:55:12,853 - INFO - 
[AMAZON] Category 4/9
2025-12-30 15:55:12,853 - INFO - 
======================================================================
[AMAZON] Collecting Cell Phones
2025-12-30 15:55:12,853 - INFO - [AMAZON] Page 1/3...
2025-12-30 15:55:13,360 - ERROR - RapidAPI HTTP 429: b'{"message":"You have exceeded the MONTHLY quota for Requests on your current plan, BASIC. Upgrade your plan at https:\\/\\/rapidapi.com\\/letscrape-6bRBa3QguO5\\/api\\/real-time-amazon-data"}'
2025-12-30 15:55:13,360 - INFO - [AMAZON] Total: 0 products saved for Cell Phones
2025-12-30 15:55:16,361 - INFO - 
[AMAZON] Category 5/9
2025-12-30 15:55:16,361 - INFO - 
======================================================================
[AMAZON] Collecting Toys & Games
2025-12-30 15:55:16,361 - INFO - [AMAZON] Page 1/3...
2025-12-30 15:55:16,691 - ERROR - RapidAPI HTTP 429: b'{"message":"You have exceeded the MONTHLY quota for Requests on your current plan, BASIC. Upgrade your plan at https:\\/\\/rapidapi.com\\/letscrape-6bRBa3QguO5\\/api\\/real-time-amazon-data"}'
2025-12-30 15:55:16,691 - INFO - [AMAZON] Total: 0 products saved for Toys & Games
2025-12-30 15:55:19,692 - INFO - 
[AMAZON] Category 6/9
2025-12-30 15:55:19,692 - INFO - 
======================================================================
[AMAZON] Collecting Health & Personal Care
2025-12-30 15:55:19,692 - INFO - [AMAZON] Page 1/3...
2025-12-30 15:55:20,024 - ERROR - RapidAPI HTTP 429: b'{"message":"You have exceeded the MONTHLY quota for Requests on your current plan, BASIC. Upgrade your plan at https:\\/\\/rapidapi.com\\/letscrape-6bRBa3QguO5\\/api\\/real-time-amazon-data"}'
2025-12-30 15:55:20,024 - INFO - [AMAZON] Total: 0 products saved for Health & Personal Care
2025-12-30 15:55:23,025 - INFO - 
[AMAZON] Category 7/9
2025-12-30 15:55:23,025 - INFO - 
======================================================================
[AMAZON] Collecting Video Games
2025-12-30 15:55:23,025 - INFO - [AMAZON] Page 1/3...
2025-12-30 15:55:23,376 - ERROR - RapidAPI HTTP 429: b'{"message":"You have exceeded the MONTHLY quota for Requests on your current plan, BASIC. Upgrade your plan at https:\\/\\/rapidapi.com\\/letscrape-6bRBa3QguO5\\/api\\/real-time-amazon-data"}'
2025-12-30 15:55:23,376 - INFO - [AMAZON] Total: 0 products saved for Video Games
2025-12-30 15:55:26,376 - INFO - 
[AMAZON] Category 8/9
2025-12-30 15:55:26,376 - INFO - 
======================================================================
[AMAZON] Collecting Pet Supplies
2025-12-30 15:55:26,376 - INFO - [AMAZON] Page 1/3...
2025-12-30 15:55:26,755 - ERROR - RapidAPI HTTP 429: b'{"message":"You have exceeded the MONTHLY quota for Requests on your current plan, BASIC. Upgrade your plan at https:\\/\\/rapidapi.com\\/letscrape-6bRBa3QguO5\\/api\\/real-time-amazon-data"}'
2025-12-30 15:55:26,756 - INFO - [AMAZON] Total: 0 products saved for Pet Supplies
2025-12-30 15:55:29,756 - INFO - 
[AMAZON] Category 9/9
2025-12-30 15:55:29,757 - INFO - 
======================================================================
[AMAZON] Collecting Beauty
2025-12-30 15:55:29,757 - INFO - [AMAZON] Page 1/3...
2025-12-30 15:55:30,137 - ERROR - RapidAPI HTTP 429: b'{"message":"You have exceeded the MONTHLY quota for Requests on your current plan, BASIC. Upgrade your plan at https:\\/\\/rapidapi.com\\/letscrape-6bRBa3QguO5\\/api\\/real-time-amazon-data"}'
2025-12-30 15:55:30,137 - INFO - [AMAZON] Total: 0 products saved for Beauty
2025-12-30 15:55:30,138 - INFO - 
######################################################################
[FLIPKART] Starting Flipkart collection
######################################################################
2025-12-30 15:55:30,138 - INFO - 
[FLIPKART] Category 1/7
2025-12-30 15:55:30,138 - INFO - 
======================================================================
[FLIPKART] Collecting Mobiles
2025-12-30 15:55:30,138 - INFO - [FLIPKART] Page 1/3...
2025-12-30 15:55:37,565 - INFO - [DB] COMMITTED 40 Flipkart products
2025-12-30 15:55:37,565 - INFO - [DB] VERIFIED: 40 Flipkart records updated
2025-12-30 15:55:37,566 - INFO - [FLIPKART] Saved 40 products
2025-12-30 15:55:39,566 - INFO - [FLIPKART] Page 2/3...
2025-12-30 15:55:45,187 - INFO - [DB] COMMITTED 40 Flipkart products
2025-12-30 15:55:45,188 - INFO - [DB] VERIFIED: 60 Flipkart records updated
2025-12-30 15:55:45,188 - INFO - [FLIPKART] Saved 40 products
2025-12-30 15:55:47,188 - INFO - [FLIPKART] Page 3/3...
2025-12-30 15:55:53,131 - INFO - [DB] COMMITTED 40 Flipkart products
2025-12-30 15:55:53,132 - INFO - [DB] VERIFIED: 80 Flipkart records updated
2025-12-30 15:55:53,132 - INFO - [FLIPKART] Saved 40 products
2025-12-30 15:55:53,132 - INFO - [FLIPKART] Total: 120 products saved for Mobiles
2025-12-30 15:55:56,132 - INFO - 
[FLIPKART] Category 2/7
2025-12-30 15:55:56,132 - INFO - 
======================================================================
[FLIPKART] Collecting Electronics
2025-12-30 15:55:56,132 - INFO - [FLIPKART] Page 1/3...
2025-12-30 15:56:01,936 - INFO - [DB] COMMITTED 40 Flipkart products
2025-12-30 15:56:01,936 - INFO - [DB] VERIFIED: 120 Flipkart records updated
2025-12-30 15:56:01,936 - INFO - [FLIPKART] Saved 40 products
2025-12-30 15:56:03,937 - INFO - [FLIPKART] Page 2/3...
2025-12-30 15:56:08,742 - INFO - [DB] COMMITTED 40 Flipkart products
2025-12-30 15:56:08,743 - INFO - [DB] VERIFIED: 140 Flipkart records updated
2025-12-30 15:56:08,743 - INFO - [FLIPKART] Saved 40 products
2025-12-30 15:56:10,743 - INFO - [FLIPKART] Page 3/3...
2025-12-30 15:56:20,930 - INFO - [DB] COMMITTED 40 Flipkart products
2025-12-30 15:56:20,930 - INFO - [DB] VERIFIED: 160 Flipkart records updated
2025-12-30 15:56:20,930 - INFO - [FLIPKART] Saved 40 products
2025-12-30 15:56:20,930 - INFO - [FLIPKART] Total: 120 products saved for Electronics
2025-12-30 15:56:23,930 - INFO - 
[FLIPKART] Category 3/7
2025-12-30 15:56:23,931 - INFO - 
======================================================================
[FLIPKART] Collecting Clothing
2025-12-30 15:56:23,931 - INFO - [FLIPKART] Page 1/3...
2025-12-30 15:56:31,323 - INFO - [DB] COMMITTED 40 Flipkart products
2025-12-30 15:56:31,324 - INFO - [DB] VERIFIED: 200 Flipkart records updated
2025-12-30 15:56:31,324 - INFO - [FLIPKART] Saved 40 products
2025-12-30 15:56:33,324 - INFO - [FLIPKART] Page 2/3...
2025-12-30 15:56:39,846 - INFO - [DB] COMMITTED 40 Flipkart products
2025-12-30 15:56:39,847 - INFO - [DB] VERIFIED: 181 Flipkart records updated
2025-12-30 15:56:39,847 - INFO - [FLIPKART] Saved 40 products
2025-12-30 15:56:41,847 - INFO - [FLIPKART] Page 3/3...
2025-12-30 15:57:12,135 - ERROR - RapidAPI error: The read operation timed out
2025-12-30 15:57:12,136 - WARNING - [FLIPKART] No response for page 3, stopping collection
2025-12-30 15:57:12,136 - INFO - [FLIPKART] Total: 80 products saved for Clothing
2025-12-30 15:57:15,136 - INFO - 
[FLIPKART] Category 4/7
2025-12-30 15:57:15,137 - INFO - 
======================================================================
[FLIPKART] Collecting Home
2025-12-30 15:57:15,137 - INFO - [FLIPKART] Page 1/3...
2025-12-30 15:57:18,038 - WARNING - [FLIPKART] No products found on page 1, stopping collection
2025-12-30 15:57:18,038 - INFO - [FLIPKART] Total: 0 products saved for Home
2025-12-30 15:57:21,038 - INFO - 
[FLIPKART] Category 5/7
2025-12-30 15:57:21,038 - INFO - 
======================================================================
[FLIPKART] Collecting Beauty
2025-12-30 15:57:21,038 - INFO - [FLIPKART] Page 1/3...
2025-12-30 15:57:26,364 - INFO - [DB] COMMITTED 40 Flipkart products
2025-12-30 15:57:26,365 - INFO - [DB] VERIFIED: 80 Flipkart records updated
2025-12-30 15:57:26,365 - INFO - [FLIPKART] Saved 40 products
2025-12-30 15:57:28,365 - INFO - [FLIPKART] Page 2/3...
2025-12-30 15:57:32,805 - INFO - [DB] COMMITTED 40 Flipkart products
2025-12-30 15:57:32,805 - INFO - [DB] VERIFIED: 59 Flipkart records updated
2025-12-30 15:57:32,805 - INFO - [FLIPKART] Saved 40 products
2025-12-30 15:57:34,805 - INFO - [FLIPKART] Page 3/3...
2025-12-30 15:57:39,044 - INFO - [DB] COMMITTED 40 Flipkart products
2025-12-30 15:57:39,044 - INFO - [DB] VERIFIED: 77 Flipkart records updated
2025-12-30 15:57:39,044 - INFO - [FLIPKART] Saved 40 products
2025-12-30 15:57:39,044 - INFO - [FLIPKART] Total: 120 products saved for Beauty
2025-12-30 15:57:42,045 - INFO - 
[FLIPKART] Category 6/7
2025-12-30 15:57:42,045 - INFO - 
======================================================================
[FLIPKART] Collecting Food and Nutrition
2025-12-30 15:57:42,045 - INFO - [FLIPKART] Page 1/3...
2025-12-30 15:57:43,417 - ERROR - RapidAPI HTTP 500: b'{"success":false,"message":"Failed to fetch data from Flipkart. Their servers might be experiencing issues.","code":500}'
2025-12-30 15:57:43,417 - WARNING - [FLIPKART] No response for page 1, stopping collection
2025-12-30 15:57:43,417 - INFO - [FLIPKART] Total: 0 products saved for Food and Nutrition
2025-12-30 15:57:46,418 - INFO - 
[FLIPKART] Category 7/7
2025-12-30 15:57:46,418 - INFO - 
======================================================================
[FLIPKART] Collecting Health Supplements
2025-12-30 15:57:46,418 - INFO - [FLIPKART] Page 1/3...
2025-12-30 15:57:49,900 - WARNING - [FLIPKART] No products found on page 1, stopping collection
2025-12-30 15:57:49,900 - INFO - [FLIPKART] Total: 0 products saved for Health Supplements
2025-12-30 15:57:49,900 - INFO - [DB] Final commit completed
2025-12-30 15:57:49,900 - INFO - 
======================================================================
[FINAL STATISTICS]
======================================================================
2025-12-30 15:57:49,905 - INFO - 
[AMAZON STATS]
2025-12-30 15:57:49,905 - INFO -   Products: 1443
2025-12-30 15:57:49,905 - INFO -   Unique ASINs: 1321
2025-12-30 15:57:49,905 - INFO -   Categories: 7
2025-12-30 15:57:49,905 - INFO -   Avg Price: Rs 2157.95
2025-12-30 15:57:49,905 - INFO -   Avg Sales: 170,031,970
2025-12-30 15:57:49,905 - INFO -   Last Updated: 2025-12-10 10:25:52.622094+00:00
2025-12-30 15:57:49,908 - INFO - 
[FLIPKART STATS]
2025-12-30 15:57:49,908 - INFO -   Products: 1391
2025-12-30 15:57:49,908 - INFO -   Unique PIDs: 1391
2025-12-30 15:57:49,908 - INFO -   Categories: 5
2025-12-30 15:57:49,908 - INFO -   Avg Price: Rs 18330.94
2025-12-30 15:57:49,908 - INFO -   Avg Estimated Sales: 129,604
2025-12-30 15:57:49,908 - INFO -   Last Updated: 2025-12-30 10:27:32.805308+00:00
2025-12-30 15:57:49,908 - INFO - 
[COMPLETE] Amazon: 0 | Flipkart: 440 | Total: 440
2025-12-30 15:57:49,908 - INFO - [DB] Disconnected
2025-12-31 15:55:02,005 - INFO - [CONFIG] Loaded - Amazon: True, Flipkart: True
2025-12-31 15:55:02,006 - INFO - [INIT] Amazon API client initialized
2025-12-31 15:55:02,006 - INFO - [INIT] Flipkart API client initialized
2025-12-31 15:55:02,006 - INFO - [START] Multi-platform collection starting
2025-12-31 15:55:02,006 - INFO - [DB] Connecting (attempt 1/3)...
2025-12-31 15:55:02,014 - INFO - [DB] Connected successfully
2025-12-31 15:55:02,016 - INFO - [DB] Tables created successfully (rapidapi_amazon_products & rapidapi_flipkart_products)
2025-12-31 15:55:02,016 - INFO - 
######################################################################
[AMAZON] Starting Amazon collection
######################################################################
2025-12-31 15:55:02,016 - INFO - 
[AMAZON] Category 1/9
2025-12-31 15:55:02,016 - INFO - 
======================================================================
[AMAZON] Collecting Baby Products
2025-12-31 15:55:02,016 - INFO - [AMAZON] Page 1/3...
2025-12-31 15:55:02,417 - ERROR - RapidAPI HTTP 429: b'{"message":"You have exceeded the MONTHLY quota for Requests on your current plan, BASIC. Upgrade your plan at https:\\/\\/rapidapi.com\\/letscrape-6bRBa3QguO5\\/api\\/real-time-amazon-data"}'
2025-12-31 15:55:02,418 - INFO - [AMAZON] Total: 0 products saved for Baby Products
2025-12-31 15:55:05,418 - INFO - 
[AMAZON] Category 2/9
2025-12-31 15:55:05,418 - INFO - 
======================================================================
[AMAZON] Collecting Electronics
2025-12-31 15:55:05,418 - INFO - [AMAZON] Page 1/3...
2025-12-31 15:55:05,786 - ERROR - RapidAPI HTTP 429: b'{"message":"You have exceeded the MONTHLY quota for Requests on your current plan, BASIC. Upgrade your plan at https:\\/\\/rapidapi.com\\/letscrape-6bRBa3QguO5\\/api\\/real-time-amazon-data"}'
2025-12-31 15:55:05,786 - INFO - [AMAZON] Total: 0 products saved for Electronics
2025-12-31 15:55:08,787 - INFO - 
[AMAZON] Category 3/9
2025-12-31 15:55:08,787 - INFO - 
======================================================================
[AMAZON] Collecting Computers & Accessories
2025-12-31 15:55:08,787 - INFO - [AMAZON] Page 1/3...
2025-12-31 15:55:09,147 - ERROR - RapidAPI HTTP 429: b'{"message":"You have exceeded the MONTHLY quota for Requests on your current plan, BASIC. Upgrade your plan at https:\\/\\/rapidapi.com\\/letscrape-6bRBa3QguO5\\/api\\/real-time-amazon-data"}'
2025-12-31 15:55:09,147 - INFO - [AMAZON] Total: 0 products saved for Computers & Accessories
2025-12-31 15:55:12,147 - INFO - 
[AMAZON] Category 4/9
2025-12-31 15:55:12,148 - INFO - 
======================================================================
[AMAZON] Collecting Cell Phones
2025-12-31 15:55:12,148 - INFO - [AMAZON] Page 1/3...
2025-12-31 15:55:12,492 - ERROR - RapidAPI HTTP 429: b'{"message":"You have exceeded the MONTHLY quota for Requests on your current plan, BASIC. Upgrade your plan at https:\\/\\/rapidapi.com\\/letscrape-6bRBa3QguO5\\/api\\/real-time-amazon-data"}'
2025-12-31 15:55:12,493 - INFO - [AMAZON] Total: 0 products saved for Cell Phones
2025-12-31 15:55:15,493 - INFO - 
[AMAZON] Category 5/9
2025-12-31 15:55:15,493 - INFO - 
======================================================================
[AMAZON] Collecting Toys & Games
2025-12-31 15:55:15,493 - INFO - [AMAZON] Page 1/3...
2025-12-31 15:55:15,795 - ERROR - RapidAPI HTTP 429: b'{"message":"You have exceeded the MONTHLY quota for Requests on your current plan, BASIC. Upgrade your plan at https:\\/\\/rapidapi.com\\/letscrape-6bRBa3QguO5\\/api\\/real-time-amazon-data"}'
2025-12-31 15:55:15,795 - INFO - [AMAZON] Total: 0 products saved for Toys & Games
2025-12-31 15:55:18,795 - INFO - 
[AMAZON] Category 6/9
2025-12-31 15:55:18,795 - INFO - 
======================================================================
[AMAZON] Collecting Health & Personal Care
2025-12-31 15:55:18,795 - INFO - [AMAZON] Page 1/3...
2025-12-31 15:55:19,164 - ERROR - RapidAPI HTTP 429: b'{"message":"You have exceeded the MONTHLY quota for Requests on your current plan, BASIC. Upgrade your plan at https:\\/\\/rapidapi.com\\/letscrape-6bRBa3QguO5\\/api\\/real-time-amazon-data"}'
2025-12-31 15:55:19,165 - INFO - [AMAZON] Total: 0 products saved for Health & Personal Care
2025-12-31 15:55:22,165 - INFO - 
[AMAZON] Category 7/9
2025-12-31 15:55:22,165 - INFO - 
======================================================================
[AMAZON] Collecting Video Games
2025-12-31 15:55:22,165 - INFO - [AMAZON] Page 1/3...
2025-12-31 15:55:22,485 - ERROR - RapidAPI HTTP 429: b'{"message":"You have exceeded the MONTHLY quota for Requests on your current plan, BASIC. Upgrade your plan at https:\\/\\/rapidapi.com\\/letscrape-6bRBa3QguO5\\/api\\/real-time-amazon-data"}'
2025-12-31 15:55:22,486 - INFO - [AMAZON] Total: 0 products saved for Video Games
2025-12-31 15:55:25,486 - INFO - 
[AMAZON] Category 8/9
2025-12-31 15:55:25,486 - INFO - 
======================================================================
[AMAZON] Collecting Pet Supplies
2025-12-31 15:55:25,486 - INFO - [AMAZON] Page 1/3...
2025-12-31 15:55:25,800 - ERROR - RapidAPI HTTP 429: b'{"message":"You have exceeded the MONTHLY quota for Requests on your current plan, BASIC. Upgrade your plan at https:\\/\\/rapidapi.com\\/letscrape-6bRBa3QguO5\\/api\\/real-time-amazon-data"}'
2025-12-31 15:55:25,800 - INFO - [AMAZON] Total: 0 products saved for Pet Supplies
2025-12-31 15:55:28,801 - INFO - 
[AMAZON] Category 9/9
2025-12-31 15:55:28,801 - INFO - 
======================================================================
[AMAZON] Collecting Beauty
2025-12-31 15:55:28,801 - INFO - [AMAZON] Page 1/3...
2025-12-31 15:55:29,228 - ERROR - RapidAPI HTTP 429: b'{"message":"You have exceeded the MONTHLY quota for Requests on your current plan, BASIC. Upgrade your plan at https:\\/\\/rapidapi.com\\/letscrape-6bRBa3QguO5\\/api\\/real-time-amazon-data"}'
2025-12-31 15:55:29,228 - INFO - [AMAZON] Total: 0 products saved for Beauty
2025-12-31 15:55:29,228 - INFO - 
######################################################################
[FLIPKART] Starting Flipkart collection
######################################################################
2025-12-31 15:55:29,228 - INFO - 
[FLIPKART] Category 1/7
2025-12-31 15:55:29,228 - INFO - 
======================================================================
[FLIPKART] Collecting Mobiles
2025-12-31 15:55:29,228 - INFO - [FLIPKART] Page 1/3...
2025-12-31 15:55:34,981 - INFO - [DB] COMMITTED 40 Flipkart products
2025-12-31 15:55:34,981 - INFO - [DB] VERIFIED: 40 Flipkart records updated
2025-12-31 15:55:34,981 - INFO - [FLIPKART] Saved 40 products
2025-12-31 15:55:36,981 - INFO - [FLIPKART] Page 2/3...
2025-12-31 15:55:50,586 - INFO - [DB] COMMITTED 40 Flipkart products
2025-12-31 15:55:50,587 - INFO - [DB] VERIFIED: 62 Flipkart records updated
2025-12-31 15:55:50,587 - INFO - [FLIPKART] Saved 40 products
2025-12-31 15:55:52,587 - INFO - [FLIPKART] Page 3/3...
2025-12-31 15:55:58,203 - INFO - [DB] COMMITTED 40 Flipkart products
2025-12-31 15:55:58,204 - INFO - [DB] VERIFIED: 84 Flipkart records updated
2025-12-31 15:55:58,204 - INFO - [FLIPKART] Saved 40 products
2025-12-31 15:55:58,204 - INFO - [FLIPKART] Total: 120 products saved for Mobiles
2025-12-31 15:56:01,204 - INFO - 
[FLIPKART] Category 2/7
2025-12-31 15:56:01,204 - INFO - 
======================================================================
[FLIPKART] Collecting Electronics
2025-12-31 15:56:01,204 - INFO - [FLIPKART] Page 1/3...
2025-12-31 15:56:05,139 - INFO - [DB] COMMITTED 40 Flipkart products
2025-12-31 15:56:05,140 - INFO - [DB] VERIFIED: 124 Flipkart records updated
2025-12-31 15:56:05,140 - INFO - [FLIPKART] Saved 40 products
2025-12-31 15:56:07,140 - INFO - [FLIPKART] Page 2/3...
2025-12-31 15:56:11,052 - INFO - [DB] COMMITTED 40 Flipkart products
2025-12-31 15:56:11,052 - INFO - [DB] VERIFIED: 144 Flipkart records updated
2025-12-31 15:56:11,052 - INFO - [FLIPKART] Saved 40 products
2025-12-31 15:56:13,052 - INFO - [FLIPKART] Page 3/3...
2025-12-31 15:56:17,284 - INFO - [DB] COMMITTED 40 Flipkart products
2025-12-31 15:56:17,285 - INFO - [DB] VERIFIED: 164 Flipkart records updated
2025-12-31 15:56:17,285 - INFO - [FLIPKART] Saved 40 products
2025-12-31 15:56:17,285 - INFO - [FLIPKART] Total: 120 products saved for Electronics
2025-12-31 15:56:20,285 - INFO - 
[FLIPKART] Category 3/7
2025-12-31 15:56:20,285 - INFO - 
======================================================================
[FLIPKART] Collecting Clothing
2025-12-31 15:56:20,285 - INFO - [FLIPKART] Page 1/3...
2025-12-31 15:56:26,703 - INFO - [DB] COMMITTED 40 Flipkart products
2025-12-31 15:56:26,704 - INFO - [DB] VERIFIED: 204 Flipkart records updated
2025-12-31 15:56:26,704 - INFO - [FLIPKART] Saved 40 products
2025-12-31 15:56:28,704 - INFO - [FLIPKART] Page 2/3...
2025-12-31 15:56:35,776 - INFO - [DB] COMMITTED 40 Flipkart products
2025-12-31 15:56:35,777 - INFO - [DB] VERIFIED: 180 Flipkart records updated
2025-12-31 15:56:35,777 - INFO - [FLIPKART] Saved 40 products
2025-12-31 15:56:37,777 - INFO - [FLIPKART] Page 3/3...
2025-12-31 15:56:47,152 - INFO - [DB] COMMITTED 40 Flipkart products
2025-12-31 15:56:47,152 - INFO - [DB] VERIFIED: 203 Flipkart records updated
2025-12-31 15:56:47,153 - INFO - [FLIPKART] Saved 40 products
2025-12-31 15:56:47,153 - INFO - [FLIPKART] Total: 120 products saved for Clothing
2025-12-31 15:56:50,153 - INFO - 
[FLIPKART] Category 4/7
2025-12-31 15:56:50,153 - INFO - 
======================================================================
[FLIPKART] Collecting Home
2025-12-31 15:56:50,153 - INFO - [FLIPKART] Page 1/3...
2025-12-31 15:56:53,207 - WARNING - [FLIPKART] No products found on page 1, stopping collection
2025-12-31 15:56:53,207 - INFO - [FLIPKART] Total: 0 products saved for Home
2025-12-31 15:56:56,207 - INFO - 
[FLIPKART] Category 5/7
2025-12-31 15:56:56,207 - INFO - 
======================================================================
[FLIPKART] Collecting Beauty
2025-12-31 15:56:56,207 - INFO - [FLIPKART] Page 1/3...
2025-12-31 15:57:00,941 - INFO - [DB] COMMITTED 40 Flipkart products
2025-12-31 15:57:00,942 - INFO - [DB] VERIFIED: 183 Flipkart records updated
2025-12-31 15:57:00,942 - INFO - [FLIPKART] Saved 40 products
2025-12-31 15:57:02,942 - INFO - [FLIPKART] Page 2/3...
2025-12-31 15:57:07,120 - INFO - [DB] COMMITTED 40 Flipkart products
2025-12-31 15:57:07,120 - INFO - [DB] VERIFIED: 183 Flipkart records updated
2025-12-31 15:57:07,120 - INFO - [FLIPKART] Saved 40 products
2025-12-31 15:57:09,121 - INFO - [FLIPKART] Page 3/3...
2025-12-31 15:57:13,922 - INFO - [DB] COMMITTED 40 Flipkart products
2025-12-31 15:57:13,923 - INFO - [DB] VERIFIED: 163 Flipkart records updated
2025-12-31 15:57:13,923 - INFO - [FLIPKART] Saved 40 products
2025-12-31 15:57:13,923 - INFO - [FLIPKART] Total: 120 products saved for Beauty
2025-12-31 15:57:16,923 - INFO - 
[FLIPKART] Category 6/7
2025-12-31 15:57:16,923 - INFO - 
======================================================================
[FLIPKART] Collecting Food and Nutrition
2025-12-31 15:57:16,923 - INFO - [FLIPKART] Page 1/3...
2025-12-31 15:57:47,183 - ERROR - RapidAPI error: The read operation timed out
2025-12-31 15:57:47,184 - WARNING - [FLIPKART] No response for page 1, stopping collection
2025-12-31 15:57:47,184 - INFO - [FLIPKART] Total: 0 products saved for Food and Nutrition
2025-12-31 15:57:50,185 - INFO - 
[FLIPKART] Category 7/7
2025-12-31 15:57:50,185 - INFO - 
======================================================================
[FLIPKART] Collecting Health Supplements
2025-12-31 15:57:50,185 - INFO - [FLIPKART] Page 1/3...
2025-12-31 15:57:53,327 - WARNING - [FLIPKART] No products found on page 1, stopping collection
2025-12-31 15:57:53,328 - INFO - [FLIPKART] Total: 0 products saved for Health Supplements
2025-12-31 15:57:53,328 - INFO - [DB] Final commit completed
2025-12-31 15:57:53,328 - INFO - 
======================================================================
[FINAL STATISTICS]
======================================================================
2025-12-31 15:57:53,332 - INFO - 
[AMAZON STATS]
2025-12-31 15:57:53,332 - INFO -   Products: 1443
2025-12-31 15:57:53,332 - INFO -   Unique ASINs: 1321
2025-12-31 15:57:53,332 - INFO -   Categories: 7
2025-12-31 15:57:53,332 - INFO -   Avg Price: Rs 2157.95
2025-12-31 15:57:53,332 - INFO -   Avg Sales: 170,031,970
2025-12-31 15:57:53,332 - INFO -   Last Updated: 2025-12-10 10:25:52.622094+00:00
2025-12-31 15:57:53,335 - INFO - 
[FLIPKART STATS]
2025-12-31 15:57:53,335 - INFO -   Products: 1431
2025-12-31 15:57:53,335 - INFO -   Unique PIDs: 1431
2025-12-31 15:57:53,335 - INFO -   Categories: 5
2025-12-31 15:57:53,335 - INFO -   Avg Price: Rs 18337.67
2025-12-31 15:57:53,335 - INFO -   Avg Estimated Sales: 127,424
2025-12-31 15:57:53,335 - INFO -   Last Updated: 2025-12-31 10:27:07.120523+00:00
2025-12-31 15:57:53,335 - INFO - 
[COMPLETE] Amazon: 0 | Flipkart: 480 | Total: 480
2025-12-31 15:57:53,335 - INFO - [DB] Disconnected
2026-01-01 15:55:01,429 - INFO - [CONFIG] Loaded - Amazon: True, Flipkart: True
2026-01-01 15:55:01,429 - INFO - [INIT] Amazon API client initialized
2026-01-01 15:55:01,429 - INFO - [INIT] Flipkart API client initialized
2026-01-01 15:55:01,429 - INFO - [START] Multi-platform collection starting
2026-01-01 15:55:01,429 - INFO - [DB] Connecting (attempt 1/3)...
2026-01-01 15:55:01,438 - INFO - [DB] Connected successfully
2026-01-01 15:55:01,440 - INFO - [DB] Tables created successfully (rapidapi_amazon_products & rapidapi_flipkart_products)
2026-01-01 15:55:01,440 - INFO - 
######################################################################
[AMAZON] Starting Amazon collection
######################################################################
2026-01-01 15:55:01,440 - INFO - 
[AMAZON] Category 1/9
2026-01-01 15:55:01,440 - INFO - 
======================================================================
[AMAZON] Collecting Baby Products
2026-01-01 15:55:01,440 - INFO - [AMAZON] Page 1/3...
2026-01-01 15:55:01,820 - ERROR - RapidAPI HTTP 429: b'{"message":"You have exceeded the MONTHLY quota for Requests on your current plan, BASIC. Upgrade your plan at https:\\/\\/rapidapi.com\\/letscrape-6bRBa3QguO5\\/api\\/real-time-amazon-data"}'
2026-01-01 15:55:01,821 - INFO - [AMAZON] Total: 0 products saved for Baby Products
2026-01-01 15:55:04,821 - INFO - 
[AMAZON] Category 2/9
2026-01-01 15:55:04,821 - INFO - 
======================================================================
[AMAZON] Collecting Electronics
2026-01-01 15:55:04,821 - INFO - [AMAZON] Page 1/3...
2026-01-01 15:55:05,222 - ERROR - RapidAPI HTTP 429: b'{"message":"You have exceeded the MONTHLY quota for Requests on your current plan, BASIC. Upgrade your plan at https:\\/\\/rapidapi.com\\/letscrape-6bRBa3QguO5\\/api\\/real-time-amazon-data"}'
2026-01-01 15:55:05,223 - INFO - [AMAZON] Total: 0 products saved for Electronics
2026-01-01 15:55:08,223 - INFO - 
[AMAZON] Category 3/9
2026-01-01 15:55:08,223 - INFO - 
======================================================================
[AMAZON] Collecting Computers & Accessories
2026-01-01 15:55:08,223 - INFO - [AMAZON] Page 1/3...
2026-01-01 15:55:08,563 - ERROR - RapidAPI HTTP 429: b'{"message":"You have exceeded the MONTHLY quota for Requests on your current plan, BASIC. Upgrade your plan at https:\\/\\/rapidapi.com\\/letscrape-6bRBa3QguO5\\/api\\/real-time-amazon-data"}'
2026-01-01 15:55:08,563 - INFO - [AMAZON] Total: 0 products saved for Computers & Accessories
2026-01-01 15:55:11,563 - INFO - 
[AMAZON] Category 4/9
2026-01-01 15:55:11,563 - INFO - 
======================================================================
[AMAZON] Collecting Cell Phones
2026-01-01 15:55:11,563 - INFO - [AMAZON] Page 1/3...
2026-01-01 15:55:11,915 - ERROR - RapidAPI HTTP 429: b'{"message":"You have exceeded the MONTHLY quota for Requests on your current plan, BASIC. Upgrade your plan at https:\\/\\/rapidapi.com\\/letscrape-6bRBa3QguO5\\/api\\/real-time-amazon-data"}'
2026-01-01 15:55:11,915 - INFO - [AMAZON] Total: 0 products saved for Cell Phones
2026-01-01 15:55:14,916 - INFO - 
[AMAZON] Category 5/9
2026-01-01 15:55:14,916 - INFO - 
======================================================================
[AMAZON] Collecting Toys & Games
2026-01-01 15:55:14,916 - INFO - [AMAZON] Page 1/3...
2026-01-01 15:55:15,252 - ERROR - RapidAPI HTTP 429: b'{"message":"You have exceeded the MONTHLY quota for Requests on your current plan, BASIC. Upgrade your plan at https:\\/\\/rapidapi.com\\/letscrape-6bRBa3QguO5\\/api\\/real-time-amazon-data"}'
2026-01-01 15:55:15,252 - INFO - [AMAZON] Total: 0 products saved for Toys & Games
2026-01-01 15:55:18,253 - INFO - 
[AMAZON] Category 6/9
2026-01-01 15:55:18,253 - INFO - 
======================================================================
[AMAZON] Collecting Health & Personal Care
2026-01-01 15:55:18,253 - INFO - [AMAZON] Page 1/3...
2026-01-01 15:55:18,584 - ERROR - RapidAPI HTTP 429: b'{"message":"You have exceeded the MONTHLY quota for Requests on your current plan, BASIC. Upgrade your plan at https:\\/\\/rapidapi.com\\/letscrape-6bRBa3QguO5\\/api\\/real-time-amazon-data"}'
2026-01-01 15:55:18,585 - INFO - [AMAZON] Total: 0 products saved for Health & Personal Care
2026-01-01 15:55:21,585 - INFO - 
[AMAZON] Category 7/9
2026-01-01 15:55:21,585 - INFO - 
======================================================================
[AMAZON] Collecting Video Games
2026-01-01 15:55:21,585 - INFO - [AMAZON] Page 1/3...
2026-01-01 15:55:21,980 - ERROR - RapidAPI HTTP 429: b'{"message":"You have exceeded the MONTHLY quota for Requests on your current plan, BASIC. Upgrade your plan at https:\\/\\/rapidapi.com\\/letscrape-6bRBa3QguO5\\/api\\/real-time-amazon-data"}'
2026-01-01 15:55:21,980 - INFO - [AMAZON] Total: 0 products saved for Video Games
2026-01-01 15:55:24,981 - INFO - 
[AMAZON] Category 8/9
2026-01-01 15:55:24,981 - INFO - 
======================================================================
[AMAZON] Collecting Pet Supplies
2026-01-01 15:55:24,981 - INFO - [AMAZON] Page 1/3...
2026-01-01 15:55:25,328 - ERROR - RapidAPI HTTP 429: b'{"message":"You have exceeded the MONTHLY quota for Requests on your current plan, BASIC. Upgrade your plan at https:\\/\\/rapidapi.com\\/letscrape-6bRBa3QguO5\\/api\\/real-time-amazon-data"}'
2026-01-01 15:55:25,329 - INFO - [AMAZON] Total: 0 products saved for Pet Supplies
2026-01-01 15:55:28,329 - INFO - 
[AMAZON] Category 9/9
2026-01-01 15:55:28,329 - INFO - 
======================================================================
[AMAZON] Collecting Beauty
2026-01-01 15:55:28,329 - INFO - [AMAZON] Page 1/3...
2026-01-01 15:55:28,730 - ERROR - RapidAPI HTTP 429: b'{"message":"You have exceeded the MONTHLY quota for Requests on your current plan, BASIC. Upgrade your plan at https:\\/\\/rapidapi.com\\/letscrape-6bRBa3QguO5\\/api\\/real-time-amazon-data"}'
2026-01-01 15:55:28,730 - INFO - [AMAZON] Total: 0 products saved for Beauty
2026-01-01 15:55:28,730 - INFO - 
######################################################################
[FLIPKART] Starting Flipkart collection
######################################################################
2026-01-01 15:55:28,730 - INFO - 
[FLIPKART] Category 1/8
2026-01-01 15:55:28,730 - INFO - 
======================================================================
[FLIPKART] Collecting Mobiles
2026-01-01 15:55:28,730 - INFO - [FLIPKART] Page 1/3...
2026-01-01 15:55:37,321 - INFO - [DB] COMMITTED 40 Flipkart products
2026-01-01 15:55:37,322 - INFO - [DB] VERIFIED: 40 Flipkart records updated
2026-01-01 15:55:37,322 - INFO - [FLIPKART] Saved 40 products
2026-01-01 15:55:39,323 - INFO - [FLIPKART] Page 2/3...
2026-01-01 15:55:45,379 - INFO - [DB] COMMITTED 40 Flipkart products
2026-01-01 15:55:45,380 - INFO - [DB] VERIFIED: 79 Flipkart records updated
2026-01-01 15:55:45,380 - INFO - [FLIPKART] Saved 40 products
2026-01-01 15:55:47,380 - INFO - [FLIPKART] Page 3/3...
2026-01-01 15:55:52,383 - INFO - [DB] COMMITTED 40 Flipkart products
2026-01-01 15:55:52,384 - INFO - [DB] VERIFIED: 118 Flipkart records updated
2026-01-01 15:55:52,384 - INFO - [FLIPKART] Saved 40 products
2026-01-01 15:55:52,384 - INFO - [FLIPKART] Total: 120 products saved for Mobiles
2026-01-01 15:55:55,384 - INFO - 
[FLIPKART] Category 2/8
2026-01-01 15:55:55,384 - INFO - 
======================================================================
[FLIPKART] Collecting Electronics
2026-01-01 15:55:55,385 - INFO - [FLIPKART] Page 1/3...
2026-01-01 15:56:01,296 - INFO - [DB] COMMITTED 40 Flipkart products
2026-01-01 15:56:01,297 - INFO - [DB] VERIFIED: 158 Flipkart records updated
2026-01-01 15:56:01,297 - INFO - [FLIPKART] Saved 40 products
2026-01-01 15:56:03,297 - INFO - [FLIPKART] Page 2/3...
2026-01-01 15:56:07,364 - INFO - [DB] COMMITTED 40 Flipkart products
2026-01-01 15:56:07,365 - INFO - [DB] VERIFIED: 179 Flipkart records updated
2026-01-01 15:56:07,365 - INFO - [FLIPKART] Saved 40 products
2026-01-01 15:56:09,365 - INFO - [FLIPKART] Page 3/3...
2026-01-01 15:56:12,844 - INFO - [DB] COMMITTED 40 Flipkart products
2026-01-01 15:56:12,845 - INFO - [DB] VERIFIED: 199 Flipkart records updated
2026-01-01 15:56:12,845 - INFO - [FLIPKART] Saved 40 products
2026-01-01 15:56:12,845 - INFO - [FLIPKART] Total: 120 products saved for Electronics
2026-01-01 15:56:15,845 - INFO - 
[FLIPKART] Category 3/8
2026-01-01 15:56:15,845 - INFO - 
======================================================================
[FLIPKART] Collecting Clothing
2026-01-01 15:56:15,845 - INFO - [FLIPKART] Page 1/3...
2026-01-01 15:56:45,038 - INFO - [DB] COMMITTED 40 Flipkart products
2026-01-01 15:56:45,039 - INFO - [DB] VERIFIED: 161 Flipkart records updated
2026-01-01 15:56:45,039 - INFO - [FLIPKART] Saved 40 products
2026-01-01 15:56:47,039 - INFO - [FLIPKART] Page 2/3...
2026-01-01 15:56:52,953 - INFO - [DB] COMMITTED 40 Flipkart products
2026-01-01 15:56:52,953 - INFO - [DB] VERIFIED: 120 Flipkart records updated
2026-01-01 15:56:52,953 - INFO - [FLIPKART] Saved 40 products
2026-01-01 15:56:54,953 - INFO - [FLIPKART] Page 3/3...
2026-01-01 15:57:09,391 - INFO - [DB] COMMITTED 40 Flipkart products
2026-01-01 15:57:09,392 - INFO - [DB] VERIFIED: 80 Flipkart records updated
2026-01-01 15:57:09,392 - INFO - [FLIPKART] Saved 40 products
2026-01-01 15:57:09,392 - INFO - [FLIPKART] Total: 120 products saved for Clothing
2026-01-01 15:57:12,392 - INFO - 
[FLIPKART] Category 4/8
2026-01-01 15:57:12,392 - INFO - 
======================================================================
[FLIPKART] Collecting Home Decor
2026-01-01 15:57:12,392 - INFO - [FLIPKART] Page 1/3...
2026-01-01 15:57:18,322 - INFO - [DB] COMMITTED 40 Flipkart products
2026-01-01 15:57:18,322 - INFO - [DB] VERIFIED: 100 Flipkart records updated
2026-01-01 15:57:18,322 - INFO - [FLIPKART] Saved 40 products
2026-01-01 15:57:20,323 - INFO - [FLIPKART] Page 2/3...
2026-01-01 15:57:25,648 - INFO - [DB] COMMITTED 40 Flipkart products
2026-01-01 15:57:25,649 - INFO - [DB] VERIFIED: 121 Flipkart records updated
2026-01-01 15:57:25,649 - INFO - [FLIPKART] Saved 40 products
2026-01-01 15:57:27,649 - INFO - [FLIPKART] Page 3/3...
2026-01-01 15:57:32,008 - INFO - [DB] COMMITTED 40 Flipkart products
2026-01-01 15:57:32,009 - INFO - [DB] VERIFIED: 141 Flipkart records updated
2026-01-01 15:57:32,009 - INFO - [FLIPKART] Saved 40 products
2026-01-01 15:57:32,009 - INFO - [FLIPKART] Total: 120 products saved for Home Decor
2026-01-01 15:57:35,009 - INFO - 
[FLIPKART] Category 5/8
2026-01-01 15:57:35,009 - INFO - 
======================================================================
[FLIPKART] Collecting Home Appliances
2026-01-01 15:57:35,009 - INFO - [FLIPKART] Page 1/3...
2026-01-01 15:57:39,776 - INFO - [DB] COMMITTED 40 Flipkart products
2026-01-01 15:57:39,777 - INFO - [DB] VERIFIED: 181 Flipkart records updated
2026-01-01 15:57:39,777 - INFO - [FLIPKART] Saved 40 products
2026-01-01 15:57:41,777 - INFO - [FLIPKART] Page 2/3...
2026-01-01 15:57:46,229 - INFO - [DB] COMMITTED 40 Flipkart products
2026-01-01 15:57:46,230 - INFO - [DB] VERIFIED: 180 Flipkart records updated
2026-01-01 15:57:46,230 - INFO - [FLIPKART] Saved 40 products
2026-01-01 15:57:48,230 - INFO - [FLIPKART] Page 3/3...
2026-01-01 15:57:52,204 - INFO - [DB] COMMITTED 40 Flipkart products
2026-01-01 15:57:52,205 - INFO - [DB] VERIFIED: 205 Flipkart records updated
2026-01-01 15:57:52,205 - INFO - [FLIPKART] Saved 40 products
2026-01-01 15:57:52,205 - INFO - [FLIPKART] Total: 120 products saved for Home Appliances
2026-01-01 15:57:55,205 - INFO - 
[FLIPKART] Category 6/8
2026-01-01 15:57:55,205 - INFO - 
======================================================================
[FLIPKART] Collecting Food and Nutrition
2026-01-01 15:57:55,206 - INFO - [FLIPKART] Page 1/3...
2026-01-01 15:58:02,932 - INFO - [DB] COMMITTED 40 Flipkart products
2026-01-01 15:58:02,933 - INFO - [DB] VERIFIED: 205 Flipkart records updated
2026-01-01 15:58:02,933 - INFO - [FLIPKART] Saved 40 products
2026-01-01 15:58:04,933 - INFO - [FLIPKART] Page 2/3...
2026-01-01 15:58:11,889 - INFO - [DB] COMMITTED 40 Flipkart products
2026-01-01 15:58:11,890 - INFO - [DB] VERIFIED: 206 Flipkart records updated
2026-01-01 15:58:11,890 - INFO - [FLIPKART] Saved 40 products
2026-01-01 15:58:13,890 - INFO - [FLIPKART] Page 3/3...
2026-01-01 15:58:22,647 - INFO - [DB] COMMITTED 40 Flipkart products
2026-01-01 15:58:22,647 - INFO - [DB] VERIFIED: 206 Flipkart records updated
2026-01-01 15:58:22,647 - INFO - [FLIPKART] Saved 40 products
2026-01-01 15:58:22,648 - INFO - [FLIPKART] Total: 120 products saved for Food and Nutrition
2026-01-01 15:58:25,648 - INFO - 
[FLIPKART] Category 7/8
2026-01-01 15:58:25,648 - INFO - 
======================================================================
[FLIPKART] Collecting Toys and Games
2026-01-01 15:58:25,648 - INFO - [FLIPKART] Page 1/3...
2026-01-01 15:58:30,687 - INFO - [DB] COMMITTED 40 Flipkart products
2026-01-01 15:58:30,688 - INFO - [DB] VERIFIED: 206 Flipkart records updated
2026-01-01 15:58:30,688 - INFO - [FLIPKART] Saved 40 products
2026-01-01 15:58:32,688 - INFO - [FLIPKART] Page 2/3...
2026-01-01 15:58:37,252 - INFO - [DB] COMMITTED 40 Flipkart products
2026-01-01 15:58:37,253 - INFO - [DB] VERIFIED: 208 Flipkart records updated
2026-01-01 15:58:37,253 - INFO - [FLIPKART] Saved 40 products
2026-01-01 15:58:39,253 - INFO - [FLIPKART] Page 3/3...
2026-01-01 15:58:43,136 - INFO - [DB] COMMITTED 40 Flipkart products
2026-01-01 15:58:43,137 - INFO - [DB] VERIFIED: 203 Flipkart records updated
2026-01-01 15:58:43,137 - INFO - [FLIPKART] Saved 40 products
2026-01-01 15:58:43,137 - INFO - [FLIPKART] Total: 120 products saved for Toys and Games
2026-01-01 15:58:46,138 - INFO - 
[FLIPKART] Category 8/8
2026-01-01 15:58:46,138 - INFO - 
======================================================================
[FLIPKART] Collecting Health & Personal Care Appliances
2026-01-01 15:58:46,138 - INFO - [FLIPKART] Page 1/3...
2026-01-01 15:58:50,754 - INFO - [DB] COMMITTED 40 Flipkart products
2026-01-01 15:58:50,755 - INFO - [DB] VERIFIED: 203 Flipkart records updated
2026-01-01 15:58:50,755 - INFO - [FLIPKART] Saved 40 products
2026-01-01 15:58:52,755 - INFO - [FLIPKART] Page 2/3...
2026-01-01 15:58:57,204 - INFO - [DB] COMMITTED 40 Flipkart products
2026-01-01 15:58:57,204 - INFO - [DB] VERIFIED: 205 Flipkart records updated
2026-01-01 15:58:57,204 - INFO - [FLIPKART] Saved 40 products
2026-01-01 15:58:59,205 - INFO - [FLIPKART] Page 3/3...
2026-01-01 15:59:03,521 - INFO - [DB] COMMITTED 40 Flipkart products
2026-01-01 15:59:03,522 - INFO - [DB] VERIFIED: 201 Flipkart records updated
2026-01-01 15:59:03,522 - INFO - [FLIPKART] Saved 40 products
2026-01-01 15:59:03,522 - INFO - [FLIPKART] Total: 120 products saved for Health & Personal Care Appliances
2026-01-01 15:59:03,522 - INFO - [DB] Final commit completed
2026-01-01 15:59:03,522 - INFO - 
======================================================================
[FINAL STATISTICS]
======================================================================
2026-01-01 15:59:03,526 - INFO - 
[AMAZON STATS]
2026-01-01 15:59:03,526 - INFO -   Products: 1443
2026-01-01 15:59:03,526 - INFO -   Unique ASINs: 1321
2026-01-01 15:59:03,526 - INFO -   Categories: 7
2026-01-01 15:59:03,526 - INFO -   Avg Price: Rs 2157.95
2026-01-01 15:59:03,526 - INFO -   Avg Sales: 170,031,970
2026-01-01 15:59:03,526 - INFO -   Last Updated: 2025-12-10 10:25:52.622094+00:00
2026-01-01 15:59:03,529 - INFO - 
[FLIPKART STATS]
2026-01-01 15:59:03,529 - INFO -   Products: 1761
2026-01-01 15:59:03,529 - INFO -   Unique PIDs: 1761
2026-01-01 15:59:03,529 - INFO -   Categories: 8
2026-01-01 15:59:03,529 - INFO -   Avg Price: Rs 15680.65
2026-01-01 15:59:03,529 - INFO -   Avg Estimated Sales: 128,745
2026-01-01 15:59:03,530 - INFO -   Last Updated: 2026-01-01 10:28:57.204367+00:00
2026-01-01 15:59:03,530 - INFO - 
[COMPLETE] Amazon: 0 | Flipkart: 960 | Total: 960
2026-01-01 15:59:03,530 - INFO - [DB] Disconnected
2026-01-02 15:55:01,620 - INFO - [CONFIG] Loaded - Amazon: True, Flipkart: True
2026-01-02 15:55:01,620 - INFO - [INIT] Amazon API client initialized
2026-01-02 15:55:01,620 - INFO - [INIT] Flipkart API client initialized
2026-01-02 15:55:01,620 - INFO - [START] Multi-platform collection starting
2026-01-02 15:55:01,620 - INFO - [DB] Connecting (attempt 1/3)...
2026-01-02 15:55:01,629 - INFO - [DB] Connected successfully
2026-01-02 15:55:01,630 - INFO - [DB] Tables created successfully (rapidapi_amazon_products & rapidapi_flipkart_products)
2026-01-02 15:55:01,630 - INFO - 
######################################################################
[AMAZON] Starting Amazon collection
######################################################################
2026-01-02 15:55:01,630 - INFO - 
[AMAZON] Category 1/9
2026-01-02 15:55:01,630 - INFO - 
======================================================================
[AMAZON] Collecting Baby Products
2026-01-02 15:55:01,630 - INFO - [AMAZON] Page 1/3...
2026-01-02 15:55:02,010 - ERROR - RapidAPI HTTP 429: b'{"message":"You have exceeded the MONTHLY quota for Requests on your current plan, BASIC. Upgrade your plan at https:\\/\\/rapidapi.com\\/letscrape-6bRBa3QguO5\\/api\\/real-time-amazon-data"}'
2026-01-02 15:55:02,011 - INFO - [AMAZON] Total: 0 products saved for Baby Products
2026-01-02 15:55:05,011 - INFO - 
[AMAZON] Category 2/9
2026-01-02 15:55:05,011 - INFO - 
======================================================================
[AMAZON] Collecting Electronics
2026-01-02 15:55:05,011 - INFO - [AMAZON] Page 1/3...
2026-01-02 15:55:05,314 - ERROR - RapidAPI HTTP 429: b'{"message":"You have exceeded the MONTHLY quota for Requests on your current plan, BASIC. Upgrade your plan at https:\\/\\/rapidapi.com\\/letscrape-6bRBa3QguO5\\/api\\/real-time-amazon-data"}'
2026-01-02 15:55:05,314 - INFO - [AMAZON] Total: 0 products saved for Electronics
2026-01-02 15:55:08,315 - INFO - 
[AMAZON] Category 3/9
2026-01-02 15:55:08,315 - INFO - 
======================================================================
[AMAZON] Collecting Computers & Accessories
2026-01-02 15:55:08,315 - INFO - [AMAZON] Page 1/3...
2026-01-02 15:55:08,685 - ERROR - RapidAPI HTTP 429: b'{"message":"You have exceeded the MONTHLY quota for Requests on your current plan, BASIC. Upgrade your plan at https:\\/\\/rapidapi.com\\/letscrape-6bRBa3QguO5\\/api\\/real-time-amazon-data"}'
2026-01-02 15:55:08,686 - INFO - [AMAZON] Total: 0 products saved for Computers & Accessories
2026-01-02 15:55:11,686 - INFO - 
[AMAZON] Category 4/9
2026-01-02 15:55:11,686 - INFO - 
======================================================================
[AMAZON] Collecting Cell Phones
2026-01-02 15:55:11,686 - INFO - [AMAZON] Page 1/3...
2026-01-02 15:55:12,052 - ERROR - RapidAPI HTTP 429: b'{"message":"You have exceeded the MONTHLY quota for Requests on your current plan, BASIC. Upgrade your plan at https:\\/\\/rapidapi.com\\/letscrape-6bRBa3QguO5\\/api\\/real-time-amazon-data"}'
2026-01-02 15:55:12,053 - INFO - [AMAZON] Total: 0 products saved for Cell Phones
2026-01-02 15:55:15,053 - INFO - 
[AMAZON] Category 5/9
2026-01-02 15:55:15,053 - INFO - 
======================================================================
[AMAZON] Collecting Toys & Games
2026-01-02 15:55:15,053 - INFO - [AMAZON] Page 1/3...
2026-01-02 15:55:15,426 - ERROR - RapidAPI HTTP 429: b'{"message":"You have exceeded the MONTHLY quota for Requests on your current plan, BASIC. Upgrade your plan at https:\\/\\/rapidapi.com\\/letscrape-6bRBa3QguO5\\/api\\/real-time-amazon-data"}'
2026-01-02 15:55:15,426 - INFO - [AMAZON] Total: 0 products saved for Toys & Games
2026-01-02 15:55:18,427 - INFO - 
[AMAZON] Category 6/9
2026-01-02 15:55:18,427 - INFO - 
======================================================================
[AMAZON] Collecting Health & Personal Care
2026-01-02 15:55:18,427 - INFO - [AMAZON] Page 1/3...
2026-01-02 15:55:18,734 - ERROR - RapidAPI HTTP 429: b'{"message":"You have exceeded the MONTHLY quota for Requests on your current plan, BASIC. Upgrade your plan at https:\\/\\/rapidapi.com\\/letscrape-6bRBa3QguO5\\/api\\/real-time-amazon-data"}'
2026-01-02 15:55:18,735 - INFO - [AMAZON] Total: 0 products saved for Health & Personal Care
2026-01-02 15:55:21,735 - INFO - 
[AMAZON] Category 7/9
2026-01-02 15:55:21,735 - INFO - 
======================================================================
[AMAZON] Collecting Video Games
2026-01-02 15:55:21,735 - INFO - [AMAZON] Page 1/3...
2026-01-02 15:55:22,053 - ERROR - RapidAPI HTTP 429: b'{"message":"You have exceeded the MONTHLY quota for Requests on your current plan, BASIC. Upgrade your plan at https:\\/\\/rapidapi.com\\/letscrape-6bRBa3QguO5\\/api\\/real-time-amazon-data"}'
2026-01-02 15:55:22,053 - INFO - [AMAZON] Total: 0 products saved for Video Games
2026-01-02 15:55:25,054 - INFO - 
[AMAZON] Category 8/9
2026-01-02 15:55:25,054 - INFO - 
======================================================================
[AMAZON] Collecting Pet Supplies
2026-01-02 15:55:25,054 - INFO - [AMAZON] Page 1/3...
2026-01-02 15:55:25,359 - ERROR - RapidAPI HTTP 429: b'{"message":"You have exceeded the MONTHLY quota for Requests on your current plan, BASIC. Upgrade your plan at https:\\/\\/rapidapi.com\\/letscrape-6bRBa3QguO5\\/api\\/real-time-amazon-data"}'
2026-01-02 15:55:25,359 - INFO - [AMAZON] Total: 0 products saved for Pet Supplies
2026-01-02 15:55:28,359 - INFO - 
[AMAZON] Category 9/9
2026-01-02 15:55:28,360 - INFO - 
======================================================================
[AMAZON] Collecting Beauty
2026-01-02 15:55:28,360 - INFO - [AMAZON] Page 1/3...
2026-01-02 15:55:28,721 - ERROR - RapidAPI HTTP 429: b'{"message":"You have exceeded the MONTHLY quota for Requests on your current plan, BASIC. Upgrade your plan at https:\\/\\/rapidapi.com\\/letscrape-6bRBa3QguO5\\/api\\/real-time-amazon-data"}'
2026-01-02 15:55:28,722 - INFO - [AMAZON] Total: 0 products saved for Beauty
2026-01-02 15:55:28,722 - INFO - 
######################################################################
[FLIPKART] Starting Flipkart collection
######################################################################
2026-01-02 15:55:28,722 - INFO - 
[FLIPKART] Category 1/8
2026-01-02 15:55:28,722 - INFO - 
======================================================================
[FLIPKART] Collecting Mobiles
2026-01-02 15:55:28,722 - INFO - [FLIPKART] Page 1/3...
2026-01-02 15:55:32,584 - INFO - [DB] COMMITTED 40 Flipkart products
2026-01-02 15:55:32,585 - INFO - [DB] VERIFIED: 40 Flipkart records updated
2026-01-02 15:55:32,585 - INFO - [FLIPKART] Saved 40 products
2026-01-02 15:55:34,585 - INFO - [FLIPKART] Page 2/3...
2026-01-02 15:55:38,302 - INFO - [DB] COMMITTED 40 Flipkart products
2026-01-02 15:55:38,303 - INFO - [DB] VERIFIED: 76 Flipkart records updated
2026-01-02 15:55:38,303 - INFO - [FLIPKART] Saved 40 products
2026-01-02 15:55:40,303 - INFO - [FLIPKART] Page 3/3...
2026-01-02 15:55:53,736 - INFO - [DB] COMMITTED 40 Flipkart products
2026-01-02 15:55:53,736 - INFO - [DB] VERIFIED: 112 Flipkart records updated
2026-01-02 15:55:53,736 - INFO - [FLIPKART] Saved 40 products
2026-01-02 15:55:53,736 - INFO - [FLIPKART] Total: 120 products saved for Mobiles
2026-01-02 15:55:56,736 - INFO - 
[FLIPKART] Category 2/8
2026-01-02 15:55:56,736 - INFO - 
======================================================================
[FLIPKART] Collecting Electronics
2026-01-02 15:55:56,736 - INFO - [FLIPKART] Page 1/3...
2026-01-02 15:56:00,379 - INFO - [DB] COMMITTED 40 Flipkart products
2026-01-02 15:56:00,379 - INFO - [DB] VERIFIED: 152 Flipkart records updated
2026-01-02 15:56:00,379 - INFO - [FLIPKART] Saved 40 products
2026-01-02 15:56:02,379 - INFO - [FLIPKART] Page 2/3...
2026-01-02 15:56:05,728 - INFO - [DB] COMMITTED 40 Flipkart products
2026-01-02 15:56:05,728 - INFO - [DB] VERIFIED: 176 Flipkart records updated
2026-01-02 15:56:05,728 - INFO - [FLIPKART] Saved 40 products
2026-01-02 15:56:07,728 - INFO - [FLIPKART] Page 3/3...
2026-01-02 15:56:11,449 - INFO - [DB] COMMITTED 40 Flipkart products
2026-01-02 15:56:11,450 - INFO - [DB] VERIFIED: 200 Flipkart records updated
2026-01-02 15:56:11,450 - INFO - [FLIPKART] Saved 40 products
2026-01-02 15:56:11,450 - INFO - [FLIPKART] Total: 120 products saved for Electronics
2026-01-02 15:56:14,450 - INFO - 
[FLIPKART] Category 3/8
2026-01-02 15:56:14,450 - INFO - 
======================================================================
[FLIPKART] Collecting Clothing
2026-01-02 15:56:14,450 - INFO - [FLIPKART] Page 1/3...
2026-01-02 15:56:24,267 - INFO - [DB] COMMITTED 40 Flipkart products
2026-01-02 15:56:24,268 - INFO - [DB] VERIFIED: 240 Flipkart records updated
2026-01-02 15:56:24,268 - INFO - [FLIPKART] Saved 40 products
2026-01-02 15:56:26,268 - INFO - [FLIPKART] Page 2/3...
2026-01-02 15:56:31,452 - INFO - [DB] COMMITTED 40 Flipkart products
2026-01-02 15:56:31,452 - INFO - [DB] VERIFIED: 263 Flipkart records updated
2026-01-02 15:56:31,452 - INFO - [FLIPKART] Saved 40 products
2026-01-02 15:56:33,453 - INFO - [FLIPKART] Page 3/3...
2026-01-02 15:56:34,474 - ERROR - RapidAPI HTTP 500: b'{"success":false,"message":"Failed to fetch data from Flipkart. Their servers might be experiencing issues.","code":500}'
2026-01-02 15:56:34,475 - WARNING - [FLIPKART] No response for page 3, stopping collection
2026-01-02 15:56:34,475 - INFO - [FLIPKART] Total: 80 products saved for Clothing
2026-01-02 15:56:37,475 - INFO - 
[FLIPKART] Category 4/8
2026-01-02 15:56:37,475 - INFO - 
======================================================================
[FLIPKART] Collecting Home Decor
2026-01-02 15:56:37,475 - INFO - [FLIPKART] Page 1/3...
2026-01-02 15:56:42,496 - INFO - [DB] COMMITTED 40 Flipkart products
2026-01-02 15:56:42,497 - INFO - [DB] VERIFIED: 191 Flipkart records updated
2026-01-02 15:56:42,497 - INFO - [FLIPKART] Saved 40 products
2026-01-02 15:56:44,497 - INFO - [FLIPKART] Page 2/3...
2026-01-02 15:56:57,020 - INFO - [DB] COMMITTED 40 Flipkart products
2026-01-02 15:56:57,021 - INFO - [DB] VERIFIED: 189 Flipkart records updated
2026-01-02 15:56:57,021 - INFO - [FLIPKART] Saved 40 products
2026-01-02 15:56:59,021 - INFO - [FLIPKART] Page 3/3...
2026-01-02 15:57:04,449 - INFO - [DB] COMMITTED 40 Flipkart products
2026-01-02 15:57:04,449 - INFO - [DB] VERIFIED: 185 Flipkart records updated
2026-01-02 15:57:04,449 - INFO - [FLIPKART] Saved 40 products
2026-01-02 15:57:04,449 - INFO - [FLIPKART] Total: 120 products saved for Home Decor
2026-01-02 15:57:07,449 - INFO - 
[FLIPKART] Category 5/8
2026-01-02 15:57:07,450 - INFO - 
======================================================================
[FLIPKART] Collecting Home Appliances
2026-01-02 15:57:07,450 - INFO - [FLIPKART] Page 1/3...
2026-01-02 15:57:12,063 - INFO - [DB] COMMITTED 40 Flipkart products
2026-01-02 15:57:12,064 - INFO - [DB] VERIFIED: 162 Flipkart records updated
2026-01-02 15:57:12,064 - INFO - [FLIPKART] Saved 40 products
2026-01-02 15:57:14,064 - INFO - [FLIPKART] Page 2/3...
2026-01-02 15:57:18,009 - INFO - [DB] COMMITTED 40 Flipkart products
2026-01-02 15:57:18,009 - INFO - [DB] VERIFIED: 182 Flipkart records updated
2026-01-02 15:57:18,009 - INFO - [FLIPKART] Saved 40 products
2026-01-02 15:57:20,010 - INFO - [FLIPKART] Page 3/3...
2026-01-02 15:57:24,902 - INFO - [DB] COMMITTED 40 Flipkart products
2026-01-02 15:57:24,903 - INFO - [DB] VERIFIED: 162 Flipkart records updated
2026-01-02 15:57:24,903 - INFO - [FLIPKART] Saved 40 products
2026-01-02 15:57:24,903 - INFO - [FLIPKART] Total: 120 products saved for Home Appliances
2026-01-02 15:57:27,903 - INFO - 
[FLIPKART] Category 6/8
2026-01-02 15:57:27,903 - INFO - 
======================================================================
[FLIPKART] Collecting Food and Nutrition
2026-01-02 15:57:27,903 - INFO - [FLIPKART] Page 1/3...
2026-01-02 15:57:28,828 - ERROR - RapidAPI HTTP 500: b'{"success":false,"message":"Failed to fetch data from Flipkart. Their servers might be experiencing issues.","code":500}'
2026-01-02 15:57:28,829 - WARNING - [FLIPKART] No response for page 1, stopping collection
2026-01-02 15:57:28,829 - INFO - [FLIPKART] Total: 0 products saved for Food and Nutrition
2026-01-02 15:57:31,829 - INFO - 
[FLIPKART] Category 7/8
2026-01-02 15:57:31,829 - INFO - 
======================================================================
[FLIPKART] Collecting Toys and Games
2026-01-02 15:57:31,829 - INFO - [FLIPKART] Page 1/3...
2026-01-02 15:57:36,176 - INFO - [DB] COMMITTED 40 Flipkart products
2026-01-02 15:57:36,176 - INFO - [DB] VERIFIED: 182 Flipkart records updated
2026-01-02 15:57:36,176 - INFO - [FLIPKART] Saved 40 products
2026-01-02 15:57:38,176 - INFO - [FLIPKART] Page 2/3...
2026-01-02 15:58:08,460 - ERROR - RapidAPI error: The read operation timed out
2026-01-02 15:58:08,461 - WARNING - [FLIPKART] No response for page 2, stopping collection
2026-01-02 15:58:08,461 - INFO - [FLIPKART] Total: 40 products saved for Toys and Games
2026-01-02 15:58:11,461 - INFO - 
[FLIPKART] Category 8/8
2026-01-02 15:58:11,461 - INFO - 
======================================================================
[FLIPKART] Collecting Health & Personal Care Appliances
2026-01-02 15:58:11,462 - INFO - [FLIPKART] Page 1/3...
2026-01-02 15:58:17,123 - INFO - [DB] COMMITTED 40 Flipkart products
2026-01-02 15:58:17,124 - INFO - [DB] VERIFIED: 120 Flipkart records updated
2026-01-02 15:58:17,124 - INFO - [FLIPKART] Saved 40 products
2026-01-02 15:58:19,124 - INFO - [FLIPKART] Page 2/3...
2026-01-02 15:58:25,442 - INFO - [DB] COMMITTED 40 Flipkart products
2026-01-02 15:58:25,442 - INFO - [DB] VERIFIED: 62 Flipkart records updated
2026-01-02 15:58:25,442 - INFO - [FLIPKART] Saved 40 products
2026-01-02 15:58:27,442 - INFO - [FLIPKART] Page 3/3...
2026-01-02 15:58:34,076 - INFO - [DB] COMMITTED 40 Flipkart products
2026-01-02 15:58:34,076 - INFO - [DB] VERIFIED: 90 Flipkart records updated
2026-01-02 15:58:34,076 - INFO - [FLIPKART] Saved 40 products
2026-01-02 15:58:34,076 - INFO - [FLIPKART] Total: 120 products saved for Health & Personal Care Appliances
2026-01-02 15:58:34,076 - INFO - [DB] Final commit completed
2026-01-02 15:58:34,076 - INFO - 
======================================================================
[FINAL STATISTICS]
======================================================================
2026-01-02 15:58:34,080 - INFO - 
[AMAZON STATS]
2026-01-02 15:58:34,080 - INFO -   Products: 1443
2026-01-02 15:58:34,080 - INFO -   Unique ASINs: 1321
2026-01-02 15:58:34,080 - INFO -   Categories: 7
2026-01-02 15:58:34,080 - INFO -   Avg Price: Rs 2157.95
2026-01-02 15:58:34,080 - INFO -   Avg Sales: 170,031,970
2026-01-02 15:58:34,080 - INFO -   Last Updated: 2025-12-10 10:25:52.622094+00:00
2026-01-02 15:58:34,084 - INFO - 
[FLIPKART STATS]
2026-01-02 15:58:34,084 - INFO -   Products: 1903
2026-01-02 15:58:34,084 - INFO -   Unique PIDs: 1903
2026-01-02 15:58:34,084 - INFO -   Categories: 8
2026-01-02 15:58:34,084 - INFO -   Avg Price: Rs 14902.86
2026-01-02 15:58:34,084 - INFO -   Avg Estimated Sales: 125,050
2026-01-02 15:58:34,084 - INFO -   Last Updated: 2026-01-02 10:28:25.442337+00:00
2026-01-02 15:58:34,084 - INFO - 
[COMPLETE] Amazon: 0 | Flipkart: 720 | Total: 720
2026-01-02 15:58:34,085 - INFO - [DB] Disconnected
2026-01-03 15:55:01,175 - INFO - [CONFIG] Loaded - Amazon: True, Flipkart: True
2026-01-03 15:55:01,175 - INFO - [INIT] Amazon API client initialized
2026-01-03 15:55:01,175 - INFO - [INIT] Flipkart API client initialized
2026-01-03 15:55:01,175 - INFO - [START] Multi-platform collection starting
2026-01-03 15:55:01,175 - INFO - [DB] Connecting (attempt 1/3)...
2026-01-03 15:55:01,184 - INFO - [DB] Connected successfully
2026-01-03 15:55:01,186 - INFO - [DB] Tables created successfully (rapidapi_amazon_products & rapidapi_flipkart_products)
2026-01-03 15:55:01,186 - INFO - 
######################################################################
[AMAZON] Starting Amazon collection
######################################################################
2026-01-03 15:55:01,186 - INFO - 
[AMAZON] Category 1/9
2026-01-03 15:55:01,186 - INFO - 
======================================================================
[AMAZON] Collecting Baby Products
2026-01-03 15:55:01,186 - INFO - [AMAZON] Page 1/3...
2026-01-03 15:55:01,556 - ERROR - RapidAPI HTTP 429: b'{"message":"You have exceeded the MONTHLY quota for Requests on your current plan, BASIC. Upgrade your plan at https:\\/\\/rapidapi.com\\/letscrape-6bRBa3QguO5\\/api\\/real-time-amazon-data"}'
2026-01-03 15:55:01,557 - INFO - [AMAZON] Total: 0 products saved for Baby Products
2026-01-03 15:55:04,557 - INFO - 
[AMAZON] Category 2/9
2026-01-03 15:55:04,557 - INFO - 
======================================================================
[AMAZON] Collecting Electronics
2026-01-03 15:55:04,557 - INFO - [AMAZON] Page 1/3...
2026-01-03 15:55:05,000 - ERROR - RapidAPI HTTP 429: b'{"message":"You have exceeded the MONTHLY quota for Requests on your current plan, BASIC. Upgrade your plan at https:\\/\\/rapidapi.com\\/letscrape-6bRBa3QguO5\\/api\\/real-time-amazon-data"}'
2026-01-03 15:55:05,000 - INFO - [AMAZON] Total: 0 products saved for Electronics
2026-01-03 15:55:08,001 - INFO - 
[AMAZON] Category 3/9
2026-01-03 15:55:08,001 - INFO - 
======================================================================
[AMAZON] Collecting Computers & Accessories
2026-01-03 15:55:08,001 - INFO - [AMAZON] Page 1/3...
2026-01-03 15:55:08,384 - ERROR - RapidAPI HTTP 429: b'{"message":"You have exceeded the MONTHLY quota for Requests on your current plan, BASIC. Upgrade your plan at https:\\/\\/rapidapi.com\\/letscrape-6bRBa3QguO5\\/api\\/real-time-amazon-data"}'
2026-01-03 15:55:08,384 - INFO - [AMAZON] Total: 0 products saved for Computers & Accessories
2026-01-03 15:55:11,385 - INFO - 
[AMAZON] Category 4/9
2026-01-03 15:55:11,385 - INFO - 
======================================================================
[AMAZON] Collecting Cell Phones
2026-01-03 15:55:11,385 - INFO - [AMAZON] Page 1/3...
2026-01-03 15:55:11,716 - ERROR - RapidAPI HTTP 429: b'{"message":"You have exceeded the MONTHLY quota for Requests on your current plan, BASIC. Upgrade your plan at https:\\/\\/rapidapi.com\\/letscrape-6bRBa3QguO5\\/api\\/real-time-amazon-data"}'
2026-01-03 15:55:11,717 - INFO - [AMAZON] Total: 0 products saved for Cell Phones
2026-01-03 15:55:14,717 - INFO - 
[AMAZON] Category 5/9
2026-01-03 15:55:14,717 - INFO - 
======================================================================
[AMAZON] Collecting Toys & Games
2026-01-03 15:55:14,717 - INFO - [AMAZON] Page 1/3...
2026-01-03 15:55:15,132 - ERROR - RapidAPI HTTP 429: b'{"message":"You have exceeded the MONTHLY quota for Requests on your current plan, BASIC. Upgrade your plan at https:\\/\\/rapidapi.com\\/letscrape-6bRBa3QguO5\\/api\\/real-time-amazon-data"}'
2026-01-03 15:55:15,132 - INFO - [AMAZON] Total: 0 products saved for Toys & Games
2026-01-03 15:55:18,133 - INFO - 
[AMAZON] Category 6/9
2026-01-03 15:55:18,133 - INFO - 
======================================================================
[AMAZON] Collecting Health & Personal Care
2026-01-03 15:55:18,133 - INFO - [AMAZON] Page 1/3...
2026-01-03 15:55:18,465 - ERROR - RapidAPI HTTP 429: b'{"message":"You have exceeded the MONTHLY quota for Requests on your current plan, BASIC. Upgrade your plan at https:\\/\\/rapidapi.com\\/letscrape-6bRBa3QguO5\\/api\\/real-time-amazon-data"}'
2026-01-03 15:55:18,466 - INFO - [AMAZON] Total: 0 products saved for Health & Personal Care
2026-01-03 15:55:21,466 - INFO - 
[AMAZON] Category 7/9
2026-01-03 15:55:21,466 - INFO - 
======================================================================
[AMAZON] Collecting Video Games
2026-01-03 15:55:21,466 - INFO - [AMAZON] Page 1/3...
2026-01-03 15:55:21,797 - ERROR - RapidAPI HTTP 429: b'{"message":"You have exceeded the MONTHLY quota for Requests on your current plan, BASIC. Upgrade your plan at https:\\/\\/rapidapi.com\\/letscrape-6bRBa3QguO5\\/api\\/real-time-amazon-data"}'
2026-01-03 15:55:21,797 - INFO - [AMAZON] Total: 0 products saved for Video Games
2026-01-03 15:55:24,797 - INFO - 
[AMAZON] Category 8/9
2026-01-03 15:55:24,798 - INFO - 
======================================================================
[AMAZON] Collecting Pet Supplies
2026-01-03 15:55:24,798 - INFO - [AMAZON] Page 1/3...
2026-01-03 15:55:25,185 - ERROR - RapidAPI HTTP 429: b'{"message":"You have exceeded the MONTHLY quota for Requests on your current plan, BASIC. Upgrade your plan at https:\\/\\/rapidapi.com\\/letscrape-6bRBa3QguO5\\/api\\/real-time-amazon-data"}'
2026-01-03 15:55:25,185 - INFO - [AMAZON] Total: 0 products saved for Pet Supplies
2026-01-03 15:55:28,186 - INFO - 
[AMAZON] Category 9/9
2026-01-03 15:55:28,186 - INFO - 
======================================================================
[AMAZON] Collecting Beauty
2026-01-03 15:55:28,186 - INFO - [AMAZON] Page 1/3...
2026-01-03 15:55:28,553 - ERROR - RapidAPI HTTP 429: b'{"message":"You have exceeded the MONTHLY quota for Requests on your current plan, BASIC. Upgrade your plan at https:\\/\\/rapidapi.com\\/letscrape-6bRBa3QguO5\\/api\\/real-time-amazon-data"}'
2026-01-03 15:55:28,553 - INFO - [AMAZON] Total: 0 products saved for Beauty
2026-01-03 15:55:28,553 - INFO - 
######################################################################
[FLIPKART] Starting Flipkart collection
######################################################################
2026-01-03 15:55:28,553 - INFO - 
[FLIPKART] Category 1/8
2026-01-03 15:55:28,553 - INFO - 
======================================================================
[FLIPKART] Collecting Mobiles
2026-01-03 15:55:28,553 - INFO - [FLIPKART] Page 1/3...
2026-01-03 15:55:34,236 - INFO - [DB] COMMITTED 40 Flipkart products
2026-01-03 15:55:34,237 - INFO - [DB] VERIFIED: 40 Flipkart records updated
2026-01-03 15:55:34,237 - INFO - [FLIPKART] Saved 40 products
2026-01-03 15:55:36,237 - INFO - [FLIPKART] Page 2/3...
2026-01-03 15:55:40,047 - INFO - [DB] COMMITTED 40 Flipkart products
2026-01-03 15:55:40,047 - INFO - [DB] VERIFIED: 64 Flipkart records updated
2026-01-03 15:55:40,047 - INFO - [FLIPKART] Saved 40 products
2026-01-03 15:55:42,047 - INFO - [FLIPKART] Page 3/3...
2026-01-03 15:55:48,311 - INFO - [DB] COMMITTED 40 Flipkart products
2026-01-03 15:55:48,311 - INFO - [DB] VERIFIED: 88 Flipkart records updated
2026-01-03 15:55:48,311 - INFO - [FLIPKART] Saved 40 products
2026-01-03 15:55:48,311 - INFO - [FLIPKART] Total: 120 products saved for Mobiles
2026-01-03 15:55:51,311 - INFO - 
[FLIPKART] Category 2/8
2026-01-03 15:55:51,311 - INFO - 
======================================================================
[FLIPKART] Collecting Electronics
2026-01-03 15:55:51,311 - INFO - [FLIPKART] Page 1/3...
2026-01-03 15:55:58,815 - INFO - [DB] COMMITTED 40 Flipkart products
2026-01-03 15:55:58,816 - INFO - [DB] VERIFIED: 128 Flipkart records updated
2026-01-03 15:55:58,816 - INFO - [FLIPKART] Saved 40 products
2026-01-03 15:56:00,816 - INFO - [FLIPKART] Page 2/3...
2026-01-03 15:56:06,025 - INFO - [DB] COMMITTED 40 Flipkart products
2026-01-03 15:56:06,025 - INFO - [DB] VERIFIED: 148 Flipkart records updated
2026-01-03 15:56:06,025 - INFO - [FLIPKART] Saved 40 products
2026-01-03 15:56:08,026 - INFO - [FLIPKART] Page 3/3...
2026-01-03 15:56:12,333 - INFO - [DB] COMMITTED 40 Flipkart products
2026-01-03 15:56:12,334 - INFO - [DB] VERIFIED: 168 Flipkart records updated
2026-01-03 15:56:12,334 - INFO - [FLIPKART] Saved 40 products
2026-01-03 15:56:12,334 - INFO - [FLIPKART] Total: 120 products saved for Electronics
2026-01-03 15:56:15,334 - INFO - 
[FLIPKART] Category 3/8
2026-01-03 15:56:15,334 - INFO - 
======================================================================
[FLIPKART] Collecting Clothing
2026-01-03 15:56:15,334 - INFO - [FLIPKART] Page 1/3...
2026-01-03 15:56:22,819 - INFO - [DB] COMMITTED 40 Flipkart products
2026-01-03 15:56:22,819 - INFO - [DB] VERIFIED: 208 Flipkart records updated
2026-01-03 15:56:22,819 - INFO - [FLIPKART] Saved 40 products
2026-01-03 15:56:24,819 - INFO - [FLIPKART] Page 2/3...
2026-01-03 15:56:31,171 - INFO - [DB] COMMITTED 40 Flipkart products
2026-01-03 15:56:31,171 - INFO - [DB] VERIFIED: 230 Flipkart records updated
2026-01-03 15:56:31,171 - INFO - [FLIPKART] Saved 40 products
2026-01-03 15:56:33,171 - INFO - [FLIPKART] Page 3/3...
2026-01-03 15:56:40,809 - INFO - [DB] COMMITTED 40 Flipkart products
2026-01-03 15:56:40,810 - INFO - [DB] VERIFIED: 162 Flipkart records updated
2026-01-03 15:56:40,810 - INFO - [FLIPKART] Saved 40 products
2026-01-03 15:56:40,810 - INFO - [FLIPKART] Total: 120 products saved for Clothing
2026-01-03 15:56:43,810 - INFO - 
[FLIPKART] Category 4/8
2026-01-03 15:56:43,810 - INFO - 
======================================================================
[FLIPKART] Collecting Home Decor
2026-01-03 15:56:43,811 - INFO - [FLIPKART] Page 1/3...
2026-01-03 15:56:58,059 - INFO - [DB] COMMITTED 40 Flipkart products
2026-01-03 15:56:58,060 - INFO - [DB] VERIFIED: 182 Flipkart records updated
2026-01-03 15:56:58,060 - INFO - [FLIPKART] Saved 40 products
2026-01-03 15:57:00,060 - INFO - [FLIPKART] Page 2/3...
2026-01-03 15:57:05,427 - INFO - [DB] COMMITTED 40 Flipkart products
2026-01-03 15:57:05,427 - INFO - [DB] VERIFIED: 183 Flipkart records updated
2026-01-03 15:57:05,427 - INFO - [FLIPKART] Saved 40 products
2026-01-03 15:57:07,428 - INFO - [FLIPKART] Page 3/3...
2026-01-03 15:57:12,216 - INFO - [DB] COMMITTED 40 Flipkart products
2026-01-03 15:57:12,217 - INFO - [DB] VERIFIED: 165 Flipkart records updated
2026-01-03 15:57:12,217 - INFO - [FLIPKART] Saved 40 products
2026-01-03 15:57:12,217 - INFO - [FLIPKART] Total: 120 products saved for Home Decor
2026-01-03 15:57:15,217 - INFO - 
[FLIPKART] Category 5/8
2026-01-03 15:57:15,217 - INFO - 
======================================================================
[FLIPKART] Collecting Home Appliances
2026-01-03 15:57:15,217 - INFO - [FLIPKART] Page 1/3...
2026-01-03 15:57:35,994 - INFO - [DB] COMMITTED 40 Flipkart products
2026-01-03 15:57:35,995 - INFO - [DB] VERIFIED: 123 Flipkart records updated
2026-01-03 15:57:35,995 - INFO - [FLIPKART] Saved 40 products
2026-01-03 15:57:37,995 - INFO - [FLIPKART] Page 2/3...
2026-01-03 15:57:42,516 - INFO - [DB] COMMITTED 40 Flipkart products
2026-01-03 15:57:42,517 - INFO - [DB] VERIFIED: 122 Flipkart records updated
2026-01-03 15:57:42,517 - INFO - [FLIPKART] Saved 40 products
2026-01-03 15:57:44,517 - INFO - [FLIPKART] Page 3/3...
2026-01-03 15:57:49,768 - INFO - [DB] COMMITTED 40 Flipkart products
2026-01-03 15:57:49,769 - INFO - [DB] VERIFIED: 142 Flipkart records updated
2026-01-03 15:57:49,769 - INFO - [FLIPKART] Saved 40 products
2026-01-03 15:57:49,769 - INFO - [FLIPKART] Total: 120 products saved for Home Appliances
2026-01-03 15:57:52,769 - INFO - 
[FLIPKART] Category 6/8
2026-01-03 15:57:52,769 - INFO - 
======================================================================
[FLIPKART] Collecting Food and Nutrition
2026-01-03 15:57:52,769 - INFO - [FLIPKART] Page 1/3...
2026-01-03 15:57:58,985 - INFO - [DB] COMMITTED 40 Flipkart products
2026-01-03 15:57:58,986 - INFO - [DB] VERIFIED: 160 Flipkart records updated
2026-01-03 15:57:58,986 - INFO - [FLIPKART] Saved 40 products
2026-01-03 15:58:00,986 - INFO - [FLIPKART] Page 2/3...
2026-01-03 15:58:10,184 - INFO - [DB] COMMITTED 40 Flipkart products
2026-01-03 15:58:10,185 - INFO - [DB] VERIFIED: 142 Flipkart records updated
2026-01-03 15:58:10,185 - INFO - [FLIPKART] Saved 40 products
2026-01-03 15:58:12,185 - INFO - [FLIPKART] Page 3/3...
2026-01-03 15:58:18,456 - INFO - [DB] COMMITTED 40 Flipkart products
2026-01-03 15:58:18,456 - INFO - [DB] VERIFIED: 145 Flipkart records updated
2026-01-03 15:58:18,456 - INFO - [FLIPKART] Saved 40 products
2026-01-03 15:58:18,456 - INFO - [FLIPKART] Total: 120 products saved for Food and Nutrition
2026-01-03 15:58:21,456 - INFO - 
[FLIPKART] Category 7/8
2026-01-03 15:58:21,456 - INFO - 
======================================================================
[FLIPKART] Collecting Toys and Games
2026-01-03 15:58:21,457 - INFO - [FLIPKART] Page 1/3...
2026-01-03 15:58:26,719 - INFO - [DB] COMMITTED 40 Flipkart products
2026-01-03 15:58:26,719 - INFO - [DB] VERIFIED: 185 Flipkart records updated
2026-01-03 15:58:26,720 - INFO - [FLIPKART] Saved 40 products
2026-01-03 15:58:28,720 - INFO - [FLIPKART] Page 2/3...
2026-01-03 15:58:32,948 - INFO - [DB] COMMITTED 40 Flipkart products
2026-01-03 15:58:32,948 - INFO - [DB] VERIFIED: 206 Flipkart records updated
2026-01-03 15:58:32,948 - INFO - [FLIPKART] Saved 40 products
2026-01-03 15:58:34,949 - INFO - [FLIPKART] Page 3/3...
2026-01-03 15:58:39,857 - INFO - [DB] COMMITTED 40 Flipkart products
2026-01-03 15:58:39,857 - INFO - [DB] VERIFIED: 206 Flipkart records updated
2026-01-03 15:58:39,858 - INFO - [FLIPKART] Saved 40 products
2026-01-03 15:58:39,858 - INFO - [FLIPKART] Total: 120 products saved for Toys and Games
2026-01-03 15:58:42,858 - INFO - 
[FLIPKART] Category 8/8
2026-01-03 15:58:42,858 - INFO - 
======================================================================
[FLIPKART] Collecting Health & Personal Care Appliances
2026-01-03 15:58:42,858 - INFO - [FLIPKART] Page 1/3...
2026-01-03 15:58:49,125 - INFO - [DB] COMMITTED 40 Flipkart products
2026-01-03 15:58:49,126 - INFO - [DB] VERIFIED: 206 Flipkart records updated
2026-01-03 15:58:49,126 - INFO - [FLIPKART] Saved 40 products
2026-01-03 15:58:51,126 - INFO - [FLIPKART] Page 2/3...
2026-01-03 15:58:56,797 - INFO - [DB] COMMITTED 40 Flipkart products
2026-01-03 15:58:56,798 - INFO - [DB] VERIFIED: 205 Flipkart records updated
2026-01-03 15:58:56,798 - INFO - [FLIPKART] Saved 40 products
2026-01-03 15:58:58,798 - INFO - [FLIPKART] Page 3/3...
2026-01-03 15:59:03,695 - INFO - [DB] COMMITTED 40 Flipkart products
2026-01-03 15:59:03,696 - INFO - [DB] VERIFIED: 203 Flipkart records updated
2026-01-03 15:59:03,696 - INFO - [FLIPKART] Saved 40 products
2026-01-03 15:59:03,696 - INFO - [FLIPKART] Total: 120 products saved for Health & Personal Care Appliances
2026-01-03 15:59:03,696 - INFO - [DB] Final commit completed
2026-01-03 15:59:03,696 - INFO - 
======================================================================
[FINAL STATISTICS]
======================================================================
2026-01-03 15:59:03,700 - INFO - 
[AMAZON STATS]
2026-01-03 15:59:03,700 - INFO -   Products: 1443
2026-01-03 15:59:03,700 - INFO -   Unique ASINs: 1321
2026-01-03 15:59:03,700 - INFO -   Categories: 7
2026-01-03 15:59:03,700 - INFO -   Avg Price: Rs 2157.95
2026-01-03 15:59:03,700 - INFO -   Avg Sales: 170,031,970
2026-01-03 15:59:03,700 - INFO -   Last Updated: 2025-12-10 10:25:52.622094+00:00
2026-01-03 15:59:03,704 - INFO - 
[FLIPKART STATS]
2026-01-03 15:59:03,704 - INFO -   Products: 2050
2026-01-03 15:59:03,704 - INFO -   Unique PIDs: 2050
2026-01-03 15:59:03,704 - INFO -   Categories: 8
2026-01-03 15:59:03,704 - INFO -   Avg Price: Rs 14065.55
2026-01-03 15:59:03,704 - INFO -   Avg Estimated Sales: 120,831
2026-01-03 15:59:03,704 - INFO -   Last Updated: 2026-01-03 10:28:56.797965+00:00
2026-01-03 15:59:03,704 - INFO - 
[COMPLETE] Amazon: 0 | Flipkart: 960 | Total: 960
2026-01-03 15:59:03,705 - INFO - [DB] Disconnected
2026-01-04 15:55:01,799 - INFO - [CONFIG] Loaded - Amazon: True, Flipkart: True
2026-01-04 15:55:01,800 - INFO - [INIT] Amazon API client initialized
2026-01-04 15:55:01,800 - INFO - [INIT] Flipkart API client initialized
2026-01-04 15:55:01,800 - INFO - [START] Multi-platform collection starting
2026-01-04 15:55:01,800 - INFO - [DB] Connecting (attempt 1/3)...
2026-01-04 15:55:01,808 - INFO - [DB] Connected successfully
2026-01-04 15:55:01,810 - INFO - [DB] Tables created successfully (rapidapi_amazon_products & rapidapi_flipkart_products)
2026-01-04 15:55:01,810 - INFO - 
######################################################################
[AMAZON] Starting Amazon collection
######################################################################
2026-01-04 15:55:01,810 - INFO - 
[AMAZON] Category 1/9
2026-01-04 15:55:01,810 - INFO - 
======================================================================
[AMAZON] Collecting Baby Products
2026-01-04 15:55:01,810 - INFO - [AMAZON] Page 1/3...
2026-01-04 15:55:06,506 - INFO - [DB] COMMITTED 24 Amazon products
2026-01-04 15:55:06,506 - INFO - [DB] VERIFIED: 24 Amazon records updated
2026-01-04 15:55:06,506 - INFO - [AMAZON] Saved 24 products
2026-01-04 15:55:08,507 - INFO - [AMAZON] Page 2/3...
2026-01-04 15:55:11,434 - INFO - [DB] COMMITTED 24 Amazon products
2026-01-04 15:55:11,434 - INFO - [DB] VERIFIED: 48 Amazon records updated
2026-01-04 15:55:11,434 - INFO - [AMAZON] Saved 24 products
2026-01-04 15:55:13,435 - INFO - [AMAZON] Page 3/3...
2026-01-04 15:55:16,401 - INFO - [DB] COMMITTED 24 Amazon products
2026-01-04 15:55:16,401 - INFO - [DB] VERIFIED: 72 Amazon records updated
2026-01-04 15:55:16,401 - INFO - [AMAZON] Saved 24 products
2026-01-04 15:55:16,401 - INFO - [AMAZON] Total: 72 products saved for Baby Products
2026-01-04 15:55:19,401 - INFO - 
[AMAZON] Category 2/9
2026-01-04 15:55:19,402 - INFO - 
======================================================================
[AMAZON] Collecting Electronics
2026-01-04 15:55:19,402 - INFO - [AMAZON] Page 1/3...
2026-01-04 15:55:22,514 - INFO - [DB] COMMITTED 24 Amazon products
2026-01-04 15:55:22,514 - INFO - [DB] VERIFIED: 96 Amazon records updated
2026-01-04 15:55:22,514 - INFO - [AMAZON] Saved 24 products
2026-01-04 15:55:24,514 - INFO - [AMAZON] Page 2/3...
2026-01-04 15:55:27,511 - INFO - [DB] COMMITTED 24 Amazon products
2026-01-04 15:55:27,512 - INFO - [DB] VERIFIED: 120 Amazon records updated
2026-01-04 15:55:27,512 - INFO - [AMAZON] Saved 24 products
2026-01-04 15:55:29,512 - INFO - [AMAZON] Page 3/3...
2026-01-04 15:55:32,095 - INFO - [DB] COMMITTED 24 Amazon products
2026-01-04 15:55:32,096 - INFO - [DB] VERIFIED: 144 Amazon records updated
2026-01-04 15:55:32,096 - INFO - [AMAZON] Saved 24 products
2026-01-04 15:55:32,096 - INFO - [AMAZON] Total: 72 products saved for Electronics
2026-01-04 15:55:35,096 - INFO - 
[AMAZON] Category 3/9
2026-01-04 15:55:35,096 - INFO - 
======================================================================
[AMAZON] Collecting Computers & Accessories
2026-01-04 15:55:35,096 - INFO - [AMAZON] Page 1/3...
2026-01-04 15:55:38,039 - INFO - [DB] COMMITTED 24 Amazon products
2026-01-04 15:55:38,040 - INFO - [DB] VERIFIED: 168 Amazon records updated
2026-01-04 15:55:38,040 - INFO - [AMAZON] Saved 24 products
2026-01-04 15:55:40,040 - INFO - [AMAZON] Page 2/3...
2026-01-04 15:55:42,701 - INFO - [DB] COMMITTED 24 Amazon products
2026-01-04 15:55:42,702 - INFO - [DB] VERIFIED: 192 Amazon records updated
2026-01-04 15:55:42,702 - INFO - [AMAZON] Saved 24 products
2026-01-04 15:55:44,702 - INFO - [AMAZON] Page 3/3...
2026-01-04 15:55:47,391 - INFO - [DB] COMMITTED 24 Amazon products
2026-01-04 15:55:47,392 - INFO - [DB] VERIFIED: 216 Amazon records updated
2026-01-04 15:55:47,392 - INFO - [AMAZON] Saved 24 products
2026-01-04 15:55:47,392 - INFO - [AMAZON] Total: 72 products saved for Computers & Accessories
2026-01-04 15:55:50,392 - INFO - 
[AMAZON] Category 4/9
2026-01-04 15:55:50,393 - INFO - 
======================================================================
[AMAZON] Collecting Cell Phones
2026-01-04 15:55:50,393 - INFO - [AMAZON] Page 1/3...
2026-01-04 15:55:53,498 - INFO - [DB] COMMITTED 24 Amazon products
2026-01-04 15:55:53,499 - INFO - [DB] VERIFIED: 240 Amazon records updated
2026-01-04 15:55:53,499 - INFO - [AMAZON] Saved 24 products
2026-01-04 15:55:55,499 - INFO - [AMAZON] Page 2/3...
2026-01-04 15:55:58,216 - INFO - [DB] COMMITTED 24 Amazon products
2026-01-04 15:55:58,216 - INFO - [DB] VERIFIED: 264 Amazon records updated
2026-01-04 15:55:58,216 - INFO - [AMAZON] Saved 24 products
2026-01-04 15:56:00,216 - INFO - [AMAZON] Page 3/3...
2026-01-04 15:56:03,162 - INFO - [DB] COMMITTED 24 Amazon products
2026-01-04 15:56:03,163 - INFO - [DB] VERIFIED: 288 Amazon records updated
2026-01-04 15:56:03,163 - INFO - [AMAZON] Saved 24 products
2026-01-04 15:56:03,163 - INFO - [AMAZON] Total: 72 products saved for Cell Phones
2026-01-04 15:56:06,163 - INFO - 
[AMAZON] Category 5/9
2026-01-04 15:56:06,163 - INFO - 
======================================================================
[AMAZON] Collecting Toys & Games
2026-01-04 15:56:06,163 - INFO - [AMAZON] Page 1/3...
2026-01-04 15:56:09,665 - INFO - [DB] COMMITTED 48 Amazon products
2026-01-04 15:56:09,665 - INFO - [DB] VERIFIED: 288 Amazon records updated
2026-01-04 15:56:09,665 - INFO - [AMAZON] Saved 48 products
2026-01-04 15:56:11,665 - INFO - [AMAZON] Page 2/3...
2026-01-04 15:56:14,566 - INFO - [DB] COMMITTED 48 Amazon products
2026-01-04 15:56:14,567 - INFO - [DB] VERIFIED: 312 Amazon records updated
2026-01-04 15:56:14,567 - INFO - [AMAZON] Saved 48 products
2026-01-04 15:56:16,567 - INFO - [AMAZON] Page 3/3...
2026-01-04 15:56:20,026 - INFO - [DB] COMMITTED 48 Amazon products
2026-01-04 15:56:20,026 - INFO - [DB] VERIFIED: 336 Amazon records updated
2026-01-04 15:56:20,026 - INFO - [AMAZON] Saved 48 products
2026-01-04 15:56:20,026 - INFO - [AMAZON] Total: 144 products saved for Toys & Games
2026-01-04 15:56:23,027 - INFO - 
[AMAZON] Category 6/9
2026-01-04 15:56:23,027 - INFO - 
======================================================================
[AMAZON] Collecting Health & Personal Care
2026-01-04 15:56:23,027 - INFO - [AMAZON] Page 1/3...
2026-01-04 15:56:26,189 - INFO - [DB] COMMITTED 24 Amazon products
2026-01-04 15:56:26,190 - INFO - [DB] VERIFIED: 336 Amazon records updated
2026-01-04 15:56:26,190 - INFO - [AMAZON] Saved 24 products
2026-01-04 15:56:28,190 - INFO - [AMAZON] Page 2/3...
2026-01-04 15:56:31,095 - INFO - [DB] COMMITTED 24 Amazon products
2026-01-04 15:56:31,095 - INFO - [DB] VERIFIED: 336 Amazon records updated
2026-01-04 15:56:31,095 - INFO - [AMAZON] Saved 24 products
2026-01-04 15:56:33,096 - INFO - [AMAZON] Page 3/3...
2026-01-04 15:56:36,219 - INFO - [DB] COMMITTED 24 Amazon products
2026-01-04 15:56:36,220 - INFO - [DB] VERIFIED: 336 Amazon records updated
2026-01-04 15:56:36,220 - INFO - [AMAZON] Saved 24 products
2026-01-04 15:56:36,220 - INFO - [AMAZON] Total: 72 products saved for Health & Personal Care
2026-01-04 15:56:39,221 - INFO - 
[AMAZON] Category 7/9
2026-01-04 15:56:39,221 - INFO - 
======================================================================
[AMAZON] Collecting Video Games
2026-01-04 15:56:39,221 - INFO - [AMAZON] Page 1/3...
2026-01-04 15:56:42,013 - INFO - [DB] COMMITTED 16 Amazon products
2026-01-04 15:56:42,013 - INFO - [DB] VERIFIED: 328 Amazon records updated
2026-01-04 15:56:42,013 - INFO - [AMAZON] Saved 16 products
2026-01-04 15:56:44,013 - INFO - [AMAZON] Page 2/3...
2026-01-04 15:56:46,630 - INFO - [DB] COMMITTED 16 Amazon products
2026-01-04 15:56:46,630 - INFO - [DB] VERIFIED: 320 Amazon records updated
2026-01-04 15:56:46,630 - INFO - [AMAZON] Saved 16 products
2026-01-04 15:56:48,631 - INFO - [AMAZON] Page 3/3...
2026-01-04 15:56:51,028 - INFO - [DB] COMMITTED 16 Amazon products
2026-01-04 15:56:51,029 - INFO - [DB] VERIFIED: 312 Amazon records updated
2026-01-04 15:56:51,029 - INFO - [AMAZON] Saved 16 products
2026-01-04 15:56:51,029 - INFO - [AMAZON] Total: 48 products saved for Video Games
2026-01-04 15:56:54,030 - INFO - 
[AMAZON] Category 8/9
2026-01-04 15:56:54,030 - INFO - 
======================================================================
[AMAZON] Collecting Pet Supplies
2026-01-04 15:56:54,030 - INFO - [AMAZON] Page 1/3...
2026-01-04 15:56:56,959 - INFO - [DB] COMMITTED 24 Amazon products
2026-01-04 15:56:56,960 - INFO - [DB] VERIFIED: 312 Amazon records updated
2026-01-04 15:56:56,960 - INFO - [AMAZON] Saved 24 products
2026-01-04 15:56:58,960 - INFO - [AMAZON] Page 2/3...
2026-01-04 15:57:00,623 - INFO - [AMAZON] Total: 24 products saved for Pet Supplies
2026-01-04 15:57:03,623 - INFO - 
[AMAZON] Category 9/9
2026-01-04 15:57:03,623 - INFO - 
======================================================================
[AMAZON] Collecting Beauty
2026-01-04 15:57:03,623 - INFO - [AMAZON] Page 1/3...
2026-01-04 15:57:07,305 - INFO - [DB] COMMITTED 48 Amazon products
2026-01-04 15:57:07,306 - INFO - [DB] VERIFIED: 288 Amazon records updated
2026-01-04 15:57:07,306 - INFO - [AMAZON] Saved 48 products
2026-01-04 15:57:09,306 - INFO - [AMAZON] Page 2/3...
2026-01-04 15:57:12,880 - INFO - [DB] COMMITTED 48 Amazon products
2026-01-04 15:57:12,881 - INFO - [DB] VERIFIED: 288 Amazon records updated
2026-01-04 15:57:12,881 - INFO - [AMAZON] Saved 48 products
2026-01-04 15:57:14,881 - INFO - [AMAZON] Page 3/3...
2026-01-04 15:57:17,905 - INFO - [DB] COMMITTED 48 Amazon products
2026-01-04 15:57:17,906 - INFO - [DB] VERIFIED: 279 Amazon records updated
2026-01-04 15:57:17,906 - INFO - [AMAZON] Saved 48 products
2026-01-04 15:57:17,906 - INFO - [AMAZON] Total: 144 products saved for Beauty
2026-01-04 15:57:17,906 - INFO - 
######################################################################
[FLIPKART] Starting Flipkart collection
######################################################################
2026-01-04 15:57:17,906 - INFO - 
[FLIPKART] Category 1/8
2026-01-04 15:57:17,906 - INFO - 
======================================================================
[FLIPKART] Collecting Mobiles
2026-01-04 15:57:17,906 - INFO - [FLIPKART] Page 1/3...
2026-01-04 15:57:22,752 - INFO - [DB] COMMITTED 40 Flipkart products
2026-01-04 15:57:22,753 - INFO - [DB] VERIFIED: 40 Flipkart records updated
2026-01-04 15:57:22,753 - INFO - [FLIPKART] Saved 40 products
2026-01-04 15:57:24,753 - INFO - [FLIPKART] Page 2/3...
2026-01-04 15:57:36,528 - INFO - [DB] COMMITTED 40 Flipkart products
2026-01-04 15:57:36,529 - INFO - [DB] VERIFIED: 60 Flipkart records updated
2026-01-04 15:57:36,529 - INFO - [FLIPKART] Saved 40 products
2026-01-04 15:57:38,529 - INFO - [FLIPKART] Page 3/3...
2026-01-04 15:57:42,560 - INFO - [DB] COMMITTED 40 Flipkart products
2026-01-04 15:57:42,561 - INFO - [DB] VERIFIED: 80 Flipkart records updated
2026-01-04 15:57:42,561 - INFO - [FLIPKART] Saved 40 products
2026-01-04 15:57:42,561 - INFO - [FLIPKART] Total: 120 products saved for Mobiles
2026-01-04 15:57:45,561 - INFO - 
[FLIPKART] Category 2/8
2026-01-04 15:57:45,561 - INFO - 
======================================================================
[FLIPKART] Collecting Electronics
2026-01-04 15:57:45,561 - INFO - [FLIPKART] Page 1/3...
2026-01-04 15:57:50,328 - INFO - [DB] COMMITTED 40 Flipkart products
2026-01-04 15:57:50,329 - INFO - [DB] VERIFIED: 120 Flipkart records updated
2026-01-04 15:57:50,329 - INFO - [FLIPKART] Saved 40 products
2026-01-04 15:57:52,329 - INFO - [FLIPKART] Page 2/3...
2026-01-04 15:57:56,678 - INFO - [DB] COMMITTED 40 Flipkart products
2026-01-04 15:57:56,679 - INFO - [DB] VERIFIED: 142 Flipkart records updated
2026-01-04 15:57:56,679 - INFO - [FLIPKART] Saved 40 products
2026-01-04 15:57:58,679 - INFO - [FLIPKART] Page 3/3...
2026-01-04 15:58:01,929 - INFO - [DB] COMMITTED 40 Flipkart products
2026-01-04 15:58:01,930 - INFO - [DB] VERIFIED: 164 Flipkart records updated
2026-01-04 15:58:01,930 - INFO - [FLIPKART] Saved 40 products
2026-01-04 15:58:01,930 - INFO - [FLIPKART] Total: 120 products saved for Electronics
2026-01-04 15:58:04,930 - INFO - 
[FLIPKART] Category 3/8
2026-01-04 15:58:04,931 - INFO - 
======================================================================
[FLIPKART] Collecting Clothing
2026-01-04 15:58:04,931 - INFO - [FLIPKART] Page 1/3...
2026-01-04 15:58:18,098 - INFO - [DB] COMMITTED 40 Flipkart products
2026-01-04 15:58:18,099 - INFO - [DB] VERIFIED: 184 Flipkart records updated
2026-01-04 15:58:18,099 - INFO - [FLIPKART] Saved 40 products
2026-01-04 15:58:20,099 - INFO - [FLIPKART] Page 2/3...
2026-01-04 15:58:28,208 - INFO - [DB] COMMITTED 40 Flipkart products
2026-01-04 15:58:28,208 - INFO - [DB] VERIFIED: 190 Flipkart records updated
2026-01-04 15:58:28,208 - INFO - [FLIPKART] Saved 40 products
2026-01-04 15:58:30,208 - INFO - [FLIPKART] Page 3/3...
2026-01-04 15:58:37,261 - INFO - [DB] COMMITTED 40 Flipkart products
2026-01-04 15:58:37,262 - INFO - [DB] VERIFIED: 171 Flipkart records updated
2026-01-04 15:58:37,262 - INFO - [FLIPKART] Saved 40 products
2026-01-04 15:58:37,262 - INFO - [FLIPKART] Total: 120 products saved for Clothing
2026-01-04 15:58:40,262 - INFO - 
[FLIPKART] Category 4/8
2026-01-04 15:58:40,263 - INFO - 
======================================================================
[FLIPKART] Collecting Home Decor
2026-01-04 15:58:40,263 - INFO - [FLIPKART] Page 1/3...
2026-01-04 15:58:50,478 - INFO - [DB] COMMITTED 40 Flipkart products
2026-01-04 15:58:50,478 - INFO - [DB] VERIFIED: 167 Flipkart records updated
2026-01-04 15:58:50,478 - INFO - [FLIPKART] Saved 40 products
2026-01-04 15:58:52,479 - INFO - [FLIPKART] Page 2/3...
2026-01-04 15:58:59,814 - ERROR - RapidAPI HTTP 500: b'{"success":false,"message":"Failed to fetch data from Flipkart. Their servers might be experiencing issues.","code":500}'
2026-01-04 15:58:59,814 - WARNING - [FLIPKART] No response for page 2, stopping collection
2026-01-04 15:58:59,814 - INFO - [FLIPKART] Total: 40 products saved for Home Decor
2026-01-04 15:59:02,815 - INFO - 
[FLIPKART] Category 5/8
2026-01-04 15:59:02,815 - INFO - 
======================================================================
[FLIPKART] Collecting Home Appliances
2026-01-04 15:59:02,815 - INFO - [FLIPKART] Page 1/3...
2026-01-04 15:59:08,805 - INFO - [DB] COMMITTED 40 Flipkart products
2026-01-04 15:59:08,805 - INFO - [DB] VERIFIED: 147 Flipkart records updated
2026-01-04 15:59:08,805 - INFO - [FLIPKART] Saved 40 products
2026-01-04 15:59:10,805 - INFO - [FLIPKART] Page 2/3...
2026-01-04 15:59:16,405 - INFO - [DB] COMMITTED 40 Flipkart products
2026-01-04 15:59:16,406 - INFO - [DB] VERIFIED: 167 Flipkart records updated
2026-01-04 15:59:16,406 - INFO - [FLIPKART] Saved 40 products
2026-01-04 15:59:18,406 - INFO - [FLIPKART] Page 3/3...
2026-01-04 15:59:24,244 - INFO - [DB] COMMITTED 40 Flipkart products
2026-01-04 15:59:24,245 - INFO - [DB] VERIFIED: 160 Flipkart records updated
2026-01-04 15:59:24,245 - INFO - [FLIPKART] Saved 40 products
2026-01-04 15:59:24,245 - INFO - [FLIPKART] Total: 120 products saved for Home Appliances
2026-01-04 15:59:27,245 - INFO - 
[FLIPKART] Category 6/8
2026-01-04 15:59:27,245 - INFO - 
======================================================================
[FLIPKART] Collecting Food and Nutrition
2026-01-04 15:59:27,245 - INFO - [FLIPKART] Page 1/3...
2026-01-04 15:59:35,367 - INFO - [DB] COMMITTED 40 Flipkart products
2026-01-04 15:59:35,367 - INFO - [DB] VERIFIED: 160 Flipkart records updated
2026-01-04 15:59:35,367 - INFO - [FLIPKART] Saved 40 products
2026-01-04 15:59:37,367 - INFO - [FLIPKART] Page 2/3...
2026-01-04 15:59:44,979 - INFO - [DB] COMMITTED 40 Flipkart products
2026-01-04 15:59:44,979 - INFO - [DB] VERIFIED: 141 Flipkart records updated
2026-01-04 15:59:44,979 - INFO - [FLIPKART] Saved 40 products
2026-01-04 15:59:46,980 - INFO - [FLIPKART] Page 3/3...
2026-01-04 15:59:55,848 - INFO - [DB] COMMITTED 40 Flipkart products
2026-01-04 15:59:55,849 - INFO - [DB] VERIFIED: 142 Flipkart records updated
2026-01-04 15:59:55,849 - INFO - [FLIPKART] Saved 40 products
2026-01-04 15:59:55,849 - INFO - [FLIPKART] Total: 120 products saved for Food and Nutrition
2026-01-04 15:59:58,849 - INFO - 
[FLIPKART] Category 7/8
2026-01-04 15:59:58,849 - INFO - 
======================================================================
[FLIPKART] Collecting Toys and Games
2026-01-04 15:59:58,849 - INFO - [FLIPKART] Page 1/3...
2026-01-04 16:00:06,843 - INFO - [DB] COMMITTED 40 Flipkart products
2026-01-04 16:00:06,843 - INFO - [DB] VERIFIED: 182 Flipkart records updated
2026-01-04 16:00:06,843 - INFO - [FLIPKART] Saved 40 products
2026-01-04 16:00:08,843 - INFO - [FLIPKART] Page 2/3...
2026-01-04 16:00:13,387 - INFO - [DB] COMMITTED 40 Flipkart products
2026-01-04 16:00:13,387 - INFO - [DB] VERIFIED: 183 Flipkart records updated
2026-01-04 16:00:13,387 - INFO - [FLIPKART] Saved 40 products
2026-01-04 16:00:15,387 - INFO - [FLIPKART] Page 3/3...
2026-01-04 16:00:21,717 - INFO - [DB] COMMITTED 40 Flipkart products
2026-01-04 16:00:21,718 - INFO - [DB] VERIFIED: 164 Flipkart records updated
2026-01-04 16:00:21,718 - INFO - [FLIPKART] Saved 40 products
2026-01-04 16:00:21,718 - INFO - [FLIPKART] Total: 120 products saved for Toys and Games
2026-01-04 16:00:24,718 - INFO - 
[FLIPKART] Category 8/8
2026-01-04 16:00:24,718 - INFO - 
======================================================================
[FLIPKART] Collecting Health & Personal Care Appliances
2026-01-04 16:00:24,718 - INFO - [FLIPKART] Page 1/3...
2026-01-04 16:00:31,033 - INFO - [DB] COMMITTED 40 Flipkart products
2026-01-04 16:00:31,034 - INFO - [DB] VERIFIED: 184 Flipkart records updated
2026-01-04 16:00:31,034 - INFO - [FLIPKART] Saved 40 products
2026-01-04 16:00:33,034 - INFO - [FLIPKART] Page 2/3...
2026-01-04 16:00:41,077 - INFO - [DB] COMMITTED 40 Flipkart products
2026-01-04 16:00:41,078 - INFO - [DB] VERIFIED: 183 Flipkart records updated
2026-01-04 16:00:41,078 - INFO - [FLIPKART] Saved 40 products
2026-01-04 16:00:43,078 - INFO - [FLIPKART] Page 3/3...
2026-01-04 16:00:48,141 - INFO - [DB] COMMITTED 40 Flipkart products
2026-01-04 16:00:48,142 - INFO - [DB] VERIFIED: 163 Flipkart records updated
2026-01-04 16:00:48,142 - INFO - [FLIPKART] Saved 40 products
2026-01-04 16:00:48,142 - INFO - [FLIPKART] Total: 120 products saved for Health & Personal Care Appliances
2026-01-04 16:00:48,142 - INFO - [DB] Final commit completed
2026-01-04 16:00:48,142 - INFO - 
======================================================================
[FINAL STATISTICS]
======================================================================
2026-01-04 16:00:48,147 - INFO - 
[AMAZON STATS]
2026-01-04 16:00:48,147 - INFO -   Products: 1816
2026-01-04 16:00:48,147 - INFO -   Unique ASINs: 1640
2026-01-04 16:00:48,147 - INFO -   Categories: 10
2026-01-04 16:00:48,147 - INFO -   Avg Price: Rs 1954.60
2026-01-04 16:00:48,147 - INFO -   Avg Sales: 163,368,799
2026-01-04 16:00:48,147 - INFO -   Last Updated: 2026-01-04 10:27:12.880785+00:00
2026-01-04 16:00:48,151 - INFO - 
[FLIPKART STATS]
2026-01-04 16:00:48,151 - INFO -   Products: 2139
2026-01-04 16:00:48,151 - INFO -   Unique PIDs: 2139
2026-01-04 16:00:48,151 - INFO -   Categories: 8
2026-01-04 16:00:48,151 - INFO -   Avg Price: Rs 13718.73
2026-01-04 16:00:48,151 - INFO -   Avg Estimated Sales: 119,515
2026-01-04 16:00:48,151 - INFO -   Last Updated: 2026-01-04 10:30:41.078191+00:00
2026-01-04 16:00:48,151 - INFO - 
[COMPLETE] Amazon: 720 | Flipkart: 880 | Total: 1600
2026-01-04 16:00:48,152 - INFO - [DB] Disconnected
2026-01-05 15:55:01,244 - INFO - [CONFIG] Loaded - Amazon: True, Flipkart: True
2026-01-05 15:55:01,244 - INFO - [INIT] Amazon API client initialized
2026-01-05 15:55:01,244 - INFO - [INIT] Flipkart API client initialized
2026-01-05 15:55:01,244 - INFO - [START] Multi-platform collection starting
2026-01-05 15:55:01,244 - INFO - [DB] Connecting (attempt 1/3)...
2026-01-05 15:55:01,253 - INFO - [DB] Connected successfully
2026-01-05 15:55:01,254 - INFO - [DB] Tables created successfully (rapidapi_amazon_products & rapidapi_flipkart_products)
2026-01-05 15:55:01,254 - INFO - 
######################################################################
[AMAZON] Starting Amazon collection
######################################################################
2026-01-05 15:55:01,254 - INFO - 
[AMAZON] Category 1/9
2026-01-05 15:55:01,254 - INFO - 
======================================================================
[AMAZON] Collecting Baby Products
2026-01-05 15:55:01,254 - INFO - [AMAZON] Page 1/3...
2026-01-05 15:55:04,227 - INFO - [DB] COMMITTED 24 Amazon products
2026-01-05 15:55:04,227 - INFO - [DB] VERIFIED: 24 Amazon records updated
2026-01-05 15:55:04,228 - INFO - [AMAZON] Saved 24 products
2026-01-05 15:55:06,228 - INFO - [AMAZON] Page 2/3...
2026-01-05 15:55:09,201 - INFO - [DB] COMMITTED 24 Amazon products
2026-01-05 15:55:09,201 - INFO - [DB] VERIFIED: 48 Amazon records updated
2026-01-05 15:55:09,201 - INFO - [AMAZON] Saved 24 products
2026-01-05 15:55:11,202 - INFO - [AMAZON] Page 3/3...
2026-01-05 15:55:14,370 - INFO - [DB] COMMITTED 24 Amazon products
2026-01-05 15:55:14,371 - INFO - [DB] VERIFIED: 72 Amazon records updated
2026-01-05 15:55:14,371 - INFO - [AMAZON] Saved 24 products
2026-01-05 15:55:14,371 - INFO - [AMAZON] Total: 72 products saved for Baby Products
2026-01-05 15:55:17,371 - INFO - 
[AMAZON] Category 2/9
2026-01-05 15:55:17,371 - INFO - 
======================================================================
[AMAZON] Collecting Electronics
2026-01-05 15:55:17,371 - INFO - [AMAZON] Page 1/3...
2026-01-05 15:55:20,194 - INFO - [DB] COMMITTED 24 Amazon products
2026-01-05 15:55:20,195 - INFO - [DB] VERIFIED: 96 Amazon records updated
2026-01-05 15:55:20,195 - INFO - [AMAZON] Saved 24 products
2026-01-05 15:55:22,195 - INFO - [AMAZON] Page 2/3...
2026-01-05 15:55:24,941 - INFO - [DB] COMMITTED 24 Amazon products
2026-01-05 15:55:24,942 - INFO - [DB] VERIFIED: 120 Amazon records updated
2026-01-05 15:55:24,942 - INFO - [AMAZON] Saved 24 products
2026-01-05 15:55:26,942 - INFO - [AMAZON] Page 3/3...
2026-01-05 15:55:29,701 - INFO - [DB] COMMITTED 24 Amazon products
2026-01-05 15:55:29,702 - INFO - [DB] VERIFIED: 144 Amazon records updated
2026-01-05 15:55:29,702 - INFO - [AMAZON] Saved 24 products
2026-01-05 15:55:29,702 - INFO - [AMAZON] Total: 72 products saved for Electronics
2026-01-05 15:55:32,702 - INFO - 
[AMAZON] Category 3/9
2026-01-05 15:55:32,702 - INFO - 
======================================================================
[AMAZON] Collecting Computers & Accessories
2026-01-05 15:55:32,702 - INFO - [AMAZON] Page 1/3...
2026-01-05 15:55:35,508 - INFO - [DB] COMMITTED 24 Amazon products
2026-01-05 15:55:35,509 - INFO - [DB] VERIFIED: 168 Amazon records updated
2026-01-05 15:55:35,509 - INFO - [AMAZON] Saved 24 products
2026-01-05 15:55:37,509 - INFO - [AMAZON] Page 2/3...
2026-01-05 15:55:40,417 - INFO - [DB] COMMITTED 24 Amazon products
2026-01-05 15:55:40,417 - INFO - [DB] VERIFIED: 192 Amazon records updated
2026-01-05 15:55:40,418 - INFO - [AMAZON] Saved 24 products
2026-01-05 15:55:42,418 - INFO - [AMAZON] Page 3/3...
2026-01-05 15:55:45,166 - INFO - [DB] COMMITTED 24 Amazon products
2026-01-05 15:55:45,167 - INFO - [DB] VERIFIED: 216 Amazon records updated
2026-01-05 15:55:45,167 - INFO - [AMAZON] Saved 24 products
2026-01-05 15:55:45,167 - INFO - [AMAZON] Total: 72 products saved for Computers & Accessories
2026-01-05 15:55:48,167 - INFO - 
[AMAZON] Category 4/9
2026-01-05 15:55:48,167 - INFO - 
======================================================================
[AMAZON] Collecting Cell Phones
2026-01-05 15:55:48,167 - INFO - [AMAZON] Page 1/3...
2026-01-05 15:55:50,871 - INFO - [DB] COMMITTED 24 Amazon products
2026-01-05 15:55:50,871 - INFO - [DB] VERIFIED: 240 Amazon records updated
2026-01-05 15:55:50,871 - INFO - [AMAZON] Saved 24 products
2026-01-05 15:55:52,871 - INFO - [AMAZON] Page 2/3...
2026-01-05 15:55:55,497 - INFO - [DB] COMMITTED 24 Amazon products
2026-01-05 15:55:55,498 - INFO - [DB] VERIFIED: 264 Amazon records updated
2026-01-05 15:55:55,498 - INFO - [AMAZON] Saved 24 products
2026-01-05 15:55:57,498 - INFO - [AMAZON] Page 3/3...
2026-01-05 15:56:00,237 - INFO - [DB] COMMITTED 24 Amazon products
2026-01-05 15:56:00,238 - INFO - [DB] VERIFIED: 288 Amazon records updated
2026-01-05 15:56:00,238 - INFO - [AMAZON] Saved 24 products
2026-01-05 15:56:00,238 - INFO - [AMAZON] Total: 72 products saved for Cell Phones
2026-01-05 15:56:03,238 - INFO - 
[AMAZON] Category 5/9
2026-01-05 15:56:03,238 - INFO - 
======================================================================
[AMAZON] Collecting Toys & Games
2026-01-05 15:56:03,238 - INFO - [AMAZON] Page 1/3...
2026-01-05 15:56:07,041 - INFO - [DB] COMMITTED 48 Amazon products
2026-01-05 15:56:07,042 - INFO - [DB] VERIFIED: 288 Amazon records updated
2026-01-05 15:56:07,042 - INFO - [AMAZON] Saved 48 products
2026-01-05 15:56:09,042 - INFO - [AMAZON] Page 2/3...
2026-01-05 15:56:11,881 - INFO - [DB] COMMITTED 48 Amazon products
2026-01-05 15:56:11,882 - INFO - [DB] VERIFIED: 312 Amazon records updated
2026-01-05 15:56:11,882 - INFO - [AMAZON] Saved 48 products
2026-01-05 15:56:13,882 - INFO - [AMAZON] Page 3/3...
2026-01-05 15:56:16,763 - INFO - [DB] COMMITTED 48 Amazon products
2026-01-05 15:56:16,763 - INFO - [DB] VERIFIED: 336 Amazon records updated
2026-01-05 15:56:16,763 - INFO - [AMAZON] Saved 48 products
2026-01-05 15:56:16,764 - INFO - [AMAZON] Total: 144 products saved for Toys & Games
2026-01-05 15:56:19,764 - INFO - 
[AMAZON] Category 6/9
2026-01-05 15:56:19,764 - INFO - 
======================================================================
[AMAZON] Collecting Health & Personal Care
2026-01-05 15:56:19,764 - INFO - [AMAZON] Page 1/3...
2026-01-05 15:56:22,656 - INFO - [DB] COMMITTED 24 Amazon products
2026-01-05 15:56:22,656 - INFO - [DB] VERIFIED: 336 Amazon records updated
2026-01-05 15:56:22,656 - INFO - [AMAZON] Saved 24 products
2026-01-05 15:56:24,656 - INFO - [AMAZON] Page 2/3...
2026-01-05 15:56:27,448 - INFO - [DB] COMMITTED 24 Amazon products
2026-01-05 15:56:27,448 - INFO - [DB] VERIFIED: 336 Amazon records updated
2026-01-05 15:56:27,448 - INFO - [AMAZON] Saved 24 products
2026-01-05 15:56:29,449 - INFO - [AMAZON] Page 3/3...
2026-01-05 15:56:32,253 - INFO - [DB] COMMITTED 24 Amazon products
2026-01-05 15:56:32,253 - INFO - [DB] VERIFIED: 336 Amazon records updated
2026-01-05 15:56:32,253 - INFO - [AMAZON] Saved 24 products
2026-01-05 15:56:32,253 - INFO - [AMAZON] Total: 72 products saved for Health & Personal Care
2026-01-05 15:56:35,254 - INFO - 
[AMAZON] Category 7/9
2026-01-05 15:56:35,254 - INFO - 
======================================================================
[AMAZON] Collecting Video Games
2026-01-05 15:56:35,254 - INFO - [AMAZON] Page 1/3...
2026-01-05 15:56:37,733 - INFO - [DB] COMMITTED 16 Amazon products
2026-01-05 15:56:37,733 - INFO - [DB] VERIFIED: 328 Amazon records updated
2026-01-05 15:56:37,733 - INFO - [AMAZON] Saved 16 products
2026-01-05 15:56:39,733 - INFO - [AMAZON] Page 2/3...
2026-01-05 15:56:42,294 - INFO - [DB] COMMITTED 16 Amazon products
2026-01-05 15:56:42,295 - INFO - [DB] VERIFIED: 320 Amazon records updated
2026-01-05 15:56:42,295 - INFO - [AMAZON] Saved 16 products
2026-01-05 15:56:44,295 - INFO - [AMAZON] Page 3/3...
2026-01-05 15:56:46,828 - INFO - [DB] COMMITTED 16 Amazon products
2026-01-05 15:56:46,828 - INFO - [DB] VERIFIED: 312 Amazon records updated
2026-01-05 15:56:46,828 - INFO - [AMAZON] Saved 16 products
2026-01-05 15:56:46,828 - INFO - [AMAZON] Total: 48 products saved for Video Games
2026-01-05 15:56:49,828 - INFO - 
[AMAZON] Category 8/9
2026-01-05 15:56:49,828 - INFO - 
======================================================================
[AMAZON] Collecting Pet Supplies
2026-01-05 15:56:49,829 - INFO - [AMAZON] Page 1/3...
2026-01-05 15:56:52,534 - INFO - [DB] COMMITTED 24 Amazon products
2026-01-05 15:56:52,535 - INFO - [DB] VERIFIED: 312 Amazon records updated
2026-01-05 15:56:52,535 - INFO - [AMAZON] Saved 24 products
2026-01-05 15:56:54,535 - INFO - [AMAZON] Page 2/3...
2026-01-05 15:56:56,500 - INFO - [AMAZON] Total: 24 products saved for Pet Supplies
2026-01-05 15:56:59,501 - INFO - 
[AMAZON] Category 9/9
2026-01-05 15:56:59,501 - INFO - 
======================================================================
[AMAZON] Collecting Beauty
2026-01-05 15:56:59,501 - INFO - [AMAZON] Page 1/3...
2026-01-05 15:57:02,710 - INFO - [DB] COMMITTED 48 Amazon products
2026-01-05 15:57:02,710 - INFO - [DB] VERIFIED: 288 Amazon records updated
2026-01-05 15:57:02,710 - INFO - [AMAZON] Saved 48 products
2026-01-05 15:57:04,711 - INFO - [AMAZON] Page 2/3...
2026-01-05 15:57:08,153 - INFO - [DB] COMMITTED 48 Amazon products
2026-01-05 15:57:08,153 - INFO - [DB] VERIFIED: 288 Amazon records updated
2026-01-05 15:57:08,153 - INFO - [AMAZON] Saved 48 products
2026-01-05 15:57:10,153 - INFO - [AMAZON] Page 3/3...
2026-01-05 15:57:13,469 - INFO - [DB] COMMITTED 48 Amazon products
2026-01-05 15:57:13,469 - INFO - [DB] VERIFIED: 277 Amazon records updated
2026-01-05 15:57:13,469 - INFO - [AMAZON] Saved 48 products
2026-01-05 15:57:13,469 - INFO - [AMAZON] Total: 144 products saved for Beauty
2026-01-05 15:57:13,469 - INFO - 
######################################################################
[FLIPKART] Starting Flipkart collection
######################################################################
2026-01-05 15:57:13,469 - INFO - 
[FLIPKART] Category 1/8
2026-01-05 15:57:13,469 - INFO - 
======================================================================
[FLIPKART] Collecting Mobiles
2026-01-05 15:57:13,469 - INFO - [FLIPKART] Page 1/3...
2026-01-05 15:57:21,256 - INFO - [DB] COMMITTED 40 Flipkart products
2026-01-05 15:57:21,257 - INFO - [DB] VERIFIED: 40 Flipkart records updated
2026-01-05 15:57:21,257 - INFO - [FLIPKART] Saved 40 products
2026-01-05 15:57:23,257 - INFO - [FLIPKART] Page 2/3...
2026-01-05 15:57:32,049 - INFO - [DB] COMMITTED 40 Flipkart products
2026-01-05 15:57:32,049 - INFO - [DB] VERIFIED: 60 Flipkart records updated
2026-01-05 15:57:32,049 - INFO - [FLIPKART] Saved 40 products
2026-01-05 15:57:34,049 - INFO - [FLIPKART] Page 3/3...
2026-01-05 15:57:39,227 - INFO - [DB] COMMITTED 40 Flipkart products
2026-01-05 15:57:39,228 - INFO - [DB] VERIFIED: 80 Flipkart records updated
2026-01-05 15:57:39,228 - INFO - [FLIPKART] Saved 40 products
2026-01-05 15:57:39,228 - INFO - [FLIPKART] Total: 120 products saved for Mobiles
2026-01-05 15:57:42,228 - INFO - 
[FLIPKART] Category 2/8
2026-01-05 15:57:42,228 - INFO - 
======================================================================
[FLIPKART] Collecting Electronics
2026-01-05 15:57:42,228 - INFO - [FLIPKART] Page 1/3...
2026-01-05 15:57:47,512 - INFO - [DB] COMMITTED 40 Flipkart products
2026-01-05 15:57:47,512 - INFO - [DB] VERIFIED: 120 Flipkart records updated
2026-01-05 15:57:47,512 - INFO - [FLIPKART] Saved 40 products
2026-01-05 15:57:49,513 - INFO - [FLIPKART] Page 2/3...
2026-01-05 15:57:53,246 - INFO - [DB] COMMITTED 40 Flipkart products
2026-01-05 15:57:53,247 - INFO - [DB] VERIFIED: 140 Flipkart records updated
2026-01-05 15:57:53,247 - INFO - [FLIPKART] Saved 40 products
2026-01-05 15:57:55,247 - INFO - [FLIPKART] Page 3/3...
2026-01-05 15:57:59,414 - INFO - [DB] COMMITTED 40 Flipkart products
2026-01-05 15:57:59,414 - INFO - [DB] VERIFIED: 160 Flipkart records updated
2026-01-05 15:57:59,414 - INFO - [FLIPKART] Saved 40 products
2026-01-05 15:57:59,414 - INFO - [FLIPKART] Total: 120 products saved for Electronics
2026-01-05 15:58:02,415 - INFO - 
[FLIPKART] Category 3/8
2026-01-05 15:58:02,415 - INFO - 
======================================================================
[FLIPKART] Collecting Clothing
2026-01-05 15:58:02,415 - INFO - [FLIPKART] Page 1/3...
2026-01-05 15:58:08,991 - INFO - [DB] COMMITTED 40 Flipkart products
2026-01-05 15:58:08,992 - INFO - [DB] VERIFIED: 200 Flipkart records updated
2026-01-05 15:58:08,992 - INFO - [FLIPKART] Saved 40 products
2026-01-05 15:58:10,992 - INFO - [FLIPKART] Page 2/3...
2026-01-05 15:58:18,228 - INFO - [DB] COMMITTED 40 Flipkart products
2026-01-05 15:58:18,229 - INFO - [DB] VERIFIED: 201 Flipkart records updated
2026-01-05 15:58:18,229 - INFO - [FLIPKART] Saved 40 products
2026-01-05 15:58:20,229 - INFO - [FLIPKART] Page 3/3...
2026-01-05 15:58:28,085 - INFO - [DB] COMMITTED 40 Flipkart products
2026-01-05 15:58:28,086 - INFO - [DB] VERIFIED: 201 Flipkart records updated
2026-01-05 15:58:28,086 - INFO - [FLIPKART] Saved 40 products
2026-01-05 15:58:28,086 - INFO - [FLIPKART] Total: 120 products saved for Clothing
2026-01-05 15:58:31,086 - INFO - 
[FLIPKART] Category 4/8
2026-01-05 15:58:31,086 - INFO - 
======================================================================
[FLIPKART] Collecting Home Decor
2026-01-05 15:58:31,086 - INFO - [FLIPKART] Page 1/3...
2026-01-05 15:58:36,745 - INFO - [DB] COMMITTED 40 Flipkart products
2026-01-05 15:58:36,746 - INFO - [DB] VERIFIED: 201 Flipkart records updated
2026-01-05 15:58:36,746 - INFO - [FLIPKART] Saved 40 products
2026-01-05 15:58:38,746 - INFO - [FLIPKART] Page 2/3...
2026-01-05 15:58:43,112 - INFO - [DB] COMMITTED 40 Flipkart products
2026-01-05 15:58:43,112 - INFO - [DB] VERIFIED: 202 Flipkart records updated
2026-01-05 15:58:43,112 - INFO - [FLIPKART] Saved 40 products
2026-01-05 15:58:45,112 - INFO - [FLIPKART] Page 3/3...
2026-01-05 15:58:54,232 - INFO - [DB] COMMITTED 40 Flipkart products
2026-01-05 15:58:54,233 - INFO - [DB] VERIFIED: 162 Flipkart records updated
2026-01-05 15:58:54,233 - INFO - [FLIPKART] Saved 40 products
2026-01-05 15:58:54,233 - INFO - [FLIPKART] Total: 120 products saved for Home Decor
2026-01-05 15:58:57,233 - INFO - 
[FLIPKART] Category 5/8
2026-01-05 15:58:57,233 - INFO - 
======================================================================
[FLIPKART] Collecting Home Appliances
2026-01-05 15:58:57,234 - INFO - [FLIPKART] Page 1/3...
2026-01-05 15:59:02,540 - INFO - [DB] COMMITTED 40 Flipkart products
2026-01-05 15:59:02,541 - INFO - [DB] VERIFIED: 181 Flipkart records updated
2026-01-05 15:59:02,541 - INFO - [FLIPKART] Saved 40 products
2026-01-05 15:59:04,541 - INFO - [FLIPKART] Page 2/3...
2026-01-05 15:59:08,942 - INFO - [DB] COMMITTED 40 Flipkart products
2026-01-05 15:59:08,942 - INFO - [DB] VERIFIED: 204 Flipkart records updated
2026-01-05 15:59:08,942 - INFO - [FLIPKART] Saved 40 products
2026-01-05 15:59:10,943 - INFO - [FLIPKART] Page 3/3...
2026-01-05 15:59:14,697 - INFO - [DB] COMMITTED 40 Flipkart products
2026-01-05 15:59:14,697 - INFO - [DB] VERIFIED: 204 Flipkart records updated
2026-01-05 15:59:14,698 - INFO - [FLIPKART] Saved 40 products
2026-01-05 15:59:14,698 - INFO - [FLIPKART] Total: 120 products saved for Home Appliances
2026-01-05 15:59:17,698 - INFO - 
[FLIPKART] Category 6/8
2026-01-05 15:59:17,698 - INFO - 
======================================================================
[FLIPKART] Collecting Food and Nutrition
2026-01-05 15:59:17,698 - INFO - [FLIPKART] Page 1/3...
2026-01-05 15:59:24,740 - INFO - [DB] COMMITTED 40 Flipkart products
2026-01-05 15:59:24,740 - INFO - [DB] VERIFIED: 204 Flipkart records updated
2026-01-05 15:59:24,740 - INFO - [FLIPKART] Saved 40 products
2026-01-05 15:59:26,741 - INFO - [FLIPKART] Page 2/3...
2026-01-05 15:59:28,674 - ERROR - RapidAPI HTTP 500: b'{"success":false,"message":"Failed to fetch data from Flipkart. Their servers might be experiencing issues.","code":500}'
2026-01-05 15:59:28,674 - WARNING - [FLIPKART] No response for page 2, stopping collection
2026-01-05 15:59:28,674 - INFO - [FLIPKART] Total: 40 products saved for Food and Nutrition
2026-01-05 15:59:31,675 - INFO - 
[FLIPKART] Category 7/8
2026-01-05 15:59:31,675 - INFO - 
======================================================================
[FLIPKART] Collecting Toys and Games
2026-01-05 15:59:31,675 - INFO - [FLIPKART] Page 1/3...
2026-01-05 15:59:40,089 - INFO - [DB] COMMITTED 40 Flipkart products
2026-01-05 15:59:40,089 - INFO - [DB] VERIFIED: 203 Flipkart records updated
2026-01-05 15:59:40,089 - INFO - [FLIPKART] Saved 40 products
2026-01-05 15:59:42,089 - INFO - [FLIPKART] Page 2/3...
2026-01-05 15:59:46,464 - INFO - [DB] COMMITTED 40 Flipkart products
2026-01-05 15:59:46,464 - INFO - [DB] VERIFIED: 183 Flipkart records updated
2026-01-05 15:59:46,464 - INFO - [FLIPKART] Saved 40 products
2026-01-05 15:59:48,464 - INFO - [FLIPKART] Page 3/3...
2026-01-05 15:59:52,323 - INFO - [DB] COMMITTED 40 Flipkart products
2026-01-05 15:59:52,324 - INFO - [DB] VERIFIED: 205 Flipkart records updated
2026-01-05 15:59:52,324 - INFO - [FLIPKART] Saved 40 products
2026-01-05 15:59:52,324 - INFO - [FLIPKART] Total: 120 products saved for Toys and Games
2026-01-05 15:59:55,324 - INFO - 
[FLIPKART] Category 8/8
2026-01-05 15:59:55,324 - INFO - 
======================================================================
[FLIPKART] Collecting Health & Personal Care Appliances
2026-01-05 15:59:55,324 - INFO - [FLIPKART] Page 1/3...
2026-01-05 15:59:59,694 - INFO - [DB] COMMITTED 40 Flipkart products
2026-01-05 15:59:59,695 - INFO - [DB] VERIFIED: 222 Flipkart records updated
2026-01-05 15:59:59,695 - INFO - [FLIPKART] Saved 40 products
2026-01-05 16:00:01,695 - INFO - [FLIPKART] Page 2/3...
2026-01-05 16:00:05,935 - INFO - [DB] COMMITTED 40 Flipkart products
2026-01-05 16:00:05,936 - INFO - [DB] VERIFIED: 224 Flipkart records updated
2026-01-05 16:00:05,936 - INFO - [FLIPKART] Saved 40 products
2026-01-05 16:00:07,936 - INFO - [FLIPKART] Page 3/3...
2026-01-05 16:00:17,542 - INFO - [DB] COMMITTED 40 Flipkart products
2026-01-05 16:00:17,543 - INFO - [DB] VERIFIED: 173 Flipkart records updated
2026-01-05 16:00:17,543 - INFO - [FLIPKART] Saved 40 products
2026-01-05 16:00:17,543 - INFO - [FLIPKART] Total: 120 products saved for Health & Personal Care Appliances
2026-01-05 16:00:17,543 - INFO - [DB] Final commit completed
2026-01-05 16:00:17,543 - INFO - 
======================================================================
[FINAL STATISTICS]
======================================================================
2026-01-05 16:00:17,548 - INFO - 
[AMAZON STATS]
2026-01-05 16:00:17,548 - INFO -   Products: 1874
2026-01-05 16:00:17,548 - INFO -   Unique ASINs: 1692
2026-01-05 16:00:17,548 - INFO -   Categories: 10
2026-01-05 16:00:17,548 - INFO -   Avg Price: Rs 1918.60
2026-01-05 16:00:17,548 - INFO -   Avg Sales: 159,563,626
2026-01-05 16:00:17,548 - INFO -   Last Updated: 2026-01-05 10:27:08.153303+00:00
2026-01-05 16:00:17,552 - INFO - 
[FLIPKART STATS]
2026-01-05 16:00:17,552 - INFO -   Products: 2300
2026-01-05 16:00:17,552 - INFO -   Unique PIDs: 2300
2026-01-05 16:00:17,552 - INFO -   Categories: 8
2026-01-05 16:00:17,553 - INFO -   Avg Price: Rs 13076.49
2026-01-05 16:00:17,553 - INFO -   Avg Estimated Sales: 116,777
2026-01-05 16:00:17,553 - INFO -   Last Updated: 2026-01-05 10:30:05.935955+00:00
2026-01-05 16:00:17,553 - INFO - 
[COMPLETE] Amazon: 720 | Flipkart: 880 | Total: 1600
2026-01-05 16:00:17,553 - INFO - [DB] Disconnected
2026-01-06 15:55:01,640 - INFO - [CONFIG] Loaded - Amazon: True, Flipkart: True
2026-01-06 15:55:01,641 - INFO - [INIT] Amazon API client initialized
2026-01-06 15:55:01,641 - INFO - [INIT] Flipkart API client initialized
2026-01-06 15:55:01,641 - INFO - [START] Multi-platform collection starting
2026-01-06 15:55:01,641 - INFO - [DB] Connecting (attempt 1/3)...
2026-01-06 15:55:01,650 - INFO - [DB] Connected successfully
2026-01-06 15:55:01,651 - INFO - [DB] Tables created successfully (rapidapi_amazon_products & rapidapi_flipkart_products)
2026-01-06 15:55:01,651 - INFO - 
######################################################################
[AMAZON] Starting Amazon collection
######################################################################
2026-01-06 15:55:01,651 - INFO - 
[AMAZON] Category 1/9
2026-01-06 15:55:01,651 - INFO - 
======================================================================
[AMAZON] Collecting Baby Products
2026-01-06 15:55:01,651 - INFO - [AMAZON] Page 1/3...
2026-01-06 15:55:04,857 - INFO - [DB] COMMITTED 24 Amazon products
2026-01-06 15:55:04,858 - INFO - [DB] VERIFIED: 24 Amazon records updated
2026-01-06 15:55:04,858 - INFO - [AMAZON] Saved 24 products
2026-01-06 15:55:06,858 - INFO - [AMAZON] Page 2/3...
2026-01-06 15:55:09,556 - INFO - [DB] COMMITTED 24 Amazon products
2026-01-06 15:55:09,556 - INFO - [DB] VERIFIED: 48 Amazon records updated
2026-01-06 15:55:09,557 - INFO - [AMAZON] Saved 24 products
2026-01-06 15:55:11,557 - INFO - [AMAZON] Page 3/3...
2026-01-06 15:55:14,465 - INFO - [DB] COMMITTED 24 Amazon products
2026-01-06 15:55:14,466 - INFO - [DB] VERIFIED: 72 Amazon records updated
2026-01-06 15:55:14,466 - INFO - [AMAZON] Saved 24 products
2026-01-06 15:55:14,466 - INFO - [AMAZON] Total: 72 products saved for Baby Products
2026-01-06 15:55:17,466 - INFO - 
[AMAZON] Category 2/9
2026-01-06 15:55:17,467 - INFO - 
======================================================================
[AMAZON] Collecting Electronics
2026-01-06 15:55:17,467 - INFO - [AMAZON] Page 1/3...
2026-01-06 15:55:20,375 - INFO - [DB] COMMITTED 24 Amazon products
2026-01-06 15:55:20,376 - INFO - [DB] VERIFIED: 96 Amazon records updated
2026-01-06 15:55:20,376 - INFO - [AMAZON] Saved 24 products
2026-01-06 15:55:22,376 - INFO - [AMAZON] Page 2/3...
2026-01-06 15:55:25,184 - INFO - [DB] COMMITTED 24 Amazon products
2026-01-06 15:55:25,185 - INFO - [DB] VERIFIED: 120 Amazon records updated
2026-01-06 15:55:25,185 - INFO - [AMAZON] Saved 24 products
2026-01-06 15:55:27,185 - INFO - [AMAZON] Page 3/3...
2026-01-06 15:55:30,131 - INFO - [DB] COMMITTED 24 Amazon products
2026-01-06 15:55:30,131 - INFO - [DB] VERIFIED: 144 Amazon records updated
2026-01-06 15:55:30,132 - INFO - [AMAZON] Saved 24 products
2026-01-06 15:55:30,132 - INFO - [AMAZON] Total: 72 products saved for Electronics
2026-01-06 15:55:33,132 - INFO - 
[AMAZON] Category 3/9
2026-01-06 15:55:33,132 - INFO - 
======================================================================
[AMAZON] Collecting Computers & Accessories
2026-01-06 15:55:33,132 - INFO - [AMAZON] Page 1/3...
2026-01-06 15:55:35,967 - INFO - [DB] COMMITTED 24 Amazon products
2026-01-06 15:55:35,968 - INFO - [DB] VERIFIED: 168 Amazon records updated
2026-01-06 15:55:35,968 - INFO - [AMAZON] Saved 24 products
2026-01-06 15:55:37,968 - INFO - [AMAZON] Page 2/3...
2026-01-06 15:55:40,839 - INFO - [DB] COMMITTED 24 Amazon products
2026-01-06 15:55:40,839 - INFO - [DB] VERIFIED: 192 Amazon records updated
2026-01-06 15:55:40,839 - INFO - [AMAZON] Saved 24 products
2026-01-06 15:55:42,840 - INFO - [AMAZON] Page 3/3...
2026-01-06 15:55:45,696 - INFO - [DB] COMMITTED 24 Amazon products
2026-01-06 15:55:45,697 - INFO - [DB] VERIFIED: 216 Amazon records updated
2026-01-06 15:55:45,697 - INFO - [AMAZON] Saved 24 products
2026-01-06 15:55:45,697 - INFO - [AMAZON] Total: 72 products saved for Computers & Accessories
2026-01-06 15:55:48,697 - INFO - 
[AMAZON] Category 4/9
2026-01-06 15:55:48,697 - INFO - 
======================================================================
[AMAZON] Collecting Cell Phones
2026-01-06 15:55:48,697 - INFO - [AMAZON] Page 1/3...
2026-01-06 15:55:51,353 - INFO - [DB] COMMITTED 24 Amazon products
2026-01-06 15:55:51,353 - INFO - [DB] VERIFIED: 240 Amazon records updated
2026-01-06 15:55:51,353 - INFO - [AMAZON] Saved 24 products
2026-01-06 15:55:53,353 - INFO - [AMAZON] Page 2/3...
2026-01-06 15:55:55,991 - INFO - [DB] COMMITTED 24 Amazon products
2026-01-06 15:55:55,992 - INFO - [DB] VERIFIED: 264 Amazon records updated
2026-01-06 15:55:55,992 - INFO - [AMAZON] Saved 24 products
2026-01-06 15:55:57,992 - INFO - [AMAZON] Page 3/3...
2026-01-06 15:56:00,758 - INFO - [DB] COMMITTED 24 Amazon products
2026-01-06 15:56:00,759 - INFO - [DB] VERIFIED: 288 Amazon records updated
2026-01-06 15:56:00,759 - INFO - [AMAZON] Saved 24 products
2026-01-06 15:56:00,759 - INFO - [AMAZON] Total: 72 products saved for Cell Phones
2026-01-06 15:56:03,759 - INFO - 
[AMAZON] Category 5/9
2026-01-06 15:56:03,759 - INFO - 
======================================================================
[AMAZON] Collecting Toys & Games
2026-01-06 15:56:03,759 - INFO - [AMAZON] Page 1/3...
2026-01-06 15:56:06,862 - INFO - [DB] COMMITTED 48 Amazon products
2026-01-06 15:56:06,863 - INFO - [DB] VERIFIED: 288 Amazon records updated
2026-01-06 15:56:06,863 - INFO - [AMAZON] Saved 48 products
2026-01-06 15:56:08,863 - INFO - [AMAZON] Page 2/3...
2026-01-06 15:56:11,771 - INFO - [DB] COMMITTED 48 Amazon products
2026-01-06 15:56:11,771 - INFO - [DB] VERIFIED: 312 Amazon records updated
2026-01-06 15:56:11,771 - INFO - [AMAZON] Saved 48 products
2026-01-06 15:56:13,771 - INFO - [AMAZON] Page 3/3...
2026-01-06 15:56:16,717 - INFO - [DB] COMMITTED 48 Amazon products
2026-01-06 15:56:16,718 - INFO - [DB] VERIFIED: 336 Amazon records updated
2026-01-06 15:56:16,718 - INFO - [AMAZON] Saved 48 products
2026-01-06 15:56:16,718 - INFO - [AMAZON] Total: 144 products saved for Toys & Games
2026-01-06 15:56:19,718 - INFO - 
[AMAZON] Category 6/9
2026-01-06 15:56:19,718 - INFO - 
======================================================================
[AMAZON] Collecting Health & Personal Care
2026-01-06 15:56:19,718 - INFO - [AMAZON] Page 1/3...
2026-01-06 15:56:22,926 - INFO - [DB] COMMITTED 24 Amazon products
2026-01-06 15:56:22,927 - INFO - [DB] VERIFIED: 336 Amazon records updated
2026-01-06 15:56:22,927 - INFO - [AMAZON] Saved 24 products
2026-01-06 15:56:24,927 - INFO - [AMAZON] Page 2/3...
2026-01-06 15:56:27,817 - INFO - [DB] COMMITTED 24 Amazon products
2026-01-06 15:56:27,817 - INFO - [DB] VERIFIED: 336 Amazon records updated
2026-01-06 15:56:27,817 - INFO - [AMAZON] Saved 24 products
2026-01-06 15:56:29,818 - INFO - [AMAZON] Page 3/3...
2026-01-06 15:56:33,237 - INFO - [DB] COMMITTED 24 Amazon products
2026-01-06 15:56:33,238 - INFO - [DB] VERIFIED: 336 Amazon records updated
2026-01-06 15:56:33,238 - INFO - [AMAZON] Saved 24 products
2026-01-06 15:56:33,238 - INFO - [AMAZON] Total: 72 products saved for Health & Personal Care
2026-01-06 15:56:36,238 - INFO - 
[AMAZON] Category 7/9
2026-01-06 15:56:36,238 - INFO - 
======================================================================
[AMAZON] Collecting Video Games
2026-01-06 15:56:36,238 - INFO - [AMAZON] Page 1/3...
2026-01-06 15:56:38,617 - INFO - [DB] COMMITTED 16 Amazon products
2026-01-06 15:56:38,618 - INFO - [DB] VERIFIED: 328 Amazon records updated
2026-01-06 15:56:38,618 - INFO - [AMAZON] Saved 16 products
2026-01-06 15:56:40,618 - INFO - [AMAZON] Page 2/3...
2026-01-06 15:56:42,940 - INFO - [DB] COMMITTED 16 Amazon products
2026-01-06 15:56:42,941 - INFO - [DB] VERIFIED: 320 Amazon records updated
2026-01-06 15:56:42,941 - INFO - [AMAZON] Saved 16 products
2026-01-06 15:56:44,941 - INFO - [AMAZON] Page 3/3...
2026-01-06 15:56:47,349 - INFO - [DB] COMMITTED 16 Amazon products
2026-01-06 15:56:47,350 - INFO - [DB] VERIFIED: 312 Amazon records updated
2026-01-06 15:56:47,350 - INFO - [AMAZON] Saved 16 products
2026-01-06 15:56:47,350 - INFO - [AMAZON] Total: 48 products saved for Video Games
2026-01-06 15:56:50,350 - INFO - 
[AMAZON] Category 8/9
2026-01-06 15:56:50,351 - INFO - 
======================================================================
[AMAZON] Collecting Pet Supplies
2026-01-06 15:56:50,351 - INFO - [AMAZON] Page 1/3...
2026-01-06 15:56:52,884 - INFO - [DB] COMMITTED 23 Amazon products
2026-01-06 15:56:52,885 - INFO - [DB] VERIFIED: 311 Amazon records updated
2026-01-06 15:56:52,885 - INFO - [AMAZON] Saved 23 products
2026-01-06 15:56:54,885 - INFO - [AMAZON] Page 2/3...
2026-01-06 15:56:56,656 - INFO - [AMAZON] Total: 23 products saved for Pet Supplies
2026-01-06 15:56:59,656 - INFO - 
[AMAZON] Category 9/9
2026-01-06 15:56:59,656 - INFO - 
======================================================================
[AMAZON] Collecting Beauty
2026-01-06 15:56:59,656 - INFO - [AMAZON] Page 1/3...
2026-01-06 15:57:02,960 - INFO - [DB] COMMITTED 48 Amazon products
2026-01-06 15:57:02,960 - INFO - [DB] VERIFIED: 287 Amazon records updated
2026-01-06 15:57:02,960 - INFO - [AMAZON] Saved 48 products
2026-01-06 15:57:04,960 - INFO - [AMAZON] Page 2/3...
2026-01-06 15:57:09,486 - INFO - [DB] COMMITTED 48 Amazon products
2026-01-06 15:57:09,487 - INFO - [DB] VERIFIED: 287 Amazon records updated
2026-01-06 15:57:09,487 - INFO - [AMAZON] Saved 48 products
2026-01-06 15:57:11,487 - INFO - [AMAZON] Page 3/3...
2026-01-06 15:57:15,140 - INFO - [DB] COMMITTED 48 Amazon products
2026-01-06 15:57:15,141 - INFO - [DB] VERIFIED: 277 Amazon records updated
2026-01-06 15:57:15,141 - INFO - [AMAZON] Saved 48 products
2026-01-06 15:57:15,141 - INFO - [AMAZON] Total: 144 products saved for Beauty
2026-01-06 15:57:15,141 - INFO - 
######################################################################
[FLIPKART] Starting Flipkart collection
######################################################################
2026-01-06 15:57:15,141 - INFO - 
[FLIPKART] Category 1/8
2026-01-06 15:57:15,141 - INFO - 
======================================================================
[FLIPKART] Collecting Mobiles
2026-01-06 15:57:15,141 - INFO - [FLIPKART] Page 1/3...
2026-01-06 15:57:20,558 - INFO - [DB] COMMITTED 40 Flipkart products
2026-01-06 15:57:20,558 - INFO - [DB] VERIFIED: 40 Flipkart records updated
2026-01-06 15:57:20,558 - INFO - [FLIPKART] Saved 40 products
2026-01-06 15:57:22,559 - INFO - [FLIPKART] Page 2/3...
2026-01-06 15:57:26,592 - INFO - [DB] COMMITTED 40 Flipkart products
2026-01-06 15:57:26,592 - INFO - [DB] VERIFIED: 60 Flipkart records updated
2026-01-06 15:57:26,592 - INFO - [FLIPKART] Saved 40 products
2026-01-06 15:57:28,592 - INFO - [FLIPKART] Page 3/3...
2026-01-06 15:57:31,976 - INFO - [DB] COMMITTED 40 Flipkart products
2026-01-06 15:57:31,977 - INFO - [DB] VERIFIED: 80 Flipkart records updated
2026-01-06 15:57:31,977 - INFO - [FLIPKART] Saved 40 products
2026-01-06 15:57:31,977 - INFO - [FLIPKART] Total: 120 products saved for Mobiles
2026-01-06 15:57:34,977 - INFO - 
[FLIPKART] Category 2/8
2026-01-06 15:57:34,977 - INFO - 
======================================================================
[FLIPKART] Collecting Electronics
2026-01-06 15:57:34,977 - INFO - [FLIPKART] Page 1/3...
2026-01-06 15:57:40,310 - INFO - [DB] COMMITTED 40 Flipkart products
2026-01-06 15:57:40,310 - INFO - [DB] VERIFIED: 120 Flipkart records updated
2026-01-06 15:57:40,310 - INFO - [FLIPKART] Saved 40 products
2026-01-06 15:57:42,310 - INFO - [FLIPKART] Page 2/3...
2026-01-06 15:57:46,583 - INFO - [DB] COMMITTED 40 Flipkart products
2026-01-06 15:57:46,584 - INFO - [DB] VERIFIED: 140 Flipkart records updated
2026-01-06 15:57:46,584 - INFO - [FLIPKART] Saved 40 products
2026-01-06 15:57:48,584 - INFO - [FLIPKART] Page 3/3...
2026-01-06 15:57:52,352 - INFO - [DB] COMMITTED 40 Flipkart products
2026-01-06 15:57:52,353 - INFO - [DB] VERIFIED: 160 Flipkart records updated
2026-01-06 15:57:52,353 - INFO - [FLIPKART] Saved 40 products
2026-01-06 15:57:52,353 - INFO - [FLIPKART] Total: 120 products saved for Electronics
2026-01-06 15:57:55,353 - INFO - 
[FLIPKART] Category 3/8
2026-01-06 15:57:55,353 - INFO - 
======================================================================
[FLIPKART] Collecting Clothing
2026-01-06 15:57:55,353 - INFO - [FLIPKART] Page 1/3...
2026-01-06 15:58:02,953 - INFO - [DB] COMMITTED 40 Flipkart products
2026-01-06 15:58:02,953 - INFO - [DB] VERIFIED: 200 Flipkart records updated
2026-01-06 15:58:02,953 - INFO - [FLIPKART] Saved 40 products
2026-01-06 15:58:04,954 - INFO - [FLIPKART] Page 2/3...
2026-01-06 15:58:12,503 - INFO - [DB] COMMITTED 40 Flipkart products
2026-01-06 15:58:12,504 - INFO - [DB] VERIFIED: 220 Flipkart records updated
2026-01-06 15:58:12,504 - INFO - [FLIPKART] Saved 40 products
2026-01-06 15:58:14,504 - INFO - [FLIPKART] Page 3/3...
2026-01-06 15:58:20,645 - INFO - [DB] COMMITTED 40 Flipkart products
2026-01-06 15:58:20,646 - INFO - [DB] VERIFIED: 200 Flipkart records updated
2026-01-06 15:58:20,646 - INFO - [FLIPKART] Saved 40 products
2026-01-06 15:58:20,646 - INFO - [FLIPKART] Total: 120 products saved for Clothing
2026-01-06 15:58:23,646 - INFO - 
[FLIPKART] Category 4/8
2026-01-06 15:58:23,647 - INFO - 
======================================================================
[FLIPKART] Collecting Home Decor
2026-01-06 15:58:23,647 - INFO - [FLIPKART] Page 1/3...
2026-01-06 15:58:28,454 - INFO - [DB] COMMITTED 40 Flipkart products
2026-01-06 15:58:28,454 - INFO - [DB] VERIFIED: 200 Flipkart records updated
2026-01-06 15:58:28,454 - INFO - [FLIPKART] Saved 40 products
2026-01-06 15:58:30,454 - INFO - [FLIPKART] Page 2/3...
2026-01-06 15:58:37,024 - INFO - [DB] COMMITTED 40 Flipkart products
2026-01-06 15:58:37,025 - INFO - [DB] VERIFIED: 201 Flipkart records updated
2026-01-06 15:58:37,025 - INFO - [FLIPKART] Saved 40 products
2026-01-06 15:58:39,025 - INFO - [FLIPKART] Page 3/3...
2026-01-06 15:58:45,060 - INFO - [DB] COMMITTED 40 Flipkart products
2026-01-06 15:58:45,061 - INFO - [DB] VERIFIED: 204 Flipkart records updated
2026-01-06 15:58:45,061 - INFO - [FLIPKART] Saved 40 products
2026-01-06 15:58:45,061 - INFO - [FLIPKART] Total: 120 products saved for Home Decor
2026-01-06 15:58:48,061 - INFO - 
[FLIPKART] Category 5/8
2026-01-06 15:58:48,061 - INFO - 
======================================================================
[FLIPKART] Collecting Home Appliances
2026-01-06 15:58:48,061 - INFO - [FLIPKART] Page 1/3...
2026-01-06 15:58:55,397 - INFO - [DB] COMMITTED 40 Flipkart products
2026-01-06 15:58:55,398 - INFO - [DB] VERIFIED: 184 Flipkart records updated
2026-01-06 15:58:55,398 - INFO - [FLIPKART] Saved 40 products
2026-01-06 15:58:57,398 - INFO - [FLIPKART] Page 2/3...
2026-01-06 15:59:02,514 - INFO - [DB] COMMITTED 40 Flipkart products
2026-01-06 15:59:02,514 - INFO - [DB] VERIFIED: 217 Flipkart records updated
2026-01-06 15:59:02,514 - INFO - [FLIPKART] Saved 40 products
2026-01-06 15:59:04,514 - INFO - [FLIPKART] Page 3/3...
2026-01-06 15:59:10,437 - INFO - [DB] COMMITTED 40 Flipkart products
2026-01-06 15:59:10,438 - INFO - [DB] VERIFIED: 216 Flipkart records updated
2026-01-06 15:59:10,438 - INFO - [FLIPKART] Saved 40 products
2026-01-06 15:59:10,438 - INFO - [FLIPKART] Total: 120 products saved for Home Appliances
2026-01-06 15:59:13,438 - INFO - 
[FLIPKART] Category 6/8
2026-01-06 15:59:13,438 - INFO - 
======================================================================
[FLIPKART] Collecting Food and Nutrition
2026-01-06 15:59:13,438 - INFO - [FLIPKART] Page 1/3...
2026-01-06 15:59:21,736 - INFO - [DB] COMMITTED 40 Flipkart products
2026-01-06 15:59:21,736 - INFO - [DB] VERIFIED: 195 Flipkart records updated
2026-01-06 15:59:21,736 - INFO - [FLIPKART] Saved 40 products
2026-01-06 15:59:23,736 - INFO - [FLIPKART] Page 2/3...
2026-01-06 15:59:29,648 - INFO - [DB] COMMITTED 40 Flipkart products
2026-01-06 15:59:29,649 - INFO - [DB] VERIFIED: 194 Flipkart records updated
2026-01-06 15:59:29,649 - INFO - [FLIPKART] Saved 40 products
2026-01-06 15:59:31,649 - INFO - [FLIPKART] Page 3/3...
2026-01-06 16:00:01,960 - ERROR - RapidAPI error: The read operation timed out
2026-01-06 16:00:01,961 - WARNING - [FLIPKART] No response for page 3, stopping collection
2026-01-06 16:00:01,961 - INFO - [FLIPKART] Total: 80 products saved for Food and Nutrition
2026-01-06 16:00:04,962 - INFO - 
[FLIPKART] Category 7/8
2026-01-06 16:00:04,962 - INFO - 
======================================================================
[FLIPKART] Collecting Toys and Games
2026-01-06 16:00:04,962 - INFO - [FLIPKART] Page 1/3...
2026-01-06 16:00:12,307 - INFO - [DB] COMMITTED 40 Flipkart products
2026-01-06 16:00:12,308 - INFO - [DB] VERIFIED: 80 Flipkart records updated
2026-01-06 16:00:12,308 - INFO - [FLIPKART] Saved 40 products
2026-01-06 16:00:14,308 - INFO - [FLIPKART] Page 2/3...
2026-01-06 16:00:25,174 - INFO - [DB] COMMITTED 40 Flipkart products
2026-01-06 16:00:25,174 - INFO - [DB] VERIFIED: 65 Flipkart records updated
2026-01-06 16:00:25,174 - INFO - [FLIPKART] Saved 40 products
2026-01-06 16:00:27,174 - INFO - [FLIPKART] Page 3/3...
2026-01-06 16:00:32,793 - INFO - [DB] COMMITTED 40 Flipkart products
2026-01-06 16:00:32,793 - INFO - [DB] VERIFIED: 66 Flipkart records updated
2026-01-06 16:00:32,793 - INFO - [FLIPKART] Saved 40 products
2026-01-06 16:00:32,793 - INFO - [FLIPKART] Total: 120 products saved for Toys and Games
2026-01-06 16:00:35,793 - INFO - 
[FLIPKART] Category 8/8
2026-01-06 16:00:35,793 - INFO - 
======================================================================
[FLIPKART] Collecting Health & Personal Care Appliances
2026-01-06 16:00:35,793 - INFO - [FLIPKART] Page 1/3...
2026-01-06 16:00:39,734 - INFO - [DB] COMMITTED 40 Flipkart products
2026-01-06 16:00:39,734 - INFO - [DB] VERIFIED: 106 Flipkart records updated
2026-01-06 16:00:39,734 - INFO - [FLIPKART] Saved 40 products
2026-01-06 16:00:41,734 - INFO - [FLIPKART] Page 2/3...
2026-01-06 16:01:07,049 - INFO - [DB] COMMITTED 40 Flipkart products
2026-01-06 16:01:07,050 - INFO - [DB] VERIFIED: 126 Flipkart records updated
2026-01-06 16:01:07,050 - INFO - [FLIPKART] Saved 40 products
2026-01-06 16:01:09,050 - INFO - [FLIPKART] Page 3/3...
2026-01-06 16:01:13,685 - INFO - [DB] COMMITTED 40 Flipkart products
2026-01-06 16:01:13,686 - INFO - [DB] VERIFIED: 119 Flipkart records updated
2026-01-06 16:01:13,686 - INFO - [FLIPKART] Saved 40 products
2026-01-06 16:01:13,686 - INFO - [FLIPKART] Total: 120 products saved for Health & Personal Care Appliances
2026-01-06 16:01:13,686 - INFO - [DB] Final commit completed
2026-01-06 16:01:13,686 - INFO - 
======================================================================
[FINAL STATISTICS]
======================================================================
2026-01-06 16:01:13,690 - INFO - 
[AMAZON STATS]
2026-01-06 16:01:13,691 - INFO -   Products: 1913
2026-01-06 16:01:13,691 - INFO -   Unique ASINs: 1723
2026-01-06 16:01:13,691 - INFO -   Categories: 10
2026-01-06 16:01:13,691 - INFO -   Avg Price: Rs 1897.20
2026-01-06 16:01:13,691 - INFO -   Avg Sales: 156,992,018
2026-01-06 16:01:13,691 - INFO -   Last Updated: 2026-01-06 10:27:09.486874+00:00
2026-01-06 16:01:13,695 - INFO - 
[FLIPKART STATS]
2026-01-06 16:01:13,695 - INFO -   Products: 2440
2026-01-06 16:01:13,696 - INFO -   Unique PIDs: 2440
2026-01-06 16:01:13,696 - INFO -   Categories: 8
2026-01-06 16:01:13,696 - INFO -   Avg Price: Rs 12729.45
2026-01-06 16:01:13,696 - INFO -   Avg Estimated Sales: 115,272
2026-01-06 16:01:13,696 - INFO -   Last Updated: 2026-01-06 10:31:07.050153+00:00
2026-01-06 16:01:13,696 - INFO - 
[COMPLETE] Amazon: 719 | Flipkart: 920 | Total: 1639
2026-01-06 16:01:13,696 - INFO - [DB] Disconnected
2026-01-07 15:55:01,784 - INFO - [CONFIG] Loaded - Amazon: True, Flipkart: True
2026-01-07 15:55:01,784 - INFO - [INIT] Amazon API client initialized
2026-01-07 15:55:01,784 - INFO - [INIT] Flipkart API client initialized
2026-01-07 15:55:01,784 - INFO - [START] Multi-platform collection starting
2026-01-07 15:55:01,784 - INFO - [DB] Connecting (attempt 1/3)...
2026-01-07 15:55:01,793 - INFO - [DB] Connected successfully
2026-01-07 15:55:01,794 - INFO - [DB] Tables created successfully (rapidapi_amazon_products & rapidapi_flipkart_products)
2026-01-07 15:55:01,794 - INFO - 
######################################################################
[AMAZON] Starting Amazon collection
######################################################################
2026-01-07 15:55:01,794 - INFO - 
[AMAZON] Category 1/9
2026-01-07 15:55:01,794 - INFO - 
======================================================================
[AMAZON] Collecting Baby Products
2026-01-07 15:55:01,794 - INFO - [AMAZON] Page 1/3...
2026-01-07 15:55:04,702 - INFO - [DB] COMMITTED 24 Amazon products
2026-01-07 15:55:04,703 - INFO - [DB] VERIFIED: 24 Amazon records updated
2026-01-07 15:55:04,703 - INFO - [AMAZON] Saved 24 products
2026-01-07 15:55:06,703 - INFO - [AMAZON] Page 2/3...
2026-01-07 15:55:09,739 - INFO - [DB] COMMITTED 24 Amazon products
2026-01-07 15:55:09,739 - INFO - [DB] VERIFIED: 48 Amazon records updated
2026-01-07 15:55:09,739 - INFO - [AMAZON] Saved 24 products
2026-01-07 15:55:11,739 - INFO - [AMAZON] Page 3/3...
2026-01-07 15:55:14,615 - INFO - [DB] COMMITTED 24 Amazon products
2026-01-07 15:55:14,615 - INFO - [DB] VERIFIED: 72 Amazon records updated
2026-01-07 15:55:14,615 - INFO - [AMAZON] Saved 24 products
2026-01-07 15:55:14,615 - INFO - [AMAZON] Total: 72 products saved for Baby Products
2026-01-07 15:55:17,615 - INFO - 
[AMAZON] Category 2/9
2026-01-07 15:55:17,615 - INFO - 
======================================================================
[AMAZON] Collecting Electronics
2026-01-07 15:55:17,615 - INFO - [AMAZON] Page 1/3...
2026-01-07 15:55:20,507 - INFO - [DB] COMMITTED 24 Amazon products
2026-01-07 15:55:20,508 - INFO - [DB] VERIFIED: 96 Amazon records updated
2026-01-07 15:55:20,508 - INFO - [AMAZON] Saved 24 products
2026-01-07 15:55:22,508 - INFO - [AMAZON] Page 2/3...
2026-01-07 15:55:25,122 - INFO - [DB] COMMITTED 24 Amazon products
2026-01-07 15:55:25,123 - INFO - [DB] VERIFIED: 120 Amazon records updated
2026-01-07 15:55:25,123 - INFO - [AMAZON] Saved 24 products
2026-01-07 15:55:27,123 - INFO - [AMAZON] Page 3/3...
2026-01-07 15:55:29,967 - INFO - [DB] COMMITTED 24 Amazon products
2026-01-07 15:55:29,968 - INFO - [DB] VERIFIED: 144 Amazon records updated
2026-01-07 15:55:29,968 - INFO - [AMAZON] Saved 24 products
2026-01-07 15:55:29,968 - INFO - [AMAZON] Total: 72 products saved for Electronics
2026-01-07 15:55:32,968 - INFO - 
[AMAZON] Category 3/9
2026-01-07 15:55:32,968 - INFO - 
======================================================================
[AMAZON] Collecting Computers & Accessories
2026-01-07 15:55:32,968 - INFO - [AMAZON] Page 1/3...
2026-01-07 15:55:35,798 - INFO - [DB] COMMITTED 24 Amazon products
2026-01-07 15:55:35,798 - INFO - [DB] VERIFIED: 168 Amazon records updated
2026-01-07 15:55:35,799 - INFO - [AMAZON] Saved 24 products
2026-01-07 15:55:37,799 - INFO - [AMAZON] Page 2/3...
2026-01-07 15:55:40,885 - INFO - [DB] COMMITTED 24 Amazon products
2026-01-07 15:55:40,885 - INFO - [DB] VERIFIED: 192 Amazon records updated
2026-01-07 15:55:40,885 - INFO - [AMAZON] Saved 24 products
2026-01-07 15:55:42,885 - INFO - [AMAZON] Page 3/3...
2026-01-07 15:55:45,570 - INFO - [DB] COMMITTED 24 Amazon products
2026-01-07 15:55:45,571 - INFO - [DB] VERIFIED: 216 Amazon records updated
2026-01-07 15:55:45,571 - INFO - [AMAZON] Saved 24 products
2026-01-07 15:55:45,571 - INFO - [AMAZON] Total: 72 products saved for Computers & Accessories
2026-01-07 15:55:48,571 - INFO - 
[AMAZON] Category 4/9
2026-01-07 15:55:48,571 - INFO - 
======================================================================
[AMAZON] Collecting Cell Phones
2026-01-07 15:55:48,571 - INFO - [AMAZON] Page 1/3...
2026-01-07 15:55:51,765 - INFO - [DB] COMMITTED 24 Amazon products
2026-01-07 15:55:51,766 - INFO - [DB] VERIFIED: 240 Amazon records updated
2026-01-07 15:55:51,766 - INFO - [AMAZON] Saved 24 products
2026-01-07 15:55:53,766 - INFO - [AMAZON] Page 2/3...
2026-01-07 15:55:56,622 - INFO - [DB] COMMITTED 24 Amazon products
2026-01-07 15:55:56,622 - INFO - [DB] VERIFIED: 264 Amazon records updated
2026-01-07 15:55:56,622 - INFO - [AMAZON] Saved 24 products
2026-01-07 15:55:58,622 - INFO - [AMAZON] Page 3/3...
2026-01-07 15:56:01,332 - INFO - [DB] COMMITTED 24 Amazon products
2026-01-07 15:56:01,332 - INFO - [DB] VERIFIED: 288 Amazon records updated
2026-01-07 15:56:01,332 - INFO - [AMAZON] Saved 24 products
2026-01-07 15:56:01,332 - INFO - [AMAZON] Total: 72 products saved for Cell Phones
2026-01-07 15:56:04,333 - INFO - 
[AMAZON] Category 5/9
2026-01-07 15:56:04,333 - INFO - 
======================================================================
[AMAZON] Collecting Toys & Games
2026-01-07 15:56:04,333 - INFO - [AMAZON] Page 1/3...
2026-01-07 15:56:08,191 - INFO - [DB] COMMITTED 48 Amazon products
2026-01-07 15:56:08,192 - INFO - [DB] VERIFIED: 288 Amazon records updated
2026-01-07 15:56:08,192 - INFO - [AMAZON] Saved 48 products
2026-01-07 15:56:10,192 - INFO - [AMAZON] Page 2/3...
2026-01-07 15:56:13,392 - INFO - [DB] COMMITTED 48 Amazon products
2026-01-07 15:56:13,392 - INFO - [DB] VERIFIED: 312 Amazon records updated
2026-01-07 15:56:13,392 - INFO - [AMAZON] Saved 48 products
2026-01-07 15:56:15,393 - INFO - [AMAZON] Page 3/3...
2026-01-07 15:56:18,383 - INFO - [DB] COMMITTED 48 Amazon products
2026-01-07 15:56:18,384 - INFO - [DB] VERIFIED: 336 Amazon records updated
2026-01-07 15:56:18,384 - INFO - [AMAZON] Saved 48 products
2026-01-07 15:56:18,384 - INFO - [AMAZON] Total: 144 products saved for Toys & Games
2026-01-07 15:56:21,384 - INFO - 
[AMAZON] Category 6/9
2026-01-07 15:56:21,385 - INFO - 
======================================================================
[AMAZON] Collecting Health & Personal Care
2026-01-07 15:56:21,385 - INFO - [AMAZON] Page 1/3...
2026-01-07 15:56:24,137 - INFO - [DB] COMMITTED 24 Amazon products
2026-01-07 15:56:24,137 - INFO - [DB] VERIFIED: 336 Amazon records updated
2026-01-07 15:56:24,137 - INFO - [AMAZON] Saved 24 products
2026-01-07 15:56:26,137 - INFO - [AMAZON] Page 2/3...
2026-01-07 15:56:28,954 - INFO - [DB] COMMITTED 24 Amazon products
2026-01-07 15:56:28,954 - INFO - [DB] VERIFIED: 336 Amazon records updated
2026-01-07 15:56:28,954 - INFO - [AMAZON] Saved 24 products
2026-01-07 15:56:30,954 - INFO - [AMAZON] Page 3/3...
2026-01-07 15:56:34,514 - INFO - [DB] COMMITTED 24 Amazon products
2026-01-07 15:56:34,515 - INFO - [DB] VERIFIED: 336 Amazon records updated
2026-01-07 15:56:34,515 - INFO - [AMAZON] Saved 24 products
2026-01-07 15:56:34,515 - INFO - [AMAZON] Total: 72 products saved for Health & Personal Care
2026-01-07 15:56:37,515 - INFO - 
[AMAZON] Category 7/9
2026-01-07 15:56:37,515 - INFO - 
======================================================================
[AMAZON] Collecting Video Games
2026-01-07 15:56:37,515 - INFO - [AMAZON] Page 1/3...
2026-01-07 15:56:39,793 - INFO - [DB] COMMITTED 16 Amazon products
2026-01-07 15:56:39,794 - INFO - [DB] VERIFIED: 328 Amazon records updated
2026-01-07 15:56:39,794 - INFO - [AMAZON] Saved 16 products
2026-01-07 15:56:41,794 - INFO - [AMAZON] Page 2/3...
2026-01-07 15:56:44,031 - INFO - [DB] COMMITTED 16 Amazon products
2026-01-07 15:56:44,032 - INFO - [DB] VERIFIED: 320 Amazon records updated
2026-01-07 15:56:44,032 - INFO - [AMAZON] Saved 16 products
2026-01-07 15:56:46,032 - INFO - [AMAZON] Page 3/3...
2026-01-07 15:56:48,370 - INFO - [DB] COMMITTED 16 Amazon products
2026-01-07 15:56:48,370 - INFO - [DB] VERIFIED: 312 Amazon records updated
2026-01-07 15:56:48,370 - INFO - [AMAZON] Saved 16 products
2026-01-07 15:56:48,370 - INFO - [AMAZON] Total: 48 products saved for Video Games
2026-01-07 15:56:51,371 - INFO - 
[AMAZON] Category 8/9
2026-01-07 15:56:51,371 - INFO - 
======================================================================
[AMAZON] Collecting Pet Supplies
2026-01-07 15:56:51,371 - INFO - [AMAZON] Page 1/3...
2026-01-07 15:56:55,472 - INFO - [DB] COMMITTED 23 Amazon products
2026-01-07 15:56:55,473 - INFO - [DB] VERIFIED: 311 Amazon records updated
2026-01-07 15:56:55,473 - INFO - [AMAZON] Saved 23 products
2026-01-07 15:56:57,473 - INFO - [AMAZON] Page 2/3...
2026-01-07 15:56:57,791 - ERROR - RapidAPI HTTP 429: b'{"message":"You have exceeded the MONTHLY quota for Requests on your current plan, BASIC. Upgrade your plan at https:\\/\\/rapidapi.com\\/letscrape-6bRBa3QguO5\\/api\\/real-time-amazon-data"}'
2026-01-07 15:56:57,792 - INFO - [AMAZON] Total: 23 products saved for Pet Supplies
2026-01-07 15:57:00,792 - INFO - 
[AMAZON] Category 9/9
2026-01-07 15:57:00,792 - INFO - 
======================================================================
[AMAZON] Collecting Beauty
2026-01-07 15:57:00,792 - INFO - [AMAZON] Page 1/3...
2026-01-07 15:57:01,206 - ERROR - RapidAPI HTTP 429: b'{"message":"You have exceeded the MONTHLY quota for Requests on your current plan, BASIC. Upgrade your plan at https:\\/\\/rapidapi.com\\/letscrape-6bRBa3QguO5\\/api\\/real-time-amazon-data"}'
2026-01-07 15:57:01,206 - INFO - [AMAZON] Total: 0 products saved for Beauty
2026-01-07 15:57:01,207 - INFO - 
######################################################################
[FLIPKART] Starting Flipkart collection
######################################################################
2026-01-07 15:57:01,207 - INFO - 
[FLIPKART] Category 1/8
2026-01-07 15:57:01,207 - INFO - 
======================================================================
[FLIPKART] Collecting Mobiles
2026-01-07 15:57:01,207 - INFO - [FLIPKART] Page 1/3...
2026-01-07 15:57:07,379 - INFO - [DB] COMMITTED 40 Flipkart products
2026-01-07 15:57:07,380 - INFO - [DB] VERIFIED: 40 Flipkart records updated
2026-01-07 15:57:07,380 - INFO - [FLIPKART] Saved 40 products
2026-01-07 15:57:09,380 - INFO - [FLIPKART] Page 2/3...
2026-01-07 15:57:14,349 - INFO - [DB] COMMITTED 40 Flipkart products
2026-01-07 15:57:14,350 - INFO - [DB] VERIFIED: 60 Flipkart records updated
2026-01-07 15:57:14,350 - INFO - [FLIPKART] Saved 40 products
2026-01-07 15:57:16,350 - INFO - [FLIPKART] Page 3/3...
2026-01-07 15:57:22,068 - INFO - [DB] COMMITTED 40 Flipkart products
2026-01-07 15:57:22,068 - INFO - [DB] VERIFIED: 80 Flipkart records updated
2026-01-07 15:57:22,068 - INFO - [FLIPKART] Saved 40 products
2026-01-07 15:57:22,069 - INFO - [FLIPKART] Total: 120 products saved for Mobiles
2026-01-07 15:57:25,069 - INFO - 
[FLIPKART] Category 2/8
2026-01-07 15:57:25,069 - INFO - 
======================================================================
[FLIPKART] Collecting Electronics
2026-01-07 15:57:25,069 - INFO - [FLIPKART] Page 1/3...
2026-01-07 15:57:28,898 - INFO - [DB] COMMITTED 40 Flipkart products
2026-01-07 15:57:28,898 - INFO - [DB] VERIFIED: 120 Flipkart records updated
2026-01-07 15:57:28,898 - INFO - [FLIPKART] Saved 40 products
2026-01-07 15:57:30,898 - INFO - [FLIPKART] Page 2/3...
2026-01-07 15:57:35,289 - INFO - [DB] COMMITTED 40 Flipkart products
2026-01-07 15:57:35,290 - INFO - [DB] VERIFIED: 150 Flipkart records updated
2026-01-07 15:57:35,290 - INFO - [FLIPKART] Saved 40 products
2026-01-07 15:57:37,290 - INFO - [FLIPKART] Page 3/3...
2026-01-07 15:57:41,189 - INFO - [DB] COMMITTED 40 Flipkart products
2026-01-07 15:57:41,190 - INFO - [DB] VERIFIED: 180 Flipkart records updated
2026-01-07 15:57:41,190 - INFO - [FLIPKART] Saved 40 products
2026-01-07 15:57:41,190 - INFO - [FLIPKART] Total: 120 products saved for Electronics
2026-01-07 15:57:44,190 - INFO - 
[FLIPKART] Category 3/8
2026-01-07 15:57:44,190 - INFO - 
======================================================================
[FLIPKART] Collecting Clothing
2026-01-07 15:57:44,190 - INFO - [FLIPKART] Page 1/3...
2026-01-07 15:57:52,541 - INFO - [DB] COMMITTED 40 Flipkart products
2026-01-07 15:57:52,541 - INFO - [DB] VERIFIED: 220 Flipkart records updated
2026-01-07 15:57:52,541 - INFO - [FLIPKART] Saved 40 products
2026-01-07 15:57:54,541 - INFO - [FLIPKART] Page 2/3...
2026-01-07 15:58:24,783 - ERROR - RapidAPI error: The read operation timed out
2026-01-07 15:58:24,784 - WARNING - [FLIPKART] No response for page 2, stopping collection
2026-01-07 15:58:24,784 - INFO - [FLIPKART] Total: 40 products saved for Clothing
2026-01-07 15:58:27,784 - INFO - 
[FLIPKART] Category 4/8
2026-01-07 15:58:27,784 - INFO - 
======================================================================
[FLIPKART] Collecting Home Decor
2026-01-07 15:58:27,784 - INFO - [FLIPKART] Page 1/3...
2026-01-07 15:58:33,245 - INFO - [DB] COMMITTED 40 Flipkart products
2026-01-07 15:58:33,246 - INFO - [DB] VERIFIED: 120 Flipkart records updated
2026-01-07 15:58:33,246 - INFO - [FLIPKART] Saved 40 products
2026-01-07 15:58:35,246 - INFO - [FLIPKART] Page 2/3...
2026-01-07 15:58:39,598 - INFO - [DB] COMMITTED 40 Flipkart products
2026-01-07 15:58:39,599 - INFO - [DB] VERIFIED: 102 Flipkart records updated
2026-01-07 15:58:39,599 - INFO - [FLIPKART] Saved 40 products
2026-01-07 15:58:41,599 - INFO - [FLIPKART] Page 3/3...
2026-01-07 15:58:49,292 - INFO - [DB] COMMITTED 40 Flipkart products
2026-01-07 15:58:49,293 - INFO - [DB] VERIFIED: 82 Flipkart records updated
2026-01-07 15:58:49,293 - INFO - [FLIPKART] Saved 40 products
2026-01-07 15:58:49,293 - INFO - [FLIPKART] Total: 120 products saved for Home Decor
2026-01-07 15:58:52,293 - INFO - 
[FLIPKART] Category 5/8
2026-01-07 15:58:52,293 - INFO - 
======================================================================
[FLIPKART] Collecting Home Appliances
2026-01-07 15:58:52,293 - INFO - [FLIPKART] Page 1/3...
2026-01-07 15:58:56,234 - INFO - [DB] COMMITTED 40 Flipkart products
2026-01-07 15:58:56,235 - INFO - [DB] VERIFIED: 100 Flipkart records updated
2026-01-07 15:58:56,235 - INFO - [FLIPKART] Saved 40 products
2026-01-07 15:58:58,235 - INFO - [FLIPKART] Page 2/3...
2026-01-07 15:59:02,281 - INFO - [DB] COMMITTED 40 Flipkart products
2026-01-07 15:59:02,281 - INFO - [DB] VERIFIED: 120 Flipkart records updated
2026-01-07 15:59:02,281 - INFO - [FLIPKART] Saved 40 products
2026-01-07 15:59:04,282 - INFO - [FLIPKART] Page 3/3...
2026-01-07 15:59:08,928 - INFO - [DB] COMMITTED 40 Flipkart products
2026-01-07 15:59:08,929 - INFO - [DB] VERIFIED: 140 Flipkart records updated
2026-01-07 15:59:08,929 - INFO - [FLIPKART] Saved 40 products
2026-01-07 15:59:08,929 - INFO - [FLIPKART] Total: 120 products saved for Home Appliances
2026-01-07 15:59:11,929 - INFO - 
[FLIPKART] Category 6/8
2026-01-07 15:59:11,929 - INFO - 
======================================================================
[FLIPKART] Collecting Food and Nutrition
2026-01-07 15:59:11,929 - INFO - [FLIPKART] Page 1/3...
2026-01-07 15:59:13,067 - ERROR - RapidAPI HTTP 500: b'{"success":false,"message":"Failed to fetch data from Flipkart. Their servers might be experiencing issues.","code":500}'
2026-01-07 15:59:13,068 - WARNING - [FLIPKART] No response for page 1, stopping collection
2026-01-07 15:59:13,068 - INFO - [FLIPKART] Total: 0 products saved for Food and Nutrition
2026-01-07 15:59:16,068 - INFO - 
[FLIPKART] Category 7/8
2026-01-07 15:59:16,068 - INFO - 
======================================================================
[FLIPKART] Collecting Toys and Games
2026-01-07 15:59:16,068 - INFO - [FLIPKART] Page 1/3...
2026-01-07 15:59:20,014 - INFO - [DB] COMMITTED 40 Flipkart products
2026-01-07 15:59:20,014 - INFO - [DB] VERIFIED: 180 Flipkart records updated
2026-01-07 15:59:20,015 - INFO - [FLIPKART] Saved 40 products
2026-01-07 15:59:22,015 - INFO - [FLIPKART] Page 2/3...
2026-01-07 15:59:25,698 - INFO - [DB] COMMITTED 40 Flipkart products
2026-01-07 15:59:25,698 - INFO - [DB] VERIFIED: 203 Flipkart records updated
2026-01-07 15:59:25,698 - INFO - [FLIPKART] Saved 40 products
2026-01-07 15:59:27,699 - INFO - [FLIPKART] Page 3/3...
2026-01-07 15:59:32,076 - INFO - [DB] COMMITTED 40 Flipkart products
2026-01-07 15:59:32,076 - INFO - [DB] VERIFIED: 224 Flipkart records updated
2026-01-07 15:59:32,076 - INFO - [FLIPKART] Saved 40 products
2026-01-07 15:59:32,076 - INFO - [FLIPKART] Total: 120 products saved for Toys and Games
2026-01-07 15:59:35,077 - INFO - 
[FLIPKART] Category 8/8
2026-01-07 15:59:35,077 - INFO - 
======================================================================
[FLIPKART] Collecting Health & Personal Care Appliances
2026-01-07 15:59:35,077 - INFO - [FLIPKART] Page 1/3...
2026-01-07 15:59:38,894 - INFO - [DB] COMMITTED 40 Flipkart products
2026-01-07 15:59:38,895 - INFO - [DB] VERIFIED: 244 Flipkart records updated
2026-01-07 15:59:38,895 - INFO - [FLIPKART] Saved 40 products
2026-01-07 15:59:40,895 - INFO - [FLIPKART] Page 2/3...
2026-01-07 15:59:45,473 - INFO - [DB] COMMITTED 40 Flipkart products
2026-01-07 15:59:45,473 - INFO - [DB] VERIFIED: 225 Flipkart records updated
2026-01-07 15:59:45,473 - INFO - [FLIPKART] Saved 40 products
2026-01-07 15:59:47,474 - INFO - [FLIPKART] Page 3/3...
2026-01-07 15:59:52,261 - INFO - [DB] COMMITTED 40 Flipkart products
2026-01-07 15:59:52,262 - INFO - [DB] VERIFIED: 224 Flipkart records updated
2026-01-07 15:59:52,262 - INFO - [FLIPKART] Saved 40 products
2026-01-07 15:59:52,262 - INFO - [FLIPKART] Total: 120 products saved for Health & Personal Care Appliances
2026-01-07 15:59:52,263 - INFO - [DB] Final commit completed
2026-01-07 15:59:52,263 - INFO - 
======================================================================
[FINAL STATISTICS]
======================================================================
2026-01-07 15:59:52,267 - INFO - 
[AMAZON STATS]
2026-01-07 15:59:52,267 - INFO -   Products: 1943
2026-01-07 15:59:52,267 - INFO -   Unique ASINs: 1751
2026-01-07 15:59:52,267 - INFO -   Categories: 10
2026-01-07 15:59:52,267 - INFO -   Avg Price: Rs 1901.55
2026-01-07 15:59:52,267 - INFO -   Avg Sales: 158,507,042
2026-01-07 15:59:52,267 - INFO -   Last Updated: 2026-01-07 10:26:48.370280+00:00
2026-01-07 15:59:52,272 - INFO - 
[FLIPKART STATS]
2026-01-07 15:59:52,272 - INFO -   Products: 2511
2026-01-07 15:59:52,272 - INFO -   Unique PIDs: 2511
2026-01-07 15:59:52,272 - INFO -   Categories: 8
2026-01-07 15:59:52,272 - INFO -   Avg Price: Rs 12616.31
2026-01-07 15:59:52,272 - INFO -   Avg Estimated Sales: 115,635
2026-01-07 15:59:52,272 - INFO -   Last Updated: 2026-01-07 10:29:45.473236+00:00
2026-01-07 15:59:52,272 - INFO - 
[COMPLETE] Amazon: 575 | Flipkart: 760 | Total: 1335
2026-01-07 15:59:52,273 - INFO - [DB] Disconnected
2026-01-08 15:55:01,360 - INFO - [CONFIG] Loaded - Amazon: True, Flipkart: True
2026-01-08 15:55:01,360 - INFO - [INIT] Amazon API client initialized
2026-01-08 15:55:01,360 - INFO - [INIT] Flipkart API client initialized
2026-01-08 15:55:01,360 - INFO - [START] Multi-platform collection starting
2026-01-08 15:55:01,360 - INFO - [DB] Connecting (attempt 1/3)...
2026-01-08 15:55:01,369 - INFO - [DB] Connected successfully
2026-01-08 15:55:01,370 - INFO - [DB] Tables created successfully (rapidapi_amazon_products & rapidapi_flipkart_products)
2026-01-08 15:55:01,370 - INFO - 
######################################################################
[AMAZON] Starting Amazon collection
######################################################################
2026-01-08 15:55:01,370 - INFO - 
[AMAZON] Category 1/9
2026-01-08 15:55:01,370 - INFO - 
======================================================================
[AMAZON] Collecting Baby Products
2026-01-08 15:55:01,370 - INFO - [AMAZON] Page 1/3...
2026-01-08 15:55:01,764 - ERROR - RapidAPI HTTP 429: b'{"message":"You have exceeded the MONTHLY quota for Requests on your current plan, BASIC. Upgrade your plan at https:\\/\\/rapidapi.com\\/letscrape-6bRBa3QguO5\\/api\\/real-time-amazon-data"}'
2026-01-08 15:55:01,764 - INFO - [AMAZON] Total: 0 products saved for Baby Products
2026-01-08 15:55:04,765 - INFO - 
[AMAZON] Category 2/9
2026-01-08 15:55:04,765 - INFO - 
======================================================================
[AMAZON] Collecting Electronics
2026-01-08 15:55:04,765 - INFO - [AMAZON] Page 1/3...
2026-01-08 15:55:05,117 - ERROR - RapidAPI HTTP 429: b'{"message":"You have exceeded the MONTHLY quota for Requests on your current plan, BASIC. Upgrade your plan at https:\\/\\/rapidapi.com\\/letscrape-6bRBa3QguO5\\/api\\/real-time-amazon-data"}'
2026-01-08 15:55:05,118 - INFO - [AMAZON] Total: 0 products saved for Electronics
2026-01-08 15:55:08,118 - INFO - 
[AMAZON] Category 3/9
2026-01-08 15:55:08,118 - INFO - 
======================================================================
[AMAZON] Collecting Computers & Accessories
2026-01-08 15:55:08,118 - INFO - [AMAZON] Page 1/3...
2026-01-08 15:55:08,542 - ERROR - RapidAPI HTTP 429: b'{"message":"You have exceeded the MONTHLY quota for Requests on your current plan, BASIC. Upgrade your plan at https:\\/\\/rapidapi.com\\/letscrape-6bRBa3QguO5\\/api\\/real-time-amazon-data"}'
2026-01-08 15:55:08,542 - INFO - [AMAZON] Total: 0 products saved for Computers & Accessories
2026-01-08 15:55:11,542 - INFO - 
[AMAZON] Category 4/9
2026-01-08 15:55:11,542 - INFO - 
======================================================================
[AMAZON] Collecting Cell Phones
2026-01-08 15:55:11,542 - INFO - [AMAZON] Page 1/3...
2026-01-08 15:55:11,896 - ERROR - RapidAPI HTTP 429: b'{"message":"You have exceeded the MONTHLY quota for Requests on your current plan, BASIC. Upgrade your plan at https:\\/\\/rapidapi.com\\/letscrape-6bRBa3QguO5\\/api\\/real-time-amazon-data"}'
2026-01-08 15:55:11,896 - INFO - [AMAZON] Total: 0 products saved for Cell Phones
2026-01-08 15:55:14,897 - INFO - 
[AMAZON] Category 5/9
2026-01-08 15:55:14,897 - INFO - 
======================================================================
[AMAZON] Collecting Toys & Games
2026-01-08 15:55:14,897 - INFO - [AMAZON] Page 1/3...
2026-01-08 15:55:15,264 - ERROR - RapidAPI HTTP 429: b'{"message":"You have exceeded the MONTHLY quota for Requests on your current plan, BASIC. Upgrade your plan at https:\\/\\/rapidapi.com\\/letscrape-6bRBa3QguO5\\/api\\/real-time-amazon-data"}'
2026-01-08 15:55:15,264 - INFO - [AMAZON] Total: 0 products saved for Toys & Games
2026-01-08 15:55:18,264 - INFO - 
[AMAZON] Category 6/9
2026-01-08 15:55:18,265 - INFO - 
======================================================================
[AMAZON] Collecting Health & Personal Care
2026-01-08 15:55:18,265 - INFO - [AMAZON] Page 1/3...
2026-01-08 15:55:18,682 - ERROR - RapidAPI HTTP 429: b'{"message":"You have exceeded the MONTHLY quota for Requests on your current plan, BASIC. Upgrade your plan at https:\\/\\/rapidapi.com\\/letscrape-6bRBa3QguO5\\/api\\/real-time-amazon-data"}'
2026-01-08 15:55:18,682 - INFO - [AMAZON] Total: 0 products saved for Health & Personal Care
2026-01-08 15:55:21,683 - INFO - 
[AMAZON] Category 7/9
2026-01-08 15:55:21,683 - INFO - 
======================================================================
[AMAZON] Collecting Video Games
2026-01-08 15:55:21,683 - INFO - [AMAZON] Page 1/3...
2026-01-08 15:55:22,094 - ERROR - RapidAPI HTTP 429: b'{"message":"You have exceeded the MONTHLY quota for Requests on your current plan, BASIC. Upgrade your plan at https:\\/\\/rapidapi.com\\/letscrape-6bRBa3QguO5\\/api\\/real-time-amazon-data"}'
2026-01-08 15:55:22,095 - INFO - [AMAZON] Total: 0 products saved for Video Games
2026-01-08 15:55:25,095 - INFO - 
[AMAZON] Category 8/9
2026-01-08 15:55:25,095 - INFO - 
======================================================================
[AMAZON] Collecting Pet Supplies
2026-01-08 15:55:25,095 - INFO - [AMAZON] Page 1/3...
2026-01-08 15:55:25,452 - ERROR - RapidAPI HTTP 429: b'{"message":"You have exceeded the MONTHLY quota for Requests on your current plan, BASIC. Upgrade your plan at https:\\/\\/rapidapi.com\\/letscrape-6bRBa3QguO5\\/api\\/real-time-amazon-data"}'
2026-01-08 15:55:25,453 - INFO - [AMAZON] Total: 0 products saved for Pet Supplies
2026-01-08 15:55:28,453 - INFO - 
[AMAZON] Category 9/9
2026-01-08 15:55:28,453 - INFO - 
======================================================================
[AMAZON] Collecting Beauty
2026-01-08 15:55:28,453 - INFO - [AMAZON] Page 1/3...
2026-01-08 15:55:28,813 - ERROR - RapidAPI HTTP 429: b'{"message":"You have exceeded the MONTHLY quota for Requests on your current plan, BASIC. Upgrade your plan at https:\\/\\/rapidapi.com\\/letscrape-6bRBa3QguO5\\/api\\/real-time-amazon-data"}'
2026-01-08 15:55:28,813 - INFO - [AMAZON] Total: 0 products saved for Beauty
2026-01-08 15:55:28,814 - INFO - 
######################################################################
[FLIPKART] Starting Flipkart collection
######################################################################
2026-01-08 15:55:28,814 - INFO - 
[FLIPKART] Category 1/8
2026-01-08 15:55:28,814 - INFO - 
======================================================================
[FLIPKART] Collecting Mobiles
2026-01-08 15:55:28,814 - INFO - [FLIPKART] Page 1/3...
2026-01-08 15:55:35,988 - INFO - [DB] COMMITTED 40 Flipkart products
2026-01-08 15:55:35,989 - INFO - [DB] VERIFIED: 40 Flipkart records updated
2026-01-08 15:55:35,989 - INFO - [FLIPKART] Saved 40 products
2026-01-08 15:55:37,989 - INFO - [FLIPKART] Page 2/3...
2026-01-08 15:55:41,723 - INFO - [DB] COMMITTED 40 Flipkart products
2026-01-08 15:55:41,724 - INFO - [DB] VERIFIED: 60 Flipkart records updated
2026-01-08 15:55:41,724 - INFO - [FLIPKART] Saved 40 products
2026-01-08 15:55:43,724 - INFO - [FLIPKART] Page 3/3...
2026-01-08 15:55:49,760 - INFO - [DB] COMMITTED 40 Flipkart products
2026-01-08 15:55:49,761 - INFO - [DB] VERIFIED: 80 Flipkart records updated
2026-01-08 15:55:49,761 - INFO - [FLIPKART] Saved 40 products
2026-01-08 15:55:49,761 - INFO - [FLIPKART] Total: 120 products saved for Mobiles
2026-01-08 15:55:52,761 - INFO - 
[FLIPKART] Category 2/8
2026-01-08 15:55:52,761 - INFO - 
======================================================================
[FLIPKART] Collecting Electronics
2026-01-08 15:55:52,761 - INFO - [FLIPKART] Page 1/3...
2026-01-08 15:55:59,417 - INFO - [DB] COMMITTED 40 Flipkart products
2026-01-08 15:55:59,418 - INFO - [DB] VERIFIED: 120 Flipkart records updated
2026-01-08 15:55:59,418 - INFO - [FLIPKART] Saved 40 products
2026-01-08 15:56:01,418 - INFO - [FLIPKART] Page 2/3...
2026-01-08 15:56:07,363 - INFO - [DB] COMMITTED 40 Flipkart products
2026-01-08 15:56:07,364 - INFO - [DB] VERIFIED: 140 Flipkart records updated
2026-01-08 15:56:07,364 - INFO - [FLIPKART] Saved 40 products
2026-01-08 15:56:09,364 - INFO - [FLIPKART] Page 3/3...
2026-01-08 15:56:16,549 - INFO - [DB] COMMITTED 40 Flipkart products
2026-01-08 15:56:16,550 - INFO - [DB] VERIFIED: 160 Flipkart records updated
2026-01-08 15:56:16,550 - INFO - [FLIPKART] Saved 40 products
2026-01-08 15:56:16,550 - INFO - [FLIPKART] Total: 120 products saved for Electronics
2026-01-08 15:56:19,550 - INFO - 
[FLIPKART] Category 3/8
2026-01-08 15:56:19,550 - INFO - 
======================================================================
[FLIPKART] Collecting Clothing
2026-01-08 15:56:19,550 - INFO - [FLIPKART] Page 1/3...
2026-01-08 15:56:27,973 - INFO - [DB] COMMITTED 40 Flipkart products
2026-01-08 15:56:27,974 - INFO - [DB] VERIFIED: 200 Flipkart records updated
2026-01-08 15:56:27,974 - INFO - [FLIPKART] Saved 40 products
2026-01-08 15:56:29,974 - INFO - [FLIPKART] Page 2/3...
2026-01-08 15:56:37,967 - INFO - [DB] COMMITTED 40 Flipkart products
2026-01-08 15:56:37,968 - INFO - [DB] VERIFIED: 184 Flipkart records updated
2026-01-08 15:56:37,968 - INFO - [FLIPKART] Saved 40 products
2026-01-08 15:56:39,968 - INFO - [FLIPKART] Page 3/3...
2026-01-08 15:56:46,321 - INFO - [DB] COMMITTED 40 Flipkart products
2026-01-08 15:56:46,321 - INFO - [DB] VERIFIED: 166 Flipkart records updated
2026-01-08 15:56:46,322 - INFO - [FLIPKART] Saved 40 products
2026-01-08 15:56:46,322 - INFO - [FLIPKART] Total: 120 products saved for Clothing
2026-01-08 15:56:49,322 - INFO - 
[FLIPKART] Category 4/8
2026-01-08 15:56:49,322 - INFO - 
======================================================================
[FLIPKART] Collecting Home Decor
2026-01-08 15:56:49,322 - INFO - [FLIPKART] Page 1/3...
2026-01-08 15:56:55,194 - INFO - [DB] COMMITTED 40 Flipkart products
2026-01-08 15:56:55,195 - INFO - [DB] VERIFIED: 186 Flipkart records updated
2026-01-08 15:56:55,195 - INFO - [FLIPKART] Saved 40 products
2026-01-08 15:56:57,195 - INFO - [FLIPKART] Page 2/3...
2026-01-08 15:57:03,373 - INFO - [DB] COMMITTED 40 Flipkart products
2026-01-08 15:57:03,374 - INFO - [DB] VERIFIED: 188 Flipkart records updated
2026-01-08 15:57:03,374 - INFO - [FLIPKART] Saved 40 products
2026-01-08 15:57:05,374 - INFO - [FLIPKART] Page 3/3...
2026-01-08 15:57:10,670 - INFO - [DB] COMMITTED 40 Flipkart products
2026-01-08 15:57:10,670 - INFO - [DB] VERIFIED: 168 Flipkart records updated
2026-01-08 15:57:10,670 - INFO - [FLIPKART] Saved 40 products
2026-01-08 15:57:10,670 - INFO - [FLIPKART] Total: 120 products saved for Home Decor
2026-01-08 15:57:13,671 - INFO - 
[FLIPKART] Category 5/8
2026-01-08 15:57:13,671 - INFO - 
======================================================================
[FLIPKART] Collecting Home Appliances
2026-01-08 15:57:13,671 - INFO - [FLIPKART] Page 1/3...
2026-01-08 15:57:14,725 - ERROR - RapidAPI HTTP 500: b'{"success":false,"message":"Failed to fetch data from Flipkart. Their servers might be experiencing issues.","code":500}'
2026-01-08 15:57:14,726 - WARNING - [FLIPKART] No response for page 1, stopping collection
2026-01-08 15:57:14,726 - INFO - [FLIPKART] Total: 0 products saved for Home Appliances
2026-01-08 15:57:17,726 - INFO - 
[FLIPKART] Category 6/8
2026-01-08 15:57:17,726 - INFO - 
======================================================================
[FLIPKART] Collecting Food and Nutrition
2026-01-08 15:57:17,726 - INFO - [FLIPKART] Page 1/3...
2026-01-08 15:57:24,057 - INFO - [DB] COMMITTED 40 Flipkart products
2026-01-08 15:57:24,058 - INFO - [DB] VERIFIED: 189 Flipkart records updated
2026-01-08 15:57:24,058 - INFO - [FLIPKART] Saved 40 products
2026-01-08 15:57:26,058 - INFO - [FLIPKART] Page 2/3...
2026-01-08 15:57:32,395 - INFO - [DB] COMMITTED 40 Flipkart products
2026-01-08 15:57:32,396 - INFO - [DB] VERIFIED: 183 Flipkart records updated
2026-01-08 15:57:32,396 - INFO - [FLIPKART] Saved 40 products
2026-01-08 15:57:34,396 - INFO - [FLIPKART] Page 3/3...
2026-01-08 15:57:59,902 - INFO - [DB] COMMITTED 40 Flipkart products
2026-01-08 15:57:59,902 - INFO - [DB] VERIFIED: 124 Flipkart records updated
2026-01-08 15:57:59,903 - INFO - [FLIPKART] Saved 40 products
2026-01-08 15:57:59,903 - INFO - [FLIPKART] Total: 120 products saved for Food and Nutrition
2026-01-08 15:58:02,903 - INFO - 
[FLIPKART] Category 7/8
2026-01-08 15:58:02,903 - INFO - 
======================================================================
[FLIPKART] Collecting Toys and Games
2026-01-08 15:58:02,903 - INFO - [FLIPKART] Page 1/3...
2026-01-08 15:58:03,921 - ERROR - RapidAPI HTTP 500: b'{"success":false,"message":"Failed to fetch data from Flipkart. Their servers might be experiencing issues.","code":500}'
2026-01-08 15:58:03,922 - WARNING - [FLIPKART] No response for page 1, stopping collection
2026-01-08 15:58:03,922 - INFO - [FLIPKART] Total: 0 products saved for Toys and Games
2026-01-08 15:58:06,922 - INFO - 
[FLIPKART] Category 8/8
2026-01-08 15:58:06,922 - INFO - 
======================================================================
[FLIPKART] Collecting Health & Personal Care Appliances
2026-01-08 15:58:06,923 - INFO - [FLIPKART] Page 1/3...
2026-01-08 15:58:11,731 - INFO - [DB] COMMITTED 40 Flipkart products
2026-01-08 15:58:11,732 - INFO - [DB] VERIFIED: 104 Flipkart records updated
2026-01-08 15:58:11,732 - INFO - [FLIPKART] Saved 40 products
2026-01-08 15:58:13,732 - INFO - [FLIPKART] Page 2/3...
2026-01-08 15:58:18,191 - INFO - [DB] COMMITTED 40 Flipkart products
2026-01-08 15:58:18,192 - INFO - [DB] VERIFIED: 125 Flipkart records updated
2026-01-08 15:58:18,192 - INFO - [FLIPKART] Saved 40 products
2026-01-08 15:58:20,192 - INFO - [FLIPKART] Page 3/3...
2026-01-08 15:58:25,201 - INFO - [DB] COMMITTED 40 Flipkart products
2026-01-08 15:58:25,201 - INFO - [DB] VERIFIED: 125 Flipkart records updated
2026-01-08 15:58:25,201 - INFO - [FLIPKART] Saved 40 products
2026-01-08 15:58:25,201 - INFO - [FLIPKART] Total: 120 products saved for Health & Personal Care Appliances
2026-01-08 15:58:25,202 - INFO - [DB] Final commit completed
2026-01-08 15:58:25,202 - INFO - 
======================================================================
[FINAL STATISTICS]
======================================================================
2026-01-08 15:58:25,206 - INFO - 
[AMAZON STATS]
2026-01-08 15:58:25,206 - INFO -   Products: 1943
2026-01-08 15:58:25,206 - INFO -   Unique ASINs: 1751
2026-01-08 15:58:25,206 - INFO -   Categories: 10
2026-01-08 15:58:25,206 - INFO -   Avg Price: Rs 1901.55
2026-01-08 15:58:25,206 - INFO -   Avg Sales: 158,507,042
2026-01-08 15:58:25,206 - INFO -   Last Updated: 2026-01-07 10:26:48.370280+00:00
2026-01-08 15:58:25,212 - INFO - 
[FLIPKART STATS]
2026-01-08 15:58:25,212 - INFO -   Products: 2623
2026-01-08 15:58:25,212 - INFO -   Unique PIDs: 2623
2026-01-08 15:58:25,212 - INFO -   Categories: 8
2026-01-08 15:58:25,212 - INFO -   Avg Price: Rs 12199.55
2026-01-08 15:58:25,212 - INFO -   Avg Estimated Sales: 113,490
2026-01-08 15:58:25,212 - INFO -   Last Updated: 2026-01-08 10:28:18.191777+00:00
2026-01-08 15:58:25,212 - INFO - 
[COMPLETE] Amazon: 0 | Flipkart: 720 | Total: 720
2026-01-08 15:58:25,212 - INFO - [DB] Disconnected
2026-01-09 15:55:01,297 - INFO - [CONFIG] Loaded - Amazon: True, Flipkart: True
2026-01-09 15:55:01,297 - INFO - [INIT] Amazon API client initialized
2026-01-09 15:55:01,297 - INFO - [INIT] Flipkart API client initialized
2026-01-09 15:55:01,297 - INFO - [START] Multi-platform collection starting
2026-01-09 15:55:01,297 - INFO - [DB] Connecting (attempt 1/3)...
2026-01-09 15:55:01,306 - INFO - [DB] Connected successfully
2026-01-09 15:55:01,308 - INFO - [DB] Tables created successfully (rapidapi_amazon_products & rapidapi_flipkart_products)
2026-01-09 15:55:01,308 - INFO - 
######################################################################
[AMAZON] Starting Amazon collection
######################################################################
2026-01-09 15:55:01,308 - INFO - 
[AMAZON] Category 1/9
2026-01-09 15:55:01,308 - INFO - 
======================================================================
[AMAZON] Collecting Baby Products
2026-01-09 15:55:01,308 - INFO - [AMAZON] Page 1/3...
2026-01-09 15:55:01,757 - ERROR - RapidAPI HTTP 429: b'{"message":"You have exceeded the MONTHLY quota for Requests on your current plan, BASIC. Upgrade your plan at https:\\/\\/rapidapi.com\\/letscrape-6bRBa3QguO5\\/api\\/real-time-amazon-data"}'
2026-01-09 15:55:01,758 - INFO - [AMAZON] Total: 0 products saved for Baby Products
2026-01-09 15:55:04,758 - INFO - 
[AMAZON] Category 2/9
2026-01-09 15:55:04,758 - INFO - 
======================================================================
[AMAZON] Collecting Electronics
2026-01-09 15:55:04,758 - INFO - [AMAZON] Page 1/3...
2026-01-09 15:55:05,094 - ERROR - RapidAPI HTTP 429: b'{"message":"You have exceeded the MONTHLY quota for Requests on your current plan, BASIC. Upgrade your plan at https:\\/\\/rapidapi.com\\/letscrape-6bRBa3QguO5\\/api\\/real-time-amazon-data"}'
2026-01-09 15:55:05,095 - INFO - [AMAZON] Total: 0 products saved for Electronics
2026-01-09 15:55:08,095 - INFO - 
[AMAZON] Category 3/9
2026-01-09 15:55:08,095 - INFO - 
======================================================================
[AMAZON] Collecting Computers & Accessories
2026-01-09 15:55:08,095 - INFO - [AMAZON] Page 1/3...
2026-01-09 15:55:08,450 - ERROR - RapidAPI HTTP 429: b'{"message":"You have exceeded the MONTHLY quota for Requests on your current plan, BASIC. Upgrade your plan at https:\\/\\/rapidapi.com\\/letscrape-6bRBa3QguO5\\/api\\/real-time-amazon-data"}'
2026-01-09 15:55:08,450 - INFO - [AMAZON] Total: 0 products saved for Computers & Accessories
2026-01-09 15:55:11,451 - INFO - 
[AMAZON] Category 4/9
2026-01-09 15:55:11,451 - INFO - 
======================================================================
[AMAZON] Collecting Cell Phones
2026-01-09 15:55:11,451 - INFO - [AMAZON] Page 1/3...
2026-01-09 15:55:11,789 - ERROR - RapidAPI HTTP 429: b'{"message":"You have exceeded the MONTHLY quota for Requests on your current plan, BASIC. Upgrade your plan at https:\\/\\/rapidapi.com\\/letscrape-6bRBa3QguO5\\/api\\/real-time-amazon-data"}'
2026-01-09 15:55:11,789 - INFO - [AMAZON] Total: 0 products saved for Cell Phones
2026-01-09 15:55:14,790 - INFO - 
[AMAZON] Category 5/9
2026-01-09 15:55:14,790 - INFO - 
======================================================================
[AMAZON] Collecting Toys & Games
2026-01-09 15:55:14,790 - INFO - [AMAZON] Page 1/3...
2026-01-09 15:55:15,130 - ERROR - RapidAPI HTTP 429: b'{"message":"You have exceeded the MONTHLY quota for Requests on your current plan, BASIC. Upgrade your plan at https:\\/\\/rapidapi.com\\/letscrape-6bRBa3QguO5\\/api\\/real-time-amazon-data"}'
2026-01-09 15:55:15,131 - INFO - [AMAZON] Total: 0 products saved for Toys & Games
2026-01-09 15:55:18,131 - INFO - 
[AMAZON] Category 6/9
2026-01-09 15:55:18,131 - INFO - 
======================================================================
[AMAZON] Collecting Health & Personal Care
2026-01-09 15:55:18,131 - INFO - [AMAZON] Page 1/3...
2026-01-09 15:55:18,490 - ERROR - RapidAPI HTTP 429: b'{"message":"You have exceeded the MONTHLY quota for Requests on your current plan, BASIC. Upgrade your plan at https:\\/\\/rapidapi.com\\/letscrape-6bRBa3QguO5\\/api\\/real-time-amazon-data"}'
2026-01-09 15:55:18,491 - INFO - [AMAZON] Total: 0 products saved for Health & Personal Care
2026-01-09 15:55:21,491 - INFO - 
[AMAZON] Category 7/9
2026-01-09 15:55:21,491 - INFO - 
======================================================================
[AMAZON] Collecting Video Games
2026-01-09 15:55:21,491 - INFO - [AMAZON] Page 1/3...
2026-01-09 15:55:21,849 - ERROR - RapidAPI HTTP 429: b'{"message":"You have exceeded the MONTHLY quota for Requests on your current plan, BASIC. Upgrade your plan at https:\\/\\/rapidapi.com\\/letscrape-6bRBa3QguO5\\/api\\/real-time-amazon-data"}'
2026-01-09 15:55:21,849 - INFO - [AMAZON] Total: 0 products saved for Video Games
2026-01-09 15:55:24,849 - INFO - 
[AMAZON] Category 8/9
2026-01-09 15:55:24,849 - INFO - 
======================================================================
[AMAZON] Collecting Pet Supplies
2026-01-09 15:55:24,849 - INFO - [AMAZON] Page 1/3...
2026-01-09 15:55:25,229 - ERROR - RapidAPI HTTP 429: b'{"message":"You have exceeded the MONTHLY quota for Requests on your current plan, BASIC. Upgrade your plan at https:\\/\\/rapidapi.com\\/letscrape-6bRBa3QguO5\\/api\\/real-time-amazon-data"}'
2026-01-09 15:55:25,230 - INFO - [AMAZON] Total: 0 products saved for Pet Supplies
2026-01-09 15:55:28,230 - INFO - 
[AMAZON] Category 9/9
2026-01-09 15:55:28,230 - INFO - 
======================================================================
[AMAZON] Collecting Beauty
2026-01-09 15:55:28,230 - INFO - [AMAZON] Page 1/3...
2026-01-09 15:55:28,596 - ERROR - RapidAPI HTTP 429: b'{"message":"You have exceeded the MONTHLY quota for Requests on your current plan, BASIC. Upgrade your plan at https:\\/\\/rapidapi.com\\/letscrape-6bRBa3QguO5\\/api\\/real-time-amazon-data"}'
2026-01-09 15:55:28,597 - INFO - [AMAZON] Total: 0 products saved for Beauty
2026-01-09 15:55:28,597 - INFO - 
######################################################################
[FLIPKART] Starting Flipkart collection
######################################################################
2026-01-09 15:55:28,597 - INFO - 
[FLIPKART] Category 1/8
2026-01-09 15:55:28,597 - INFO - 
======================================================================
[FLIPKART] Collecting Mobiles
2026-01-09 15:55:28,597 - INFO - [FLIPKART] Page 1/3...
2026-01-09 15:55:33,354 - INFO - [DB] COMMITTED 40 Flipkart products
2026-01-09 15:55:33,355 - INFO - [DB] VERIFIED: 40 Flipkart records updated
2026-01-09 15:55:33,355 - INFO - [FLIPKART] Saved 40 products
2026-01-09 15:55:35,355 - INFO - [FLIPKART] Page 2/3...
2026-01-09 15:55:40,918 - INFO - [DB] COMMITTED 40 Flipkart products
2026-01-09 15:55:40,918 - INFO - [DB] VERIFIED: 60 Flipkart records updated
2026-01-09 15:55:40,918 - INFO - [FLIPKART] Saved 40 products
2026-01-09 15:55:42,918 - INFO - [FLIPKART] Page 3/3...
2026-01-09 15:55:47,184 - INFO - [DB] COMMITTED 40 Flipkart products
2026-01-09 15:55:47,184 - INFO - [DB] VERIFIED: 80 Flipkart records updated
2026-01-09 15:55:47,184 - INFO - [FLIPKART] Saved 40 products
2026-01-09 15:55:47,184 - INFO - [FLIPKART] Total: 120 products saved for Mobiles
2026-01-09 15:55:50,185 - INFO - 
[FLIPKART] Category 2/8
2026-01-09 15:55:50,185 - INFO - 
======================================================================
[FLIPKART] Collecting Electronics
2026-01-09 15:55:50,185 - INFO - [FLIPKART] Page 1/3...
2026-01-09 15:55:55,530 - INFO - [DB] COMMITTED 40 Flipkart products
2026-01-09 15:55:55,530 - INFO - [DB] VERIFIED: 120 Flipkart records updated
2026-01-09 15:55:55,530 - INFO - [FLIPKART] Saved 40 products
2026-01-09 15:55:57,531 - INFO - [FLIPKART] Page 2/3...
2026-01-09 15:56:02,402 - INFO - [DB] COMMITTED 40 Flipkart products
2026-01-09 15:56:02,403 - INFO - [DB] VERIFIED: 153 Flipkart records updated
2026-01-09 15:56:02,403 - INFO - [FLIPKART] Saved 40 products
2026-01-09 15:56:04,403 - INFO - [FLIPKART] Page 3/3...
2026-01-09 15:56:08,158 - INFO - [DB] COMMITTED 40 Flipkart products
2026-01-09 15:56:08,159 - INFO - [DB] VERIFIED: 186 Flipkart records updated
2026-01-09 15:56:08,159 - INFO - [FLIPKART] Saved 40 products
2026-01-09 15:56:08,159 - INFO - [FLIPKART] Total: 120 products saved for Electronics
2026-01-09 15:56:11,159 - INFO - 
[FLIPKART] Category 3/8
2026-01-09 15:56:11,159 - INFO - 
======================================================================
[FLIPKART] Collecting Clothing
2026-01-09 15:56:11,159 - INFO - [FLIPKART] Page 1/3...
2026-01-09 15:56:19,102 - INFO - [DB] COMMITTED 40 Flipkart products
2026-01-09 15:56:19,103 - INFO - [DB] VERIFIED: 226 Flipkart records updated
2026-01-09 15:56:19,103 - INFO - [FLIPKART] Saved 40 products
2026-01-09 15:56:21,103 - INFO - [FLIPKART] Page 2/3...
2026-01-09 15:56:28,498 - INFO - [DB] COMMITTED 40 Flipkart products
2026-01-09 15:56:28,499 - INFO - [DB] VERIFIED: 246 Flipkart records updated
2026-01-09 15:56:28,499 - INFO - [FLIPKART] Saved 40 products
2026-01-09 15:56:30,499 - INFO - [FLIPKART] Page 3/3...
2026-01-09 15:56:38,445 - INFO - [DB] COMMITTED 40 Flipkart products
2026-01-09 15:56:38,446 - INFO - [DB] VERIFIED: 233 Flipkart records updated
2026-01-09 15:56:38,446 - INFO - [FLIPKART] Saved 40 products
2026-01-09 15:56:38,446 - INFO - [FLIPKART] Total: 120 products saved for Clothing
2026-01-09 15:56:41,446 - INFO - 
[FLIPKART] Category 4/8
2026-01-09 15:56:41,446 - INFO - 
======================================================================
[FLIPKART] Collecting Home Decor
2026-01-09 15:56:41,446 - INFO - [FLIPKART] Page 1/3...
2026-01-09 15:56:46,323 - INFO - [DB] COMMITTED 40 Flipkart products
2026-01-09 15:56:46,323 - INFO - [DB] VERIFIED: 233 Flipkart records updated
2026-01-09 15:56:46,323 - INFO - [FLIPKART] Saved 40 products
2026-01-09 15:56:48,323 - INFO - [FLIPKART] Page 2/3...
2026-01-09 15:56:53,118 - INFO - [DB] COMMITTED 40 Flipkart products
2026-01-09 15:56:53,119 - INFO - [DB] VERIFIED: 220 Flipkart records updated
2026-01-09 15:56:53,119 - INFO - [FLIPKART] Saved 40 products
2026-01-09 15:56:55,119 - INFO - [FLIPKART] Page 3/3...
2026-01-09 15:56:57,376 - ERROR - RapidAPI HTTP 500: b'{"success":false,"message":"Failed to fetch data from Flipkart. Their servers might be experiencing issues.","code":500}'
2026-01-09 15:56:57,378 - WARNING - [FLIPKART] No response for page 3, stopping collection
2026-01-09 15:56:57,378 - INFO - [FLIPKART] Total: 80 products saved for Home Decor
2026-01-09 15:57:00,378 - INFO - 
[FLIPKART] Category 5/8
2026-01-09 15:57:00,378 - INFO - 
======================================================================
[FLIPKART] Collecting Home Appliances
2026-01-09 15:57:00,378 - INFO - [FLIPKART] Page 1/3...
2026-01-09 15:57:05,677 - INFO - [DB] COMMITTED 40 Flipkart products
2026-01-09 15:57:05,678 - INFO - [DB] VERIFIED: 187 Flipkart records updated
2026-01-09 15:57:05,678 - INFO - [FLIPKART] Saved 40 products
2026-01-09 15:57:07,678 - INFO - [FLIPKART] Page 2/3...
2026-01-09 15:57:12,673 - INFO - [DB] COMMITTED 40 Flipkart products
2026-01-09 15:57:12,673 - INFO - [DB] VERIFIED: 199 Flipkart records updated
2026-01-09 15:57:12,673 - INFO - [FLIPKART] Saved 40 products
2026-01-09 15:57:14,673 - INFO - [FLIPKART] Page 3/3...
2026-01-09 15:57:18,726 - INFO - [DB] COMMITTED 40 Flipkart products
2026-01-09 15:57:18,727 - INFO - [DB] VERIFIED: 220 Flipkart records updated
2026-01-09 15:57:18,727 - INFO - [FLIPKART] Saved 40 products
2026-01-09 15:57:18,727 - INFO - [FLIPKART] Total: 120 products saved for Home Appliances
2026-01-09 15:57:21,727 - INFO - 
[FLIPKART] Category 6/8
2026-01-09 15:57:21,727 - INFO - 
======================================================================
[FLIPKART] Collecting Food and Nutrition
2026-01-09 15:57:21,727 - INFO - [FLIPKART] Page 1/3...
2026-01-09 15:57:27,655 - INFO - [DB] COMMITTED 40 Flipkart products
2026-01-09 15:57:27,655 - INFO - [DB] VERIFIED: 233 Flipkart records updated
2026-01-09 15:57:27,655 - INFO - [FLIPKART] Saved 40 products
2026-01-09 15:57:29,656 - INFO - [FLIPKART] Page 2/3...
2026-01-09 15:57:34,903 - INFO - [DB] COMMITTED 40 Flipkart products
2026-01-09 15:57:34,904 - INFO - [DB] VERIFIED: 231 Flipkart records updated
2026-01-09 15:57:34,904 - INFO - [FLIPKART] Saved 40 products
2026-01-09 15:57:36,904 - INFO - [FLIPKART] Page 3/3...
2026-01-09 15:57:42,426 - INFO - [DB] COMMITTED 40 Flipkart products
2026-01-09 15:57:42,427 - INFO - [DB] VERIFIED: 233 Flipkart records updated
2026-01-09 15:57:42,427 - INFO - [FLIPKART] Saved 40 products
2026-01-09 15:57:42,427 - INFO - [FLIPKART] Total: 120 products saved for Food and Nutrition
2026-01-09 15:57:45,427 - INFO - 
[FLIPKART] Category 7/8
2026-01-09 15:57:45,427 - INFO - 
======================================================================
[FLIPKART] Collecting Toys and Games
2026-01-09 15:57:45,428 - INFO - [FLIPKART] Page 1/3...
2026-01-09 15:57:50,233 - INFO - [DB] COMMITTED 40 Flipkart products
2026-01-09 15:57:50,234 - INFO - [DB] VERIFIED: 233 Flipkart records updated
2026-01-09 15:57:50,234 - INFO - [FLIPKART] Saved 40 products
2026-01-09 15:57:52,234 - INFO - [FLIPKART] Page 2/3...
2026-01-09 15:57:56,351 - INFO - [DB] COMMITTED 40 Flipkart products
2026-01-09 15:57:56,351 - INFO - [DB] VERIFIED: 232 Flipkart records updated
2026-01-09 15:57:56,352 - INFO - [FLIPKART] Saved 40 products
2026-01-09 15:57:58,352 - INFO - [FLIPKART] Page 3/3...
2026-01-09 15:58:03,721 - INFO - [DB] COMMITTED 40 Flipkart products
2026-01-09 15:58:03,721 - INFO - [DB] VERIFIED: 252 Flipkart records updated
2026-01-09 15:58:03,721 - INFO - [FLIPKART] Saved 40 products
2026-01-09 15:58:03,721 - INFO - [FLIPKART] Total: 120 products saved for Toys and Games
2026-01-09 15:58:06,722 - INFO - 
[FLIPKART] Category 8/8
2026-01-09 15:58:06,722 - INFO - 
======================================================================
[FLIPKART] Collecting Health & Personal Care Appliances
2026-01-09 15:58:06,722 - INFO - [FLIPKART] Page 1/3...
2026-01-09 15:58:11,261 - INFO - [DB] COMMITTED 40 Flipkart products
2026-01-09 15:58:11,262 - INFO - [DB] VERIFIED: 259 Flipkart records updated
2026-01-09 15:58:11,262 - INFO - [FLIPKART] Saved 40 products
2026-01-09 15:58:13,262 - INFO - [FLIPKART] Page 2/3...
2026-01-09 15:58:17,202 - INFO - [DB] COMMITTED 40 Flipkart products
2026-01-09 15:58:17,203 - INFO - [DB] VERIFIED: 239 Flipkart records updated
2026-01-09 15:58:17,203 - INFO - [FLIPKART] Saved 40 products
2026-01-09 15:58:19,203 - INFO - [FLIPKART] Page 3/3...
2026-01-09 15:58:26,653 - INFO - [DB] COMMITTED 40 Flipkart products
2026-01-09 15:58:26,654 - INFO - [DB] VERIFIED: 220 Flipkart records updated
2026-01-09 15:58:26,654 - INFO - [FLIPKART] Saved 40 products
2026-01-09 15:58:26,654 - INFO - [FLIPKART] Total: 120 products saved for Health & Personal Care Appliances
2026-01-09 15:58:26,654 - INFO - [DB] Final commit completed
2026-01-09 15:58:26,654 - INFO - 
======================================================================
[FINAL STATISTICS]
======================================================================
2026-01-09 15:58:26,659 - INFO - 
[AMAZON STATS]
2026-01-09 15:58:26,659 - INFO -   Products: 1943
2026-01-09 15:58:26,659 - INFO -   Unique ASINs: 1751
2026-01-09 15:58:26,659 - INFO -   Categories: 10
2026-01-09 15:58:26,659 - INFO -   Avg Price: Rs 1901.55
2026-01-09 15:58:26,659 - INFO -   Avg Sales: 158,507,042
2026-01-09 15:58:26,659 - INFO -   Last Updated: 2026-01-07 10:26:48.370280+00:00
2026-01-09 15:58:26,664 - INFO - 
[FLIPKART STATS]
2026-01-09 15:58:26,664 - INFO -   Products: 2752
2026-01-09 15:58:26,664 - INFO -   Unique PIDs: 2752
2026-01-09 15:58:26,664 - INFO -   Categories: 8
2026-01-09 15:58:26,665 - INFO -   Avg Price: Rs 11840.03
2026-01-09 15:58:26,665 - INFO -   Avg Estimated Sales: 112,328
2026-01-09 15:58:26,665 - INFO -   Last Updated: 2026-01-09 10:28:17.203082+00:00
2026-01-09 15:58:26,665 - INFO - 
[COMPLETE] Amazon: 0 | Flipkart: 920 | Total: 920
2026-01-09 15:58:26,665 - INFO - [DB] Disconnected
2026-01-10 15:55:01,756 - INFO - [CONFIG] Loaded - Amazon: True, Flipkart: True
2026-01-10 15:55:01,756 - INFO - [INIT] Amazon API client initialized
2026-01-10 15:55:01,756 - INFO - [INIT] Flipkart API client initialized
2026-01-10 15:55:01,756 - INFO - [START] Multi-platform collection starting
2026-01-10 15:55:01,756 - INFO - [DB] Connecting (attempt 1/3)...
2026-01-10 15:55:01,765 - INFO - [DB] Connected successfully
2026-01-10 15:55:01,766 - INFO - [DB] Tables created successfully (rapidapi_amazon_products & rapidapi_flipkart_products)
2026-01-10 15:55:01,767 - INFO - 
######################################################################
[AMAZON] Starting Amazon collection
######################################################################
2026-01-10 15:55:01,767 - INFO - 
[AMAZON] Category 1/9
2026-01-10 15:55:01,767 - INFO - 
======================================================================
[AMAZON] Collecting Baby Products
2026-01-10 15:55:01,767 - INFO - [AMAZON] Page 1/3...
2026-01-10 15:55:02,173 - ERROR - RapidAPI HTTP 429: b'{"message":"You have exceeded the MONTHLY quota for Requests on your current plan, BASIC. Upgrade your plan at https:\\/\\/rapidapi.com\\/letscrape-6bRBa3QguO5\\/api\\/real-time-amazon-data"}'
2026-01-10 15:55:02,173 - INFO - [AMAZON] Total: 0 products saved for Baby Products
2026-01-10 15:55:05,174 - INFO - 
[AMAZON] Category 2/9
2026-01-10 15:55:05,174 - INFO - 
======================================================================
[AMAZON] Collecting Electronics
2026-01-10 15:55:05,174 - INFO - [AMAZON] Page 1/3...
2026-01-10 15:55:05,505 - ERROR - RapidAPI HTTP 429: b'{"message":"You have exceeded the MONTHLY quota for Requests on your current plan, BASIC. Upgrade your plan at https:\\/\\/rapidapi.com\\/letscrape-6bRBa3QguO5\\/api\\/real-time-amazon-data"}'
2026-01-10 15:55:05,506 - INFO - [AMAZON] Total: 0 products saved for Electronics
2026-01-10 15:55:08,506 - INFO - 
[AMAZON] Category 3/9
2026-01-10 15:55:08,506 - INFO - 
======================================================================
[AMAZON] Collecting Computers & Accessories
2026-01-10 15:55:08,506 - INFO - [AMAZON] Page 1/3...
2026-01-10 15:55:08,831 - ERROR - RapidAPI HTTP 429: b'{"message":"You have exceeded the MONTHLY quota for Requests on your current plan, BASIC. Upgrade your plan at https:\\/\\/rapidapi.com\\/letscrape-6bRBa3QguO5\\/api\\/real-time-amazon-data"}'
2026-01-10 15:55:08,832 - INFO - [AMAZON] Total: 0 products saved for Computers & Accessories
2026-01-10 15:55:11,832 - INFO - 
[AMAZON] Category 4/9
2026-01-10 15:55:11,832 - INFO - 
======================================================================
[AMAZON] Collecting Cell Phones
2026-01-10 15:55:11,832 - INFO - [AMAZON] Page 1/3...
2026-01-10 15:55:12,143 - ERROR - RapidAPI HTTP 429: b'{"message":"You have exceeded the MONTHLY quota for Requests on your current plan, BASIC. Upgrade your plan at https:\\/\\/rapidapi.com\\/letscrape-6bRBa3QguO5\\/api\\/real-time-amazon-data"}'
2026-01-10 15:55:12,144 - INFO - [AMAZON] Total: 0 products saved for Cell Phones
2026-01-10 15:55:15,144 - INFO - 
[AMAZON] Category 5/9
2026-01-10 15:55:15,144 - INFO - 
======================================================================
[AMAZON] Collecting Toys & Games
2026-01-10 15:55:15,144 - INFO - [AMAZON] Page 1/3...
2026-01-10 15:55:15,524 - ERROR - RapidAPI HTTP 429: b'{"message":"You have exceeded the MONTHLY quota for Requests on your current plan, BASIC. Upgrade your plan at https:\\/\\/rapidapi.com\\/letscrape-6bRBa3QguO5\\/api\\/real-time-amazon-data"}'
2026-01-10 15:55:15,525 - INFO - [AMAZON] Total: 0 products saved for Toys & Games
2026-01-10 15:55:18,525 - INFO - 
[AMAZON] Category 6/9
2026-01-10 15:55:18,525 - INFO - 
======================================================================
[AMAZON] Collecting Health & Personal Care
2026-01-10 15:55:18,525 - INFO - [AMAZON] Page 1/3...
2026-01-10 15:55:18,844 - ERROR - RapidAPI HTTP 429: b'{"message":"You have exceeded the MONTHLY quota for Requests on your current plan, BASIC. Upgrade your plan at https:\\/\\/rapidapi.com\\/letscrape-6bRBa3QguO5\\/api\\/real-time-amazon-data"}'
2026-01-10 15:55:18,844 - INFO - [AMAZON] Total: 0 products saved for Health & Personal Care
2026-01-10 15:55:21,844 - INFO - 
[AMAZON] Category 7/9
2026-01-10 15:55:21,845 - INFO - 
======================================================================
[AMAZON] Collecting Video Games
2026-01-10 15:55:21,845 - INFO - [AMAZON] Page 1/3...
2026-01-10 15:55:22,178 - ERROR - RapidAPI HTTP 429: b'{"message":"You have exceeded the MONTHLY quota for Requests on your current plan, BASIC. Upgrade your plan at https:\\/\\/rapidapi.com\\/letscrape-6bRBa3QguO5\\/api\\/real-time-amazon-data"}'
2026-01-10 15:55:22,179 - INFO - [AMAZON] Total: 0 products saved for Video Games
2026-01-10 15:55:25,179 - INFO - 
[AMAZON] Category 8/9
2026-01-10 15:55:25,179 - INFO - 
======================================================================
[AMAZON] Collecting Pet Supplies
2026-01-10 15:55:25,179 - INFO - [AMAZON] Page 1/3...
2026-01-10 15:55:25,505 - ERROR - RapidAPI HTTP 429: b'{"message":"You have exceeded the MONTHLY quota for Requests on your current plan, BASIC. Upgrade your plan at https:\\/\\/rapidapi.com\\/letscrape-6bRBa3QguO5\\/api\\/real-time-amazon-data"}'
2026-01-10 15:55:25,505 - INFO - [AMAZON] Total: 0 products saved for Pet Supplies
2026-01-10 15:55:28,506 - INFO - 
[AMAZON] Category 9/9
2026-01-10 15:55:28,506 - INFO - 
======================================================================
[AMAZON] Collecting Beauty
2026-01-10 15:55:28,506 - INFO - [AMAZON] Page 1/3...
2026-01-10 15:55:28,821 - ERROR - RapidAPI HTTP 429: b'{"message":"You have exceeded the MONTHLY quota for Requests on your current plan, BASIC. Upgrade your plan at https:\\/\\/rapidapi.com\\/letscrape-6bRBa3QguO5\\/api\\/real-time-amazon-data"}'
2026-01-10 15:55:28,821 - INFO - [AMAZON] Total: 0 products saved for Beauty
2026-01-10 15:55:28,821 - INFO - 
######################################################################
[FLIPKART] Starting Flipkart collection
######################################################################
2026-01-10 15:55:28,821 - INFO - 
[FLIPKART] Category 1/8
2026-01-10 15:55:28,821 - INFO - 
======================================================================
[FLIPKART] Collecting Mobiles
2026-01-10 15:55:28,821 - INFO - [FLIPKART] Page 1/3...
2026-01-10 15:55:44,248 - INFO - [DB] COMMITTED 40 Flipkart products
2026-01-10 15:55:44,249 - INFO - [DB] VERIFIED: 40 Flipkart records updated
2026-01-10 15:55:44,249 - INFO - [FLIPKART] Saved 40 products
2026-01-10 15:55:46,249 - INFO - [FLIPKART] Page 2/3...
2026-01-10 15:55:50,980 - INFO - [DB] COMMITTED 40 Flipkart products
2026-01-10 15:55:50,980 - INFO - [DB] VERIFIED: 60 Flipkart records updated
2026-01-10 15:55:50,981 - INFO - [FLIPKART] Saved 40 products
2026-01-10 15:55:52,981 - INFO - [FLIPKART] Page 3/3...
2026-01-10 15:55:59,061 - INFO - [DB] COMMITTED 40 Flipkart products
2026-01-10 15:55:59,061 - INFO - [DB] VERIFIED: 81 Flipkart records updated
2026-01-10 15:55:59,061 - INFO - [FLIPKART] Saved 40 products
2026-01-10 15:55:59,061 - INFO - [FLIPKART] Total: 120 products saved for Mobiles
2026-01-10 15:56:02,061 - INFO - 
[FLIPKART] Category 2/8
2026-01-10 15:56:02,061 - INFO - 
======================================================================
[FLIPKART] Collecting Electronics
2026-01-10 15:56:02,062 - INFO - [FLIPKART] Page 1/3...
2026-01-10 15:56:07,079 - INFO - [DB] COMMITTED 40 Flipkart products
2026-01-10 15:56:07,080 - INFO - [DB] VERIFIED: 121 Flipkart records updated
2026-01-10 15:56:07,080 - INFO - [FLIPKART] Saved 40 products
2026-01-10 15:56:09,080 - INFO - [FLIPKART] Page 2/3...
2026-01-10 15:56:12,556 - INFO - [DB] COMMITTED 40 Flipkart products
2026-01-10 15:56:12,557 - INFO - [DB] VERIFIED: 153 Flipkart records updated
2026-01-10 15:56:12,557 - INFO - [FLIPKART] Saved 40 products
2026-01-10 15:56:14,557 - INFO - [FLIPKART] Page 3/3...
2026-01-10 15:56:18,783 - INFO - [DB] COMMITTED 40 Flipkart products
2026-01-10 15:56:18,784 - INFO - [DB] VERIFIED: 185 Flipkart records updated
2026-01-10 15:56:18,784 - INFO - [FLIPKART] Saved 40 products
2026-01-10 15:56:18,784 - INFO - [FLIPKART] Total: 120 products saved for Electronics
2026-01-10 15:56:21,784 - INFO - 
[FLIPKART] Category 3/8
2026-01-10 15:56:21,784 - INFO - 
======================================================================
[FLIPKART] Collecting Clothing
2026-01-10 15:56:21,784 - INFO - [FLIPKART] Page 1/3...
2026-01-10 15:56:30,679 - INFO - [DB] COMMITTED 40 Flipkart products
2026-01-10 15:56:30,679 - INFO - [DB] VERIFIED: 225 Flipkart records updated
2026-01-10 15:56:30,679 - INFO - [FLIPKART] Saved 40 products
2026-01-10 15:56:32,679 - INFO - [FLIPKART] Page 2/3...
2026-01-10 15:56:39,121 - INFO - [DB] COMMITTED 40 Flipkart products
2026-01-10 15:56:39,121 - INFO - [DB] VERIFIED: 245 Flipkart records updated
2026-01-10 15:56:39,121 - INFO - [FLIPKART] Saved 40 products
2026-01-10 15:56:41,121 - INFO - [FLIPKART] Page 3/3...
2026-01-10 15:56:48,443 - INFO - [DB] COMMITTED 40 Flipkart products
2026-01-10 15:56:48,444 - INFO - [DB] VERIFIED: 224 Flipkart records updated
2026-01-10 15:56:48,444 - INFO - [FLIPKART] Saved 40 products
2026-01-10 15:56:48,444 - INFO - [FLIPKART] Total: 120 products saved for Clothing
2026-01-10 15:56:51,444 - INFO - 
[FLIPKART] Category 4/8
2026-01-10 15:56:51,444 - INFO - 
======================================================================
[FLIPKART] Collecting Home Decor
2026-01-10 15:56:51,444 - INFO - [FLIPKART] Page 1/3...
2026-01-10 15:56:57,690 - INFO - [DB] COMMITTED 40 Flipkart products
2026-01-10 15:56:57,690 - INFO - [DB] VERIFIED: 224 Flipkart records updated
2026-01-10 15:56:57,690 - INFO - [FLIPKART] Saved 40 products
2026-01-10 15:56:59,691 - INFO - [FLIPKART] Page 2/3...
2026-01-10 15:57:05,264 - INFO - [DB] COMMITTED 40 Flipkart products
2026-01-10 15:57:05,265 - INFO - [DB] VERIFIED: 212 Flipkart records updated
2026-01-10 15:57:05,265 - INFO - [FLIPKART] Saved 40 products
2026-01-10 15:57:07,265 - INFO - [FLIPKART] Page 3/3...
2026-01-10 15:57:11,424 - INFO - [DB] COMMITTED 40 Flipkart products
2026-01-10 15:57:11,425 - INFO - [DB] VERIFIED: 201 Flipkart records updated
2026-01-10 15:57:11,425 - INFO - [FLIPKART] Saved 40 products
2026-01-10 15:57:11,425 - INFO - [FLIPKART] Total: 120 products saved for Home Decor
2026-01-10 15:57:14,425 - INFO - 
[FLIPKART] Category 5/8
2026-01-10 15:57:14,425 - INFO - 
======================================================================
[FLIPKART] Collecting Home Appliances
2026-01-10 15:57:14,425 - INFO - [FLIPKART] Page 1/3...
2026-01-10 15:57:15,628 - ERROR - RapidAPI HTTP 500: b'{"success":false,"message":"Failed to fetch data from Flipkart. Their servers might be experiencing issues.","code":500}'
2026-01-10 15:57:15,628 - WARNING - [FLIPKART] No response for page 1, stopping collection
2026-01-10 15:57:15,628 - INFO - [FLIPKART] Total: 0 products saved for Home Appliances
2026-01-10 15:57:18,629 - INFO - 
[FLIPKART] Category 6/8
2026-01-10 15:57:18,629 - INFO - 
======================================================================
[FLIPKART] Collecting Food and Nutrition
2026-01-10 15:57:18,629 - INFO - [FLIPKART] Page 1/3...
2026-01-10 15:57:25,873 - INFO - [DB] COMMITTED 40 Flipkart products
2026-01-10 15:57:25,874 - INFO - [DB] VERIFIED: 182 Flipkart records updated
2026-01-10 15:57:25,874 - INFO - [FLIPKART] Saved 40 products
2026-01-10 15:57:27,874 - INFO - [FLIPKART] Page 2/3...
2026-01-10 15:57:43,680 - INFO - [DB] COMMITTED 40 Flipkart products
2026-01-10 15:57:43,681 - INFO - [DB] VERIFIED: 143 Flipkart records updated
2026-01-10 15:57:43,681 - INFO - [FLIPKART] Saved 40 products
2026-01-10 15:57:45,681 - INFO - [FLIPKART] Page 3/3...
2026-01-10 15:57:53,154 - INFO - [DB] COMMITTED 40 Flipkart products
2026-01-10 15:57:53,155 - INFO - [DB] VERIFIED: 142 Flipkart records updated
2026-01-10 15:57:53,155 - INFO - [FLIPKART] Saved 40 products
2026-01-10 15:57:53,155 - INFO - [FLIPKART] Total: 120 products saved for Food and Nutrition
2026-01-10 15:57:56,155 - INFO - 
[FLIPKART] Category 7/8
2026-01-10 15:57:56,155 - INFO - 
======================================================================
[FLIPKART] Collecting Toys and Games
2026-01-10 15:57:56,155 - INFO - [FLIPKART] Page 1/3...
2026-01-10 15:58:00,779 - INFO - [DB] COMMITTED 40 Flipkart products
2026-01-10 15:58:00,780 - INFO - [DB] VERIFIED: 161 Flipkart records updated
2026-01-10 15:58:00,780 - INFO - [FLIPKART] Saved 40 products
2026-01-10 15:58:02,780 - INFO - [FLIPKART] Page 2/3...
2026-01-10 15:58:07,609 - INFO - [DB] COMMITTED 40 Flipkart products
2026-01-10 15:58:07,609 - INFO - [DB] VERIFIED: 141 Flipkart records updated
2026-01-10 15:58:07,610 - INFO - [FLIPKART] Saved 40 products
2026-01-10 15:58:09,610 - INFO - [FLIPKART] Page 3/3...
2026-01-10 15:58:13,497 - INFO - [DB] COMMITTED 40 Flipkart products
2026-01-10 15:58:13,497 - INFO - [DB] VERIFIED: 140 Flipkart records updated
2026-01-10 15:58:13,497 - INFO - [FLIPKART] Saved 40 products
2026-01-10 15:58:13,497 - INFO - [FLIPKART] Total: 120 products saved for Toys and Games
2026-01-10 15:58:16,498 - INFO - 
[FLIPKART] Category 8/8
2026-01-10 15:58:16,498 - INFO - 
======================================================================
[FLIPKART] Collecting Health & Personal Care Appliances
2026-01-10 15:58:16,498 - INFO - [FLIPKART] Page 1/3...
2026-01-10 15:58:21,122 - INFO - [DB] COMMITTED 40 Flipkart products
2026-01-10 15:58:21,123 - INFO - [DB] VERIFIED: 180 Flipkart records updated
2026-01-10 15:58:21,123 - INFO - [FLIPKART] Saved 40 products
2026-01-10 15:58:23,123 - INFO - [FLIPKART] Page 2/3...
2026-01-10 15:58:27,307 - INFO - [DB] COMMITTED 40 Flipkart products
2026-01-10 15:58:27,308 - INFO - [DB] VERIFIED: 183 Flipkart records updated
2026-01-10 15:58:27,308 - INFO - [FLIPKART] Saved 40 products
2026-01-10 15:58:29,308 - INFO - [FLIPKART] Page 3/3...
2026-01-10 15:58:33,908 - INFO - [DB] COMMITTED 40 Flipkart products
2026-01-10 15:58:33,909 - INFO - [DB] VERIFIED: 203 Flipkart records updated
2026-01-10 15:58:33,909 - INFO - [FLIPKART] Saved 40 products
2026-01-10 15:58:33,909 - INFO - [FLIPKART] Total: 120 products saved for Health & Personal Care Appliances
2026-01-10 15:58:33,909 - INFO - [DB] Final commit completed
2026-01-10 15:58:33,909 - INFO - 
======================================================================
[FINAL STATISTICS]
======================================================================
2026-01-10 15:58:33,914 - INFO - 
[AMAZON STATS]
2026-01-10 15:58:33,914 - INFO -   Products: 1943
2026-01-10 15:58:33,914 - INFO -   Unique ASINs: 1751
2026-01-10 15:58:33,914 - INFO -   Categories: 10
2026-01-10 15:58:33,914 - INFO -   Avg Price: Rs 1901.55
2026-01-10 15:58:33,914 - INFO -   Avg Sales: 158,507,042
2026-01-10 15:58:33,914 - INFO -   Last Updated: 2026-01-07 10:26:48.370280+00:00
2026-01-10 15:58:33,920 - INFO - 
[FLIPKART STATS]
2026-01-10 15:58:33,920 - INFO -   Products: 2892
2026-01-10 15:58:33,920 - INFO -   Unique PIDs: 2892
2026-01-10 15:58:33,920 - INFO -   Categories: 8
2026-01-10 15:58:33,920 - INFO -   Avg Price: Rs 11463.13
2026-01-10 15:58:33,920 - INFO -   Avg Estimated Sales: 111,822
2026-01-10 15:58:33,920 - INFO -   Last Updated: 2026-01-10 10:28:27.307693+00:00
2026-01-10 15:58:33,920 - INFO - 
[COMPLETE] Amazon: 0 | Flipkart: 840 | Total: 840
2026-01-10 15:58:33,920 - INFO - [DB] Disconnected
2026-01-11 15:55:02,011 - INFO - [CONFIG] Loaded - Amazon: True, Flipkart: True
2026-01-11 15:55:02,011 - INFO - [INIT] Amazon API client initialized
2026-01-11 15:55:02,011 - INFO - [INIT] Flipkart API client initialized
2026-01-11 15:55:02,012 - INFO - [START] Multi-platform collection starting
2026-01-11 15:55:02,012 - INFO - [DB] Connecting (attempt 1/3)...
2026-01-11 15:55:02,020 - INFO - [DB] Connected successfully
2026-01-11 15:55:02,022 - INFO - [DB] Tables created successfully (rapidapi_amazon_products & rapidapi_flipkart_products)
2026-01-11 15:55:02,022 - INFO - 
######################################################################
[AMAZON] Starting Amazon collection
######################################################################
2026-01-11 15:55:02,022 - INFO - 
[AMAZON] Category 1/9
2026-01-11 15:55:02,022 - INFO - 
======================================================================
[AMAZON] Collecting Baby Products
2026-01-11 15:55:02,022 - INFO - [AMAZON] Page 1/3...
2026-01-11 15:55:02,421 - ERROR - RapidAPI HTTP 429: b'{"message":"You have exceeded the MONTHLY quota for Requests on your current plan, BASIC. Upgrade your plan at https:\\/\\/rapidapi.com\\/letscrape-6bRBa3QguO5\\/api\\/real-time-amazon-data"}'
2026-01-11 15:55:02,422 - INFO - [AMAZON] Total: 0 products saved for Baby Products
2026-01-11 15:55:05,422 - INFO - 
[AMAZON] Category 2/9
2026-01-11 15:55:05,422 - INFO - 
======================================================================
[AMAZON] Collecting Electronics
2026-01-11 15:55:05,422 - INFO - [AMAZON] Page 1/3...
2026-01-11 15:55:05,747 - ERROR - RapidAPI HTTP 429: b'{"message":"You have exceeded the MONTHLY quota for Requests on your current plan, BASIC. Upgrade your plan at https:\\/\\/rapidapi.com\\/letscrape-6bRBa3QguO5\\/api\\/real-time-amazon-data"}'
2026-01-11 15:55:05,747 - INFO - [AMAZON] Total: 0 products saved for Electronics
2026-01-11 15:55:08,747 - INFO - 
[AMAZON] Category 3/9
2026-01-11 15:55:08,748 - INFO - 
======================================================================
[AMAZON] Collecting Computers & Accessories
2026-01-11 15:55:08,748 - INFO - [AMAZON] Page 1/3...
2026-01-11 15:55:09,065 - ERROR - RapidAPI HTTP 429: b'{"message":"You have exceeded the MONTHLY quota for Requests on your current plan, BASIC. Upgrade your plan at https:\\/\\/rapidapi.com\\/letscrape-6bRBa3QguO5\\/api\\/real-time-amazon-data"}'
2026-01-11 15:55:09,065 - INFO - [AMAZON] Total: 0 products saved for Computers & Accessories
2026-01-11 15:55:12,066 - INFO - 
[AMAZON] Category 4/9
2026-01-11 15:55:12,066 - INFO - 
======================================================================
[AMAZON] Collecting Cell Phones
2026-01-11 15:55:12,066 - INFO - [AMAZON] Page 1/3...
2026-01-11 15:55:12,385 - ERROR - RapidAPI HTTP 429: b'{"message":"You have exceeded the MONTHLY quota for Requests on your current plan, BASIC. Upgrade your plan at https:\\/\\/rapidapi.com\\/letscrape-6bRBa3QguO5\\/api\\/real-time-amazon-data"}'
2026-01-11 15:55:12,386 - INFO - [AMAZON] Total: 0 products saved for Cell Phones
2026-01-11 15:55:15,386 - INFO - 
[AMAZON] Category 5/9
2026-01-11 15:55:15,386 - INFO - 
======================================================================
[AMAZON] Collecting Toys & Games
2026-01-11 15:55:15,386 - INFO - [AMAZON] Page 1/3...
2026-01-11 15:55:15,703 - ERROR - RapidAPI HTTP 429: b'{"message":"You have exceeded the MONTHLY quota for Requests on your current plan, BASIC. Upgrade your plan at https:\\/\\/rapidapi.com\\/letscrape-6bRBa3QguO5\\/api\\/real-time-amazon-data"}'
2026-01-11 15:55:15,703 - INFO - [AMAZON] Total: 0 products saved for Toys & Games
2026-01-11 15:55:18,703 - INFO - 
[AMAZON] Category 6/9
2026-01-11 15:55:18,703 - INFO - 
======================================================================
[AMAZON] Collecting Health & Personal Care
2026-01-11 15:55:18,703 - INFO - [AMAZON] Page 1/3...
2026-01-11 15:55:19,019 - ERROR - RapidAPI HTTP 429: b'{"message":"You have exceeded the MONTHLY quota for Requests on your current plan, BASIC. Upgrade your plan at https:\\/\\/rapidapi.com\\/letscrape-6bRBa3QguO5\\/api\\/real-time-amazon-data"}'
2026-01-11 15:55:19,019 - INFO - [AMAZON] Total: 0 products saved for Health & Personal Care
2026-01-11 15:55:22,019 - INFO - 
[AMAZON] Category 7/9
2026-01-11 15:55:22,019 - INFO - 
======================================================================
[AMAZON] Collecting Video Games
2026-01-11 15:55:22,020 - INFO - [AMAZON] Page 1/3...
2026-01-11 15:55:22,339 - ERROR - RapidAPI HTTP 429: b'{"message":"You have exceeded the MONTHLY quota for Requests on your current plan, BASIC. Upgrade your plan at https:\\/\\/rapidapi.com\\/letscrape-6bRBa3QguO5\\/api\\/real-time-amazon-data"}'
2026-01-11 15:55:22,340 - INFO - [AMAZON] Total: 0 products saved for Video Games
2026-01-11 15:55:25,340 - INFO - 
[AMAZON] Category 8/9
2026-01-11 15:55:25,340 - INFO - 
======================================================================
[AMAZON] Collecting Pet Supplies
2026-01-11 15:55:25,340 - INFO - [AMAZON] Page 1/3...
2026-01-11 15:55:25,656 - ERROR - RapidAPI HTTP 429: b'{"message":"You have exceeded the MONTHLY quota for Requests on your current plan, BASIC. Upgrade your plan at https:\\/\\/rapidapi.com\\/letscrape-6bRBa3QguO5\\/api\\/real-time-amazon-data"}'
2026-01-11 15:55:25,656 - INFO - [AMAZON] Total: 0 products saved for Pet Supplies
2026-01-11 15:55:28,656 - INFO - 
[AMAZON] Category 9/9
2026-01-11 15:55:28,656 - INFO - 
======================================================================
[AMAZON] Collecting Beauty
2026-01-11 15:55:28,657 - INFO - [AMAZON] Page 1/3...
2026-01-11 15:55:28,974 - ERROR - RapidAPI HTTP 429: b'{"message":"You have exceeded the MONTHLY quota for Requests on your current plan, BASIC. Upgrade your plan at https:\\/\\/rapidapi.com\\/letscrape-6bRBa3QguO5\\/api\\/real-time-amazon-data"}'
2026-01-11 15:55:28,974 - INFO - [AMAZON] Total: 0 products saved for Beauty
2026-01-11 15:55:28,975 - INFO - 
######################################################################
[FLIPKART] Starting Flipkart collection
######################################################################
2026-01-11 15:55:28,975 - INFO - 
[FLIPKART] Category 1/8
2026-01-11 15:55:28,975 - INFO - 
======================================================================
[FLIPKART] Collecting Mobiles
2026-01-11 15:55:28,975 - INFO - [FLIPKART] Page 1/3...
2026-01-11 15:55:34,947 - INFO - [DB] COMMITTED 40 Flipkart products
2026-01-11 15:55:34,948 - INFO - [DB] VERIFIED: 40 Flipkart records updated
2026-01-11 15:55:34,948 - INFO - [FLIPKART] Saved 40 products
2026-01-11 15:55:36,948 - INFO - [FLIPKART] Page 2/3...
2026-01-11 15:55:56,769 - INFO - [DB] COMMITTED 40 Flipkart products
2026-01-11 15:55:56,770 - INFO - [DB] VERIFIED: 62 Flipkart records updated
2026-01-11 15:55:56,770 - INFO - [FLIPKART] Saved 40 products
2026-01-11 15:55:58,770 - INFO - [FLIPKART] Page 3/3...
2026-01-11 15:56:03,484 - INFO - [DB] COMMITTED 40 Flipkart products
2026-01-11 15:56:03,485 - INFO - [DB] VERIFIED: 82 Flipkart records updated
2026-01-11 15:56:03,485 - INFO - [FLIPKART] Saved 40 products
2026-01-11 15:56:03,485 - INFO - [FLIPKART] Total: 120 products saved for Mobiles
2026-01-11 15:56:06,485 - INFO - 
[FLIPKART] Category 2/8
2026-01-11 15:56:06,485 - INFO - 
======================================================================
[FLIPKART] Collecting Electronics
2026-01-11 15:56:06,485 - INFO - [FLIPKART] Page 1/3...
2026-01-11 15:56:10,114 - INFO - [DB] COMMITTED 40 Flipkart products
2026-01-11 15:56:10,115 - INFO - [DB] VERIFIED: 122 Flipkart records updated
2026-01-11 15:56:10,115 - INFO - [FLIPKART] Saved 40 products
2026-01-11 15:56:12,115 - INFO - [FLIPKART] Page 2/3...
2026-01-11 15:56:16,482 - INFO - [DB] COMMITTED 40 Flipkart products
2026-01-11 15:56:16,483 - INFO - [DB] VERIFIED: 142 Flipkart records updated
2026-01-11 15:56:16,483 - INFO - [FLIPKART] Saved 40 products
2026-01-11 15:56:18,483 - INFO - [FLIPKART] Page 3/3...
2026-01-11 15:56:22,594 - INFO - [DB] COMMITTED 40 Flipkart products
2026-01-11 15:56:22,595 - INFO - [DB] VERIFIED: 162 Flipkart records updated
2026-01-11 15:56:22,595 - INFO - [FLIPKART] Saved 40 products
2026-01-11 15:56:22,595 - INFO - [FLIPKART] Total: 120 products saved for Electronics
2026-01-11 15:56:25,595 - INFO - 
[FLIPKART] Category 3/8
2026-01-11 15:56:25,595 - INFO - 
======================================================================
[FLIPKART] Collecting Clothing
2026-01-11 15:56:25,596 - INFO - [FLIPKART] Page 1/3...
2026-01-11 15:56:32,132 - INFO - [DB] COMMITTED 40 Flipkart products
2026-01-11 15:56:32,132 - INFO - [DB] VERIFIED: 202 Flipkart records updated
2026-01-11 15:56:32,132 - INFO - [FLIPKART] Saved 40 products
2026-01-11 15:56:34,132 - INFO - [FLIPKART] Page 2/3...
2026-01-11 15:56:40,601 - INFO - [DB] COMMITTED 40 Flipkart products
2026-01-11 15:56:40,601 - INFO - [DB] VERIFIED: 181 Flipkart records updated
2026-01-11 15:56:40,601 - INFO - [FLIPKART] Saved 40 products
2026-01-11 15:56:42,602 - INFO - [FLIPKART] Page 3/3...
2026-01-11 15:56:48,536 - INFO - [DB] COMMITTED 40 Flipkart products
2026-01-11 15:56:48,536 - INFO - [DB] VERIFIED: 201 Flipkart records updated
2026-01-11 15:56:48,536 - INFO - [FLIPKART] Saved 40 products
2026-01-11 15:56:48,536 - INFO - [FLIPKART] Total: 120 products saved for Clothing
2026-01-11 15:56:51,536 - INFO - 
[FLIPKART] Category 4/8
2026-01-11 15:56:51,537 - INFO - 
======================================================================
[FLIPKART] Collecting Home Decor
2026-01-11 15:56:51,537 - INFO - [FLIPKART] Page 1/3...
2026-01-11 15:56:57,691 - INFO - [DB] COMMITTED 40 Flipkart products
2026-01-11 15:56:57,692 - INFO - [DB] VERIFIED: 201 Flipkart records updated
2026-01-11 15:56:57,692 - INFO - [FLIPKART] Saved 40 products
2026-01-11 15:56:59,692 - INFO - [FLIPKART] Page 2/3...
2026-01-11 15:57:00,865 - ERROR - RapidAPI HTTP 500: b'{"success":false,"message":"Failed to fetch data from Flipkart. Their servers might be experiencing issues.","code":500}'
2026-01-11 15:57:00,865 - WARNING - [FLIPKART] No response for page 2, stopping collection
2026-01-11 15:57:00,866 - INFO - [FLIPKART] Total: 40 products saved for Home Decor
2026-01-11 15:57:03,866 - INFO - 
[FLIPKART] Category 5/8
2026-01-11 15:57:03,866 - INFO - 
======================================================================
[FLIPKART] Collecting Home Appliances
2026-01-11 15:57:03,866 - INFO - [FLIPKART] Page 1/3...
2026-01-11 15:57:08,691 - INFO - [DB] COMMITTED 40 Flipkart products
2026-01-11 15:57:08,691 - INFO - [DB] VERIFIED: 221 Flipkart records updated
2026-01-11 15:57:08,691 - INFO - [FLIPKART] Saved 40 products
2026-01-11 15:57:10,692 - INFO - [FLIPKART] Page 2/3...
2026-01-11 15:57:16,208 - INFO - [DB] COMMITTED 40 Flipkart products
2026-01-11 15:57:16,208 - INFO - [DB] VERIFIED: 220 Flipkart records updated
2026-01-11 15:57:16,208 - INFO - [FLIPKART] Saved 40 products
2026-01-11 15:57:18,208 - INFO - [FLIPKART] Page 3/3...
2026-01-11 15:57:24,938 - INFO - [DB] COMMITTED 40 Flipkart products
2026-01-11 15:57:24,938 - INFO - [DB] VERIFIED: 179 Flipkart records updated
2026-01-11 15:57:24,938 - INFO - [FLIPKART] Saved 40 products
2026-01-11 15:57:24,938 - INFO - [FLIPKART] Total: 120 products saved for Home Appliances
2026-01-11 15:57:27,939 - INFO - 
[FLIPKART] Category 6/8
2026-01-11 15:57:27,939 - INFO - 
======================================================================
[FLIPKART] Collecting Food and Nutrition
2026-01-11 15:57:27,939 - INFO - [FLIPKART] Page 1/3...
2026-01-11 15:57:33,481 - INFO - [DB] COMMITTED 40 Flipkart products
2026-01-11 15:57:33,482 - INFO - [DB] VERIFIED: 198 Flipkart records updated
2026-01-11 15:57:33,482 - INFO - [FLIPKART] Saved 40 products
2026-01-11 15:57:35,482 - INFO - [FLIPKART] Page 2/3...
2026-01-11 15:57:41,697 - INFO - [DB] COMMITTED 40 Flipkart products
2026-01-11 15:57:41,698 - INFO - [DB] VERIFIED: 183 Flipkart records updated
2026-01-11 15:57:41,698 - INFO - [FLIPKART] Saved 40 products
2026-01-11 15:57:43,698 - INFO - [FLIPKART] Page 3/3...
2026-01-11 15:57:49,852 - INFO - [DB] COMMITTED 40 Flipkart products
2026-01-11 15:57:49,853 - INFO - [DB] VERIFIED: 163 Flipkart records updated
2026-01-11 15:57:49,853 - INFO - [FLIPKART] Saved 40 products
2026-01-11 15:57:49,853 - INFO - [FLIPKART] Total: 120 products saved for Food and Nutrition
2026-01-11 15:57:52,853 - INFO - 
[FLIPKART] Category 7/8
2026-01-11 15:57:52,853 - INFO - 
======================================================================
[FLIPKART] Collecting Toys and Games
2026-01-11 15:57:52,853 - INFO - [FLIPKART] Page 1/3...
2026-01-11 15:57:57,063 - INFO - [DB] COMMITTED 40 Flipkart products
2026-01-11 15:57:57,063 - INFO - [DB] VERIFIED: 203 Flipkart records updated
2026-01-11 15:57:57,064 - INFO - [FLIPKART] Saved 40 products
2026-01-11 15:57:59,064 - INFO - [FLIPKART] Page 2/3...
2026-01-11 15:58:04,263 - INFO - [DB] COMMITTED 40 Flipkart products
2026-01-11 15:58:04,263 - INFO - [DB] VERIFIED: 208 Flipkart records updated
2026-01-11 15:58:04,263 - INFO - [FLIPKART] Saved 40 products
2026-01-11 15:58:06,264 - INFO - [FLIPKART] Page 3/3...
2026-01-11 15:58:10,379 - INFO - [DB] COMMITTED 40 Flipkart products
2026-01-11 15:58:10,380 - INFO - [DB] VERIFIED: 209 Flipkart records updated
2026-01-11 15:58:10,380 - INFO - [FLIPKART] Saved 40 products
2026-01-11 15:58:10,380 - INFO - [FLIPKART] Total: 120 products saved for Toys and Games
2026-01-11 15:58:13,380 - INFO - 
[FLIPKART] Category 8/8
2026-01-11 15:58:13,380 - INFO - 
======================================================================
[FLIPKART] Collecting Health & Personal Care Appliances
2026-01-11 15:58:13,380 - INFO - [FLIPKART] Page 1/3...
2026-01-11 15:58:14,688 - ERROR - RapidAPI HTTP 500: b'{"success":false,"message":"Failed to fetch data from Flipkart. Their servers might be experiencing issues.","code":500}'
2026-01-11 15:58:14,688 - WARNING - [FLIPKART] No response for page 1, stopping collection
2026-01-11 15:58:14,688 - INFO - [FLIPKART] Total: 0 products saved for Health & Personal Care Appliances
2026-01-11 15:58:14,689 - INFO - [DB] Final commit completed
2026-01-11 15:58:14,689 - INFO - 
======================================================================
[FINAL STATISTICS]
======================================================================
2026-01-11 15:58:14,694 - INFO - 
[AMAZON STATS]
2026-01-11 15:58:14,694 - INFO -   Products: 1943
2026-01-11 15:58:14,694 - INFO -   Unique ASINs: 1751
2026-01-11 15:58:14,694 - INFO -   Categories: 10
2026-01-11 15:58:14,694 - INFO -   Avg Price: Rs 1901.55
2026-01-11 15:58:14,694 - INFO -   Avg Sales: 158,507,042
2026-01-11 15:58:14,694 - INFO -   Last Updated: 2026-01-07 10:26:48.370280+00:00
2026-01-11 15:58:14,700 - INFO - 
[FLIPKART STATS]
2026-01-11 15:58:14,700 - INFO -   Products: 3012
2026-01-11 15:58:14,700 - INFO -   Unique PIDs: 3012
2026-01-11 15:58:14,700 - INFO -   Categories: 8
2026-01-11 15:58:14,700 - INFO -   Avg Price: Rs 11109.03
2026-01-11 15:58:14,700 - INFO -   Avg Estimated Sales: 110,472
2026-01-11 15:58:14,700 - INFO -   Last Updated: 2026-01-11 10:28:04.263308+00:00
2026-01-11 15:58:14,700 - INFO - 
[COMPLETE] Amazon: 0 | Flipkart: 760 | Total: 760
2026-01-11 15:58:14,701 - INFO - [DB] Disconnected
2026-01-12 15:55:01,097 - INFO - [CONFIG] Loaded - Amazon: True, Flipkart: True
2026-01-12 15:55:01,097 - INFO - [INIT] Amazon API client initialized
2026-01-12 15:55:01,097 - INFO - [INIT] Flipkart API client initialized
2026-01-12 15:55:01,097 - INFO - [START] Multi-platform collection starting
2026-01-12 15:55:01,098 - INFO - [DB] Connecting (attempt 1/3)...
2026-01-12 15:55:01,120 - INFO - [DB] Connected successfully
2026-01-12 15:55:01,122 - INFO - [DB] Tables created successfully (rapidapi_amazon_products & rapidapi_flipkart_products)
2026-01-12 15:55:01,122 - INFO - 
######################################################################
[AMAZON] Starting Amazon collection
######################################################################
2026-01-12 15:55:01,122 - INFO - 
[AMAZON] Category 1/9
2026-01-12 15:55:01,122 - INFO - 
======================================================================
[AMAZON] Collecting Baby Products
2026-01-12 15:55:01,122 - INFO - [AMAZON] Page 1/3...
2026-01-12 15:55:01,630 - ERROR - RapidAPI HTTP 429: b'{"message":"You have exceeded the MONTHLY quota for Requests on your current plan, BASIC. Upgrade your plan at https:\\/\\/rapidapi.com\\/letscrape-6bRBa3QguO5\\/api\\/real-time-amazon-data"}'
2026-01-12 15:55:01,631 - INFO - [AMAZON] Total: 0 products saved for Baby Products
2026-01-12 15:55:04,631 - INFO - 
[AMAZON] Category 2/9
2026-01-12 15:55:04,631 - INFO - 
======================================================================
[AMAZON] Collecting Electronics
2026-01-12 15:55:04,632 - INFO - [AMAZON] Page 1/3...
2026-01-12 15:55:04,994 - ERROR - RapidAPI HTTP 429: b'{"message":"You have exceeded the MONTHLY quota for Requests on your current plan, BASIC. Upgrade your plan at https:\\/\\/rapidapi.com\\/letscrape-6bRBa3QguO5\\/api\\/real-time-amazon-data"}'
2026-01-12 15:55:04,994 - INFO - [AMAZON] Total: 0 products saved for Electronics
2026-01-12 15:55:07,995 - INFO - 
[AMAZON] Category 3/9
2026-01-12 15:55:07,995 - INFO - 
======================================================================
[AMAZON] Collecting Computers & Accessories
2026-01-12 15:55:07,995 - INFO - [AMAZON] Page 1/3...
2026-01-12 15:55:08,314 - ERROR - RapidAPI HTTP 429: b'{"message":"You have exceeded the MONTHLY quota for Requests on your current plan, BASIC. Upgrade your plan at https:\\/\\/rapidapi.com\\/letscrape-6bRBa3QguO5\\/api\\/real-time-amazon-data"}'
2026-01-12 15:55:08,315 - INFO - [AMAZON] Total: 0 products saved for Computers & Accessories
2026-01-12 15:55:11,315 - INFO - 
[AMAZON] Category 4/9
2026-01-12 15:55:11,316 - INFO - 
======================================================================
[AMAZON] Collecting Cell Phones
2026-01-12 15:55:11,316 - INFO - [AMAZON] Page 1/3...
2026-01-12 15:55:11,620 - ERROR - RapidAPI HTTP 429: b'{"message":"You have exceeded the MONTHLY quota for Requests on your current plan, BASIC. Upgrade your plan at https:\\/\\/rapidapi.com\\/letscrape-6bRBa3QguO5\\/api\\/real-time-amazon-data"}'
2026-01-12 15:55:11,621 - INFO - [AMAZON] Total: 0 products saved for Cell Phones
2026-01-12 15:55:14,621 - INFO - 
[AMAZON] Category 5/9
2026-01-12 15:55:14,621 - INFO - 
======================================================================
[AMAZON] Collecting Toys & Games
2026-01-12 15:55:14,622 - INFO - [AMAZON] Page 1/3...
2026-01-12 15:55:14,934 - ERROR - RapidAPI HTTP 429: b'{"message":"You have exceeded the MONTHLY quota for Requests on your current plan, BASIC. Upgrade your plan at https:\\/\\/rapidapi.com\\/letscrape-6bRBa3QguO5\\/api\\/real-time-amazon-data"}'
2026-01-12 15:55:14,936 - INFO - [AMAZON] Total: 0 products saved for Toys & Games
2026-01-12 15:55:17,937 - INFO - 
[AMAZON] Category 6/9
2026-01-12 15:55:17,937 - INFO - 
======================================================================
[AMAZON] Collecting Health & Personal Care
2026-01-12 15:55:17,937 - INFO - [AMAZON] Page 1/3...
2026-01-12 15:55:18,298 - ERROR - RapidAPI HTTP 429: b'{"message":"You have exceeded the MONTHLY quota for Requests on your current plan, BASIC. Upgrade your plan at https:\\/\\/rapidapi.com\\/letscrape-6bRBa3QguO5\\/api\\/real-time-amazon-data"}'
2026-01-12 15:55:18,299 - INFO - [AMAZON] Total: 0 products saved for Health & Personal Care
2026-01-12 15:55:21,299 - INFO - 
[AMAZON] Category 7/9
2026-01-12 15:55:21,299 - INFO - 
======================================================================
[AMAZON] Collecting Video Games
2026-01-12 15:55:21,299 - INFO - [AMAZON] Page 1/3...
2026-01-12 15:55:21,772 - ERROR - RapidAPI HTTP 429: b'{"message":"You have exceeded the MONTHLY quota for Requests on your current plan, BASIC. Upgrade your plan at https:\\/\\/rapidapi.com\\/letscrape-6bRBa3QguO5\\/api\\/real-time-amazon-data"}'
2026-01-12 15:55:21,773 - INFO - [AMAZON] Total: 0 products saved for Video Games
2026-01-12 15:55:24,773 - INFO - 
[AMAZON] Category 8/9
2026-01-12 15:55:24,773 - INFO - 
======================================================================
[AMAZON] Collecting Pet Supplies
2026-01-12 15:55:24,773 - INFO - [AMAZON] Page 1/3...
2026-01-12 15:55:25,152 - ERROR - RapidAPI HTTP 429: b'{"message":"You have exceeded the MONTHLY quota for Requests on your current plan, BASIC. Upgrade your plan at https:\\/\\/rapidapi.com\\/letscrape-6bRBa3QguO5\\/api\\/real-time-amazon-data"}'
2026-01-12 15:55:25,153 - INFO - [AMAZON] Total: 0 products saved for Pet Supplies
2026-01-12 15:55:28,153 - INFO - 
[AMAZON] Category 9/9
2026-01-12 15:55:28,153 - INFO - 
======================================================================
[AMAZON] Collecting Beauty
2026-01-12 15:55:28,153 - INFO - [AMAZON] Page 1/3...
2026-01-12 15:55:28,457 - ERROR - RapidAPI HTTP 429: b'{"message":"You have exceeded the MONTHLY quota for Requests on your current plan, BASIC. Upgrade your plan at https:\\/\\/rapidapi.com\\/letscrape-6bRBa3QguO5\\/api\\/real-time-amazon-data"}'
2026-01-12 15:55:28,457 - INFO - [AMAZON] Total: 0 products saved for Beauty
2026-01-12 15:55:28,458 - INFO - 
######################################################################
[FLIPKART] Starting Flipkart collection
######################################################################
2026-01-12 15:55:28,458 - INFO - 
[FLIPKART] Category 1/8
2026-01-12 15:55:28,458 - INFO - 
======================================================================
[FLIPKART] Collecting Mobiles
2026-01-12 15:55:28,458 - INFO - [FLIPKART] Page 1/3...
2026-01-12 15:55:37,215 - INFO - [DB] COMMITTED 40 Flipkart products
2026-01-12 15:55:37,216 - INFO - [DB] VERIFIED: 40 Flipkart records updated
2026-01-12 15:55:37,216 - INFO - [FLIPKART] Saved 40 products
2026-01-12 15:55:39,216 - INFO - [FLIPKART] Page 2/3...
2026-01-12 15:55:46,193 - INFO - [DB] COMMITTED 40 Flipkart products
2026-01-12 15:55:46,193 - INFO - [DB] VERIFIED: 60 Flipkart records updated
2026-01-12 15:55:46,193 - INFO - [FLIPKART] Saved 40 products
2026-01-12 15:55:48,193 - INFO - [FLIPKART] Page 3/3...
2026-01-12 15:55:52,153 - INFO - [DB] COMMITTED 40 Flipkart products
2026-01-12 15:55:52,154 - INFO - [DB] VERIFIED: 80 Flipkart records updated
2026-01-12 15:55:52,154 - INFO - [FLIPKART] Saved 40 products
2026-01-12 15:55:52,154 - INFO - [FLIPKART] Total: 120 products saved for Mobiles
2026-01-12 15:55:55,154 - INFO - 
[FLIPKART] Category 2/8
2026-01-12 15:55:55,154 - INFO - 
======================================================================
[FLIPKART] Collecting Electronics
2026-01-12 15:55:55,154 - INFO - [FLIPKART] Page 1/3...
2026-01-12 15:56:13,310 - INFO - [DB] COMMITTED 40 Flipkart products
2026-01-12 15:56:13,311 - INFO - [DB] VERIFIED: 120 Flipkart records updated
2026-01-12 15:56:13,311 - INFO - [FLIPKART] Saved 40 products
2026-01-12 15:56:15,311 - INFO - [FLIPKART] Page 2/3...
2026-01-12 15:56:18,903 - INFO - [DB] COMMITTED 40 Flipkart products
2026-01-12 15:56:18,904 - INFO - [DB] VERIFIED: 140 Flipkart records updated
2026-01-12 15:56:18,904 - INFO - [FLIPKART] Saved 40 products
2026-01-12 15:56:20,904 - INFO - [FLIPKART] Page 3/3...
2026-01-12 15:56:25,222 - INFO - [DB] COMMITTED 40 Flipkart products
2026-01-12 15:56:25,223 - INFO - [DB] VERIFIED: 160 Flipkart records updated
2026-01-12 15:56:25,223 - INFO - [FLIPKART] Saved 40 products
2026-01-12 15:56:25,223 - INFO - [FLIPKART] Total: 120 products saved for Electronics
2026-01-12 15:56:28,223 - INFO - 
[FLIPKART] Category 3/8
2026-01-12 15:56:28,223 - INFO - 
======================================================================
[FLIPKART] Collecting Clothing
2026-01-12 15:56:28,223 - INFO - [FLIPKART] Page 1/3...
2026-01-12 15:56:35,792 - INFO - [DB] COMMITTED 40 Flipkart products
2026-01-12 15:56:35,792 - INFO - [DB] VERIFIED: 200 Flipkart records updated
2026-01-12 15:56:35,792 - INFO - [FLIPKART] Saved 40 products
2026-01-12 15:56:37,792 - INFO - [FLIPKART] Page 2/3...
2026-01-12 15:56:39,320 - ERROR - RapidAPI HTTP 500: b'{"success":false,"message":"Failed to fetch data from Flipkart. Their servers might be experiencing issues.","code":500}'
2026-01-12 15:56:39,320 - WARNING - [FLIPKART] No response for page 2, stopping collection
2026-01-12 15:56:39,321 - INFO - [FLIPKART] Total: 40 products saved for Clothing
2026-01-12 15:56:42,321 - INFO - 
[FLIPKART] Category 4/8
2026-01-12 15:56:42,321 - INFO - 
======================================================================
[FLIPKART] Collecting Home Decor
2026-01-12 15:56:42,321 - INFO - [FLIPKART] Page 1/3...
2026-01-12 15:56:50,178 - INFO - [DB] COMMITTED 40 Flipkart products
2026-01-12 15:56:50,179 - INFO - [DB] VERIFIED: 160 Flipkart records updated
2026-01-12 15:56:50,179 - INFO - [FLIPKART] Saved 40 products
2026-01-12 15:56:52,179 - INFO - [FLIPKART] Page 2/3...
2026-01-12 15:57:05,634 - INFO - [DB] COMMITTED 40 Flipkart products
2026-01-12 15:57:05,635 - INFO - [DB] VERIFIED: 161 Flipkart records updated
2026-01-12 15:57:05,635 - INFO - [FLIPKART] Saved 40 products
2026-01-12 15:57:07,635 - INFO - [FLIPKART] Page 3/3...
2026-01-12 15:57:13,591 - INFO - [DB] COMMITTED 40 Flipkart products
2026-01-12 15:57:13,591 - INFO - [DB] VERIFIED: 161 Flipkart records updated
2026-01-12 15:57:13,592 - INFO - [FLIPKART] Saved 40 products
2026-01-12 15:57:13,592 - INFO - [FLIPKART] Total: 120 products saved for Home Decor
2026-01-12 15:57:16,592 - INFO - 
[FLIPKART] Category 5/8
2026-01-12 15:57:16,592 - INFO - 
======================================================================
[FLIPKART] Collecting Home Appliances
2026-01-12 15:57:16,592 - INFO - [FLIPKART] Page 1/3...
2026-01-12 15:57:20,898 - INFO - [DB] COMMITTED 40 Flipkart products
2026-01-12 15:57:20,899 - INFO - [DB] VERIFIED: 161 Flipkart records updated
2026-01-12 15:57:20,899 - INFO - [FLIPKART] Saved 40 products
2026-01-12 15:57:22,899 - INFO - [FLIPKART] Page 2/3...
2026-01-12 15:57:29,073 - INFO - [DB] COMMITTED 40 Flipkart products
2026-01-12 15:57:29,074 - INFO - [DB] VERIFIED: 141 Flipkart records updated
2026-01-12 15:57:29,074 - INFO - [FLIPKART] Saved 40 products
2026-01-12 15:57:31,074 - INFO - [FLIPKART] Page 3/3...
2026-01-12 15:57:39,728 - INFO - [DB] COMMITTED 40 Flipkart products
2026-01-12 15:57:39,729 - INFO - [DB] VERIFIED: 140 Flipkart records updated
2026-01-12 15:57:39,729 - INFO - [FLIPKART] Saved 40 products
2026-01-12 15:57:39,729 - INFO - [FLIPKART] Total: 120 products saved for Home Appliances
2026-01-12 15:57:42,729 - INFO - 
[FLIPKART] Category 6/8
2026-01-12 15:57:42,729 - INFO - 
======================================================================
[FLIPKART] Collecting Food and Nutrition
2026-01-12 15:57:42,729 - INFO - [FLIPKART] Page 1/3...
2026-01-12 15:57:43,249 - ERROR - RapidAPI HTTP 429: b'{"message":"You have exceeded the MONTHLY quota for Requests on your current plan, BASIC. Upgrade your plan at https:\\/\\/rapidapi.com\\/ayushsomanime\\/api\\/real-time-flipkart-data2"}'
2026-01-12 15:57:43,250 - WARNING - [FLIPKART] No response for page 1, stopping collection
2026-01-12 15:57:43,250 - INFO - [FLIPKART] Total: 0 products saved for Food and Nutrition
2026-01-12 15:57:46,250 - INFO - 
[FLIPKART] Category 7/8
2026-01-12 15:57:46,250 - INFO - 
======================================================================
[FLIPKART] Collecting Toys and Games
2026-01-12 15:57:46,250 - INFO - [FLIPKART] Page 1/3...
2026-01-12 15:57:46,629 - ERROR - RapidAPI HTTP 429: b'{"message":"You have exceeded the MONTHLY quota for Requests on your current plan, BASIC. Upgrade your plan at https:\\/\\/rapidapi.com\\/ayushsomanime\\/api\\/real-time-flipkart-data2"}'
2026-01-12 15:57:46,630 - WARNING - [FLIPKART] No response for page 1, stopping collection
2026-01-12 15:57:46,630 - INFO - [FLIPKART] Total: 0 products saved for Toys and Games
2026-01-12 15:57:49,631 - INFO - 
[FLIPKART] Category 8/8
2026-01-12 15:57:49,631 - INFO - 
======================================================================
[FLIPKART] Collecting Health & Personal Care Appliances
2026-01-12 15:57:49,631 - INFO - [FLIPKART] Page 1/3...
2026-01-12 15:57:49,937 - ERROR - RapidAPI HTTP 429: b'{"message":"You have exceeded the MONTHLY quota for Requests on your current plan, BASIC. Upgrade your plan at https:\\/\\/rapidapi.com\\/ayushsomanime\\/api\\/real-time-flipkart-data2"}'
2026-01-12 15:57:49,938 - WARNING - [FLIPKART] No response for page 1, stopping collection
2026-01-12 15:57:49,938 - INFO - [FLIPKART] Total: 0 products saved for Health & Personal Care Appliances
2026-01-12 15:57:49,939 - INFO - [DB] Final commit completed
2026-01-12 15:57:49,939 - INFO - 
======================================================================
[FINAL STATISTICS]
======================================================================
2026-01-12 15:57:49,944 - INFO - 
[AMAZON STATS]
2026-01-12 15:57:49,944 - INFO -   Products: 1943
2026-01-12 15:57:49,944 - INFO -   Unique ASINs: 1751
2026-01-12 15:57:49,944 - INFO -   Categories: 10
2026-01-12 15:57:49,944 - INFO -   Avg Price: Rs 1901.55
2026-01-12 15:57:49,944 - INFO -   Avg Sales: 158,507,042
2026-01-12 15:57:49,944 - INFO -   Last Updated: 2026-01-07 10:26:48.370280+00:00
2026-01-12 15:57:49,951 - INFO - 
[FLIPKART STATS]
2026-01-12 15:57:49,951 - INFO -   Products: 3056
2026-01-12 15:57:49,951 - INFO -   Unique PIDs: 3056
2026-01-12 15:57:49,951 - INFO -   Categories: 8
2026-01-12 15:57:49,951 - INFO -   Avg Price: Rs 11023.06
2026-01-12 15:57:49,951 - INFO -   Avg Estimated Sales: 110,088
2026-01-12 15:57:49,951 - INFO -   Last Updated: 2026-01-12 10:27:29.073858+00:00
2026-01-12 15:57:49,951 - INFO - 
[COMPLETE] Amazon: 0 | Flipkart: 520 | Total: 520
2026-01-12 15:57:49,951 - INFO - [DB] Disconnected
2026-01-13 15:55:02,057 - INFO - [CONFIG] Loaded - Amazon: True, Flipkart: True
2026-01-13 15:55:02,058 - INFO - [INIT] Amazon API client initialized
2026-01-13 15:55:02,058 - INFO - [INIT] Flipkart API client initialized
2026-01-13 15:55:02,058 - INFO - [START] Multi-platform collection starting
2026-01-13 15:55:02,058 - INFO - [DB] Connecting (attempt 1/3)...
2026-01-13 15:55:02,067 - INFO - [DB] Connected successfully
2026-01-13 15:55:02,069 - INFO - [DB] Tables created successfully (rapidapi_amazon_products & rapidapi_flipkart_products)
2026-01-13 15:55:02,069 - INFO - 
######################################################################
[AMAZON] Starting Amazon collection
######################################################################
2026-01-13 15:55:02,069 - INFO - 
[AMAZON] Category 1/9
2026-01-13 15:55:02,069 - INFO - 
======================================================================
[AMAZON] Collecting Baby Products
2026-01-13 15:55:02,069 - INFO - [AMAZON] Page 1/3...
2026-01-13 15:55:02,454 - ERROR - RapidAPI HTTP 429: b'{"message":"You have exceeded the MONTHLY quota for Requests on your current plan, BASIC. Upgrade your plan at https:\\/\\/rapidapi.com\\/letscrape-6bRBa3QguO5\\/api\\/real-time-amazon-data"}'
2026-01-13 15:55:02,455 - INFO - [AMAZON] Total: 0 products saved for Baby Products
2026-01-13 15:55:05,455 - INFO - 
[AMAZON] Category 2/9
2026-01-13 15:55:05,455 - INFO - 
======================================================================
[AMAZON] Collecting Electronics
2026-01-13 15:55:05,455 - INFO - [AMAZON] Page 1/3...
2026-01-13 15:55:05,783 - ERROR - RapidAPI HTTP 429: b'{"message":"You have exceeded the MONTHLY quota for Requests on your current plan, BASIC. Upgrade your plan at https:\\/\\/rapidapi.com\\/letscrape-6bRBa3QguO5\\/api\\/real-time-amazon-data"}'
2026-01-13 15:55:05,784 - INFO - [AMAZON] Total: 0 products saved for Electronics
2026-01-13 15:55:08,784 - INFO - 
[AMAZON] Category 3/9
2026-01-13 15:55:08,784 - INFO - 
======================================================================
[AMAZON] Collecting Computers & Accessories
2026-01-13 15:55:08,784 - INFO - [AMAZON] Page 1/3...
2026-01-13 15:55:09,146 - ERROR - RapidAPI HTTP 429: b'{"message":"You have exceeded the MONTHLY quota for Requests on your current plan, BASIC. Upgrade your plan at https:\\/\\/rapidapi.com\\/letscrape-6bRBa3QguO5\\/api\\/real-time-amazon-data"}'
2026-01-13 15:55:09,146 - INFO - [AMAZON] Total: 0 products saved for Computers & Accessories
2026-01-13 15:55:12,147 - INFO - 
[AMAZON] Category 4/9
2026-01-13 15:55:12,147 - INFO - 
======================================================================
[AMAZON] Collecting Cell Phones
2026-01-13 15:55:12,147 - INFO - [AMAZON] Page 1/3...
2026-01-13 15:55:12,476 - ERROR - RapidAPI HTTP 429: b'{"message":"You have exceeded the MONTHLY quota for Requests on your current plan, BASIC. Upgrade your plan at https:\\/\\/rapidapi.com\\/letscrape-6bRBa3QguO5\\/api\\/real-time-amazon-data"}'
2026-01-13 15:55:12,476 - INFO - [AMAZON] Total: 0 products saved for Cell Phones
2026-01-13 15:55:15,477 - INFO - 
[AMAZON] Category 5/9
2026-01-13 15:55:15,477 - INFO - 
======================================================================
[AMAZON] Collecting Toys & Games
2026-01-13 15:55:15,477 - INFO - [AMAZON] Page 1/3...
2026-01-13 15:55:15,796 - ERROR - RapidAPI HTTP 429: b'{"message":"You have exceeded the MONTHLY quota for Requests on your current plan, BASIC. Upgrade your plan at https:\\/\\/rapidapi.com\\/letscrape-6bRBa3QguO5\\/api\\/real-time-amazon-data"}'
2026-01-13 15:55:15,797 - INFO - [AMAZON] Total: 0 products saved for Toys & Games
2026-01-13 15:55:18,797 - INFO - 
[AMAZON] Category 6/9
2026-01-13 15:55:18,797 - INFO - 
======================================================================
[AMAZON] Collecting Health & Personal Care
2026-01-13 15:55:18,797 - INFO - [AMAZON] Page 1/3...
2026-01-13 15:55:19,145 - ERROR - RapidAPI HTTP 429: b'{"message":"You have exceeded the MONTHLY quota for Requests on your current plan, BASIC. Upgrade your plan at https:\\/\\/rapidapi.com\\/letscrape-6bRBa3QguO5\\/api\\/real-time-amazon-data"}'
2026-01-13 15:55:19,146 - INFO - [AMAZON] Total: 0 products saved for Health & Personal Care
2026-01-13 15:55:22,146 - INFO - 
[AMAZON] Category 7/9
2026-01-13 15:55:22,146 - INFO - 
======================================================================
[AMAZON] Collecting Video Games
2026-01-13 15:55:22,146 - INFO - [AMAZON] Page 1/3...
2026-01-13 15:55:22,473 - ERROR - RapidAPI HTTP 429: b'{"message":"You have exceeded the MONTHLY quota for Requests on your current plan, BASIC. Upgrade your plan at https:\\/\\/rapidapi.com\\/letscrape-6bRBa3QguO5\\/api\\/real-time-amazon-data"}'
2026-01-13 15:55:22,474 - INFO - [AMAZON] Total: 0 products saved for Video Games
2026-01-13 15:55:25,474 - INFO - 
[AMAZON] Category 8/9
2026-01-13 15:55:25,474 - INFO - 
======================================================================
[AMAZON] Collecting Pet Supplies
2026-01-13 15:55:25,474 - INFO - [AMAZON] Page 1/3...
2026-01-13 15:55:25,790 - ERROR - RapidAPI HTTP 429: b'{"message":"You have exceeded the MONTHLY quota for Requests on your current plan, BASIC. Upgrade your plan at https:\\/\\/rapidapi.com\\/letscrape-6bRBa3QguO5\\/api\\/real-time-amazon-data"}'
2026-01-13 15:55:25,790 - INFO - [AMAZON] Total: 0 products saved for Pet Supplies
2026-01-13 15:55:28,791 - INFO - 
[AMAZON] Category 9/9
2026-01-13 15:55:28,791 - INFO - 
======================================================================
[AMAZON] Collecting Beauty
2026-01-13 15:55:28,791 - INFO - [AMAZON] Page 1/3...
2026-01-13 15:55:29,146 - ERROR - RapidAPI HTTP 429: b'{"message":"You have exceeded the MONTHLY quota for Requests on your current plan, BASIC. Upgrade your plan at https:\\/\\/rapidapi.com\\/letscrape-6bRBa3QguO5\\/api\\/real-time-amazon-data"}'
2026-01-13 15:55:29,146 - INFO - [AMAZON] Total: 0 products saved for Beauty
2026-01-13 15:55:29,146 - INFO - 
######################################################################
[FLIPKART] Starting Flipkart collection
######################################################################
2026-01-13 15:55:29,146 - INFO - 
[FLIPKART] Category 1/8
2026-01-13 15:55:29,146 - INFO - 
======================================================================
[FLIPKART] Collecting Mobiles
2026-01-13 15:55:29,146 - INFO - [FLIPKART] Page 1/3...
2026-01-13 15:55:30,422 - ERROR - RapidAPI HTTP 429: b'{"message":"You have exceeded the MONTHLY quota for Requests on your current plan, BASIC. Upgrade your plan at https:\\/\\/rapidapi.com\\/ayushsomanime\\/api\\/real-time-flipkart-data2"}'
2026-01-13 15:55:30,423 - WARNING - [FLIPKART] No response for page 1, stopping collection
2026-01-13 15:55:30,423 - INFO - [FLIPKART] Total: 0 products saved for Mobiles
2026-01-13 15:55:33,423 - INFO - 
[FLIPKART] Category 2/8
2026-01-13 15:55:33,424 - INFO - 
======================================================================
[FLIPKART] Collecting Electronics
2026-01-13 15:55:33,424 - INFO - [FLIPKART] Page 1/3...
2026-01-13 15:55:33,750 - ERROR - RapidAPI HTTP 429: b'{"message":"You have exceeded the MONTHLY quota for Requests on your current plan, BASIC. Upgrade your plan at https:\\/\\/rapidapi.com\\/ayushsomanime\\/api\\/real-time-flipkart-data2"}'
2026-01-13 15:55:33,750 - WARNING - [FLIPKART] No response for page 1, stopping collection
2026-01-13 15:55:33,751 - INFO - [FLIPKART] Total: 0 products saved for Electronics
2026-01-13 15:55:36,751 - INFO - 
[FLIPKART] Category 3/8
2026-01-13 15:55:36,751 - INFO - 
======================================================================
[FLIPKART] Collecting Clothing
2026-01-13 15:55:36,751 - INFO - [FLIPKART] Page 1/3...
2026-01-13 15:55:37,057 - ERROR - RapidAPI HTTP 429: b'{"message":"You have exceeded the MONTHLY quota for Requests on your current plan, BASIC. Upgrade your plan at https:\\/\\/rapidapi.com\\/ayushsomanime\\/api\\/real-time-flipkart-data2"}'
2026-01-13 15:55:37,058 - WARNING - [FLIPKART] No response for page 1, stopping collection
2026-01-13 15:55:37,058 - INFO - [FLIPKART] Total: 0 products saved for Clothing
2026-01-13 15:55:40,058 - INFO - 
[FLIPKART] Category 4/8
2026-01-13 15:55:40,058 - INFO - 
======================================================================
[FLIPKART] Collecting Home Decor
2026-01-13 15:55:40,058 - INFO - [FLIPKART] Page 1/3...
2026-01-13 15:55:40,371 - ERROR - RapidAPI HTTP 429: b'{"message":"You have exceeded the MONTHLY quota for Requests on your current plan, BASIC. Upgrade your plan at https:\\/\\/rapidapi.com\\/ayushsomanime\\/api\\/real-time-flipkart-data2"}'
2026-01-13 15:55:40,372 - WARNING - [FLIPKART] No response for page 1, stopping collection
2026-01-13 15:55:40,372 - INFO - [FLIPKART] Total: 0 products saved for Home Decor
2026-01-13 15:55:43,372 - INFO - 
[FLIPKART] Category 5/8
2026-01-13 15:55:43,372 - INFO - 
======================================================================
[FLIPKART] Collecting Home Appliances
2026-01-13 15:55:43,372 - INFO - [FLIPKART] Page 1/3...
2026-01-13 15:55:43,689 - ERROR - RapidAPI HTTP 429: b'{"message":"You have exceeded the MONTHLY quota for Requests on your current plan, BASIC. Upgrade your plan at https:\\/\\/rapidapi.com\\/ayushsomanime\\/api\\/real-time-flipkart-data2"}'
2026-01-13 15:55:43,689 - WARNING - [FLIPKART] No response for page 1, stopping collection
2026-01-13 15:55:43,689 - INFO - [FLIPKART] Total: 0 products saved for Home Appliances
2026-01-13 15:55:46,689 - INFO - 
[FLIPKART] Category 6/8
2026-01-13 15:55:46,690 - INFO - 
======================================================================
[FLIPKART] Collecting Food and Nutrition
2026-01-13 15:55:46,690 - INFO - [FLIPKART] Page 1/3...
2026-01-13 15:55:47,007 - ERROR - RapidAPI HTTP 429: b'{"message":"You have exceeded the MONTHLY quota for Requests on your current plan, BASIC. Upgrade your plan at https:\\/\\/rapidapi.com\\/ayushsomanime\\/api\\/real-time-flipkart-data2"}'
2026-01-13 15:55:47,007 - WARNING - [FLIPKART] No response for page 1, stopping collection
2026-01-13 15:55:47,007 - INFO - [FLIPKART] Total: 0 products saved for Food and Nutrition
2026-01-13 15:55:50,008 - INFO - 
[FLIPKART] Category 7/8
2026-01-13 15:55:50,008 - INFO - 
======================================================================
[FLIPKART] Collecting Toys and Games
2026-01-13 15:55:50,008 - INFO - [FLIPKART] Page 1/3...
2026-01-13 15:55:50,326 - ERROR - RapidAPI HTTP 429: b'{"message":"You have exceeded the MONTHLY quota for Requests on your current plan, BASIC. Upgrade your plan at https:\\/\\/rapidapi.com\\/ayushsomanime\\/api\\/real-time-flipkart-data2"}'
2026-01-13 15:55:50,326 - WARNING - [FLIPKART] No response for page 1, stopping collection
2026-01-13 15:55:50,326 - INFO - [FLIPKART] Total: 0 products saved for Toys and Games
2026-01-13 15:55:53,326 - INFO - 
[FLIPKART] Category 8/8
2026-01-13 15:55:53,327 - INFO - 
======================================================================
[FLIPKART] Collecting Health & Personal Care Appliances
2026-01-13 15:55:53,327 - INFO - [FLIPKART] Page 1/3...
2026-01-13 15:55:53,645 - ERROR - RapidAPI HTTP 429: b'{"message":"You have exceeded the MONTHLY quota for Requests on your current plan, BASIC. Upgrade your plan at https:\\/\\/rapidapi.com\\/ayushsomanime\\/api\\/real-time-flipkart-data2"}'
2026-01-13 15:55:53,645 - WARNING - [FLIPKART] No response for page 1, stopping collection
2026-01-13 15:55:53,646 - INFO - [FLIPKART] Total: 0 products saved for Health & Personal Care Appliances
2026-01-13 15:55:53,646 - INFO - [DB] Final commit completed
2026-01-13 15:55:53,646 - INFO - 
======================================================================
[FINAL STATISTICS]
======================================================================
2026-01-13 15:55:53,651 - INFO - 
[AMAZON STATS]
2026-01-13 15:55:53,651 - INFO -   Products: 1943
2026-01-13 15:55:53,651 - INFO -   Unique ASINs: 1751
2026-01-13 15:55:53,651 - INFO -   Categories: 10
2026-01-13 15:55:53,651 - INFO -   Avg Price: Rs 1901.55
2026-01-13 15:55:53,651 - INFO -   Avg Sales: 158,507,042
2026-01-13 15:55:53,651 - INFO -   Last Updated: 2026-01-07 10:26:48.370280+00:00
2026-01-13 15:55:53,658 - INFO - 
[FLIPKART STATS]
2026-01-13 15:55:53,658 - INFO -   Products: 3056
2026-01-13 15:55:53,658 - INFO -   Unique PIDs: 3056
2026-01-13 15:55:53,658 - INFO -   Categories: 8
2026-01-13 15:55:53,658 - INFO -   Avg Price: Rs 11023.06
2026-01-13 15:55:53,658 - INFO -   Avg Estimated Sales: 110,088
2026-01-13 15:55:53,659 - INFO -   Last Updated: 2026-01-12 10:27:29.073858+00:00
2026-01-13 15:55:53,659 - INFO - 
[COMPLETE] Amazon: 0 | Flipkart: 0 | Total: 0
2026-01-13 15:55:53,659 - INFO - [DB] Disconnected
2026-01-14 15:55:01,752 - INFO - [CONFIG] Loaded - Amazon: True, Flipkart: True
2026-01-14 15:55:01,752 - INFO - [INIT] Amazon API client initialized
2026-01-14 15:55:01,752 - INFO - [INIT] Flipkart API client initialized
2026-01-14 15:55:01,752 - INFO - [START] Multi-platform collection starting
2026-01-14 15:55:01,752 - INFO - [DB] Connecting (attempt 1/3)...
2026-01-14 15:55:01,761 - INFO - [DB] Connected successfully
2026-01-14 15:55:01,762 - INFO - [DB] Tables created successfully (rapidapi_amazon_products & rapidapi_flipkart_products)
2026-01-14 15:55:01,762 - INFO - 
######################################################################
[AMAZON] Starting Amazon collection
######################################################################
2026-01-14 15:55:01,762 - INFO - 
[AMAZON] Category 1/9
2026-01-14 15:55:01,762 - INFO - 
======================================================================
[AMAZON] Collecting Baby Products
2026-01-14 15:55:01,762 - INFO - [AMAZON] Page 1/3...
2026-01-14 15:55:02,232 - ERROR - RapidAPI HTTP 429: b'{"message":"You have exceeded the MONTHLY quota for Requests on your current plan, BASIC. Upgrade your plan at https:\\/\\/rapidapi.com\\/letscrape-6bRBa3QguO5\\/api\\/real-time-amazon-data"}'
2026-01-14 15:55:02,233 - INFO - [AMAZON] Total: 0 products saved for Baby Products
2026-01-14 15:55:05,233 - INFO - 
[AMAZON] Category 2/9
2026-01-14 15:55:05,233 - INFO - 
======================================================================
[AMAZON] Collecting Electronics
2026-01-14 15:55:05,233 - INFO - [AMAZON] Page 1/3...
2026-01-14 15:55:05,618 - ERROR - RapidAPI HTTP 429: b'{"message":"You have exceeded the MONTHLY quota for Requests on your current plan, BASIC. Upgrade your plan at https:\\/\\/rapidapi.com\\/letscrape-6bRBa3QguO5\\/api\\/real-time-amazon-data"}'
2026-01-14 15:55:05,619 - INFO - [AMAZON] Total: 0 products saved for Electronics
2026-01-14 15:55:08,619 - INFO - 
[AMAZON] Category 3/9
2026-01-14 15:55:08,619 - INFO - 
======================================================================
[AMAZON] Collecting Computers & Accessories
2026-01-14 15:55:08,619 - INFO - [AMAZON] Page 1/3...
2026-01-14 15:55:08,961 - ERROR - RapidAPI HTTP 429: b'{"message":"You have exceeded the MONTHLY quota for Requests on your current plan, BASIC. Upgrade your plan at https:\\/\\/rapidapi.com\\/letscrape-6bRBa3QguO5\\/api\\/real-time-amazon-data"}'
2026-01-14 15:55:08,962 - INFO - [AMAZON] Total: 0 products saved for Computers & Accessories
2026-01-14 15:55:11,962 - INFO - 
[AMAZON] Category 4/9
2026-01-14 15:55:11,962 - INFO - 
======================================================================
[AMAZON] Collecting Cell Phones
2026-01-14 15:55:11,962 - INFO - [AMAZON] Page 1/3...
2026-01-14 15:55:12,414 - ERROR - RapidAPI HTTP 429: b'{"message":"You have exceeded the MONTHLY quota for Requests on your current plan, BASIC. Upgrade your plan at https:\\/\\/rapidapi.com\\/letscrape-6bRBa3QguO5\\/api\\/real-time-amazon-data"}'
2026-01-14 15:55:12,415 - INFO - [AMAZON] Total: 0 products saved for Cell Phones
2026-01-14 15:55:15,415 - INFO - 
[AMAZON] Category 5/9
2026-01-14 15:55:15,415 - INFO - 
======================================================================
[AMAZON] Collecting Toys & Games
2026-01-14 15:55:15,415 - INFO - [AMAZON] Page 1/3...
2026-01-14 15:55:15,853 - ERROR - RapidAPI HTTP 429: b'{"message":"You have exceeded the MONTHLY quota for Requests on your current plan, BASIC. Upgrade your plan at https:\\/\\/rapidapi.com\\/letscrape-6bRBa3QguO5\\/api\\/real-time-amazon-data"}'
2026-01-14 15:55:15,854 - INFO - [AMAZON] Total: 0 products saved for Toys & Games
2026-01-14 15:55:18,854 - INFO - 
[AMAZON] Category 6/9
2026-01-14 15:55:18,854 - INFO - 
======================================================================
[AMAZON] Collecting Health & Personal Care
2026-01-14 15:55:18,854 - INFO - [AMAZON] Page 1/3...
2026-01-14 15:55:19,218 - ERROR - RapidAPI HTTP 429: b'{"message":"You have exceeded the MONTHLY quota for Requests on your current plan, BASIC. Upgrade your plan at https:\\/\\/rapidapi.com\\/letscrape-6bRBa3QguO5\\/api\\/real-time-amazon-data"}'
2026-01-14 15:55:19,218 - INFO - [AMAZON] Total: 0 products saved for Health & Personal Care
2026-01-14 15:55:22,218 - INFO - 
[AMAZON] Category 7/9
2026-01-14 15:55:22,218 - INFO - 
======================================================================
[AMAZON] Collecting Video Games
2026-01-14 15:55:22,219 - INFO - [AMAZON] Page 1/3...
2026-01-14 15:55:22,569 - ERROR - RapidAPI HTTP 429: b'{"message":"You have exceeded the MONTHLY quota for Requests on your current plan, BASIC. Upgrade your plan at https:\\/\\/rapidapi.com\\/letscrape-6bRBa3QguO5\\/api\\/real-time-amazon-data"}'
2026-01-14 15:55:22,569 - INFO - [AMAZON] Total: 0 products saved for Video Games
2026-01-14 15:55:25,570 - INFO - 
[AMAZON] Category 8/9
2026-01-14 15:55:25,570 - INFO - 
======================================================================
[AMAZON] Collecting Pet Supplies
2026-01-14 15:55:25,570 - INFO - [AMAZON] Page 1/3...
2026-01-14 15:55:25,923 - ERROR - RapidAPI HTTP 429: b'{"message":"You have exceeded the MONTHLY quota for Requests on your current plan, BASIC. Upgrade your plan at https:\\/\\/rapidapi.com\\/letscrape-6bRBa3QguO5\\/api\\/real-time-amazon-data"}'
2026-01-14 15:55:25,924 - INFO - [AMAZON] Total: 0 products saved for Pet Supplies
2026-01-14 15:55:28,924 - INFO - 
[AMAZON] Category 9/9
2026-01-14 15:55:28,924 - INFO - 
======================================================================
[AMAZON] Collecting Beauty
2026-01-14 15:55:28,924 - INFO - [AMAZON] Page 1/3...
2026-01-14 15:55:29,361 - ERROR - RapidAPI HTTP 429: b'{"message":"You have exceeded the MONTHLY quota for Requests on your current plan, BASIC. Upgrade your plan at https:\\/\\/rapidapi.com\\/letscrape-6bRBa3QguO5\\/api\\/real-time-amazon-data"}'
2026-01-14 15:55:29,362 - INFO - [AMAZON] Total: 0 products saved for Beauty
2026-01-14 15:55:29,362 - INFO - 
######################################################################
[FLIPKART] Starting Flipkart collection
######################################################################
2026-01-14 15:55:29,362 - INFO - 
[FLIPKART] Category 1/8
2026-01-14 15:55:29,362 - INFO - 
======================================================================
[FLIPKART] Collecting Mobiles
2026-01-14 15:55:29,362 - INFO - [FLIPKART] Page 1/3...
2026-01-14 15:55:29,793 - ERROR - RapidAPI HTTP 429: b'{"message":"You have exceeded the MONTHLY quota for Requests on your current plan, BASIC. Upgrade your plan at https:\\/\\/rapidapi.com\\/ayushsomanime\\/api\\/real-time-flipkart-data2"}'
2026-01-14 15:55:29,793 - WARNING - [FLIPKART] No response for page 1, stopping collection
2026-01-14 15:55:29,793 - INFO - [FLIPKART] Total: 0 products saved for Mobiles
2026-01-14 15:55:32,793 - INFO - 
[FLIPKART] Category 2/8
2026-01-14 15:55:32,793 - INFO - 
======================================================================
[FLIPKART] Collecting Electronics
2026-01-14 15:55:32,794 - INFO - [FLIPKART] Page 1/3...
2026-01-14 15:55:33,136 - ERROR - RapidAPI HTTP 429: b'{"message":"You have exceeded the MONTHLY quota for Requests on your current plan, BASIC. Upgrade your plan at https:\\/\\/rapidapi.com\\/ayushsomanime\\/api\\/real-time-flipkart-data2"}'
2026-01-14 15:55:33,137 - WARNING - [FLIPKART] No response for page 1, stopping collection
2026-01-14 15:55:33,137 - INFO - [FLIPKART] Total: 0 products saved for Electronics
2026-01-14 15:55:36,137 - INFO - 
[FLIPKART] Category 3/8
2026-01-14 15:55:36,137 - INFO - 
======================================================================
[FLIPKART] Collecting Clothing
2026-01-14 15:55:36,137 - INFO - [FLIPKART] Page 1/3...
2026-01-14 15:55:36,494 - ERROR - RapidAPI HTTP 429: b'{"message":"You have exceeded the MONTHLY quota for Requests on your current plan, BASIC. Upgrade your plan at https:\\/\\/rapidapi.com\\/ayushsomanime\\/api\\/real-time-flipkart-data2"}'
2026-01-14 15:55:36,495 - WARNING - [FLIPKART] No response for page 1, stopping collection
2026-01-14 15:55:36,495 - INFO - [FLIPKART] Total: 0 products saved for Clothing
2026-01-14 15:55:39,495 - INFO - 
[FLIPKART] Category 4/8
2026-01-14 15:55:39,495 - INFO - 
======================================================================
[FLIPKART] Collecting Home Decor
2026-01-14 15:55:39,495 - INFO - [FLIPKART] Page 1/3...
2026-01-14 15:55:39,830 - ERROR - RapidAPI HTTP 429: b'{"message":"You have exceeded the MONTHLY quota for Requests on your current plan, BASIC. Upgrade your plan at https:\\/\\/rapidapi.com\\/ayushsomanime\\/api\\/real-time-flipkart-data2"}'
2026-01-14 15:55:39,831 - WARNING - [FLIPKART] No response for page 1, stopping collection
2026-01-14 15:55:39,831 - INFO - [FLIPKART] Total: 0 products saved for Home Decor
2026-01-14 15:55:42,831 - INFO - 
[FLIPKART] Category 5/8
2026-01-14 15:55:42,831 - INFO - 
======================================================================
[FLIPKART] Collecting Home Appliances
2026-01-14 15:55:42,831 - INFO - [FLIPKART] Page 1/3...
2026-01-14 15:55:43,246 - ERROR - RapidAPI HTTP 429: b'{"message":"You have exceeded the MONTHLY quota for Requests on your current plan, BASIC. Upgrade your plan at https:\\/\\/rapidapi.com\\/ayushsomanime\\/api\\/real-time-flipkart-data2"}'
2026-01-14 15:55:43,246 - WARNING - [FLIPKART] No response for page 1, stopping collection
2026-01-14 15:55:43,246 - INFO - [FLIPKART] Total: 0 products saved for Home Appliances
2026-01-14 15:55:46,247 - INFO - 
[FLIPKART] Category 6/8
2026-01-14 15:55:46,247 - INFO - 
======================================================================
[FLIPKART] Collecting Food and Nutrition
2026-01-14 15:55:46,247 - INFO - [FLIPKART] Page 1/3...
2026-01-14 15:55:46,666 - ERROR - RapidAPI HTTP 429: b'{"message":"You have exceeded the MONTHLY quota for Requests on your current plan, BASIC. Upgrade your plan at https:\\/\\/rapidapi.com\\/ayushsomanime\\/api\\/real-time-flipkart-data2"}'
2026-01-14 15:55:46,666 - WARNING - [FLIPKART] No response for page 1, stopping collection
2026-01-14 15:55:46,666 - INFO - [FLIPKART] Total: 0 products saved for Food and Nutrition
2026-01-14 15:55:49,667 - INFO - 
[FLIPKART] Category 7/8
2026-01-14 15:55:49,667 - INFO - 
======================================================================
[FLIPKART] Collecting Toys and Games
2026-01-14 15:55:49,667 - INFO - [FLIPKART] Page 1/3...
2026-01-14 15:55:50,052 - ERROR - RapidAPI HTTP 429: b'{"message":"You have exceeded the MONTHLY quota for Requests on your current plan, BASIC. Upgrade your plan at https:\\/\\/rapidapi.com\\/ayushsomanime\\/api\\/real-time-flipkart-data2"}'
2026-01-14 15:55:50,052 - WARNING - [FLIPKART] No response for page 1, stopping collection
2026-01-14 15:55:50,053 - INFO - [FLIPKART] Total: 0 products saved for Toys and Games
2026-01-14 15:55:53,053 - INFO - 
[FLIPKART] Category 8/8
2026-01-14 15:55:53,053 - INFO - 
======================================================================
[FLIPKART] Collecting Health & Personal Care Appliances
2026-01-14 15:55:53,053 - INFO - [FLIPKART] Page 1/3...
2026-01-14 15:55:53,482 - ERROR - RapidAPI HTTP 429: b'{"message":"You have exceeded the MONTHLY quota for Requests on your current plan, BASIC. Upgrade your plan at https:\\/\\/rapidapi.com\\/ayushsomanime\\/api\\/real-time-flipkart-data2"}'
2026-01-14 15:55:53,482 - WARNING - [FLIPKART] No response for page 1, stopping collection
2026-01-14 15:55:53,483 - INFO - [FLIPKART] Total: 0 products saved for Health & Personal Care Appliances
2026-01-14 15:55:53,483 - INFO - [DB] Final commit completed
2026-01-14 15:55:53,483 - INFO - 
======================================================================
[FINAL STATISTICS]
======================================================================
2026-01-14 15:55:53,488 - INFO - 
[AMAZON STATS]
2026-01-14 15:55:53,488 - INFO -   Products: 1943
2026-01-14 15:55:53,488 - INFO -   Unique ASINs: 1751
2026-01-14 15:55:53,488 - INFO -   Categories: 10
2026-01-14 15:55:53,488 - INFO -   Avg Price: Rs 1901.55
2026-01-14 15:55:53,488 - INFO -   Avg Sales: 158,507,042
2026-01-14 15:55:53,488 - INFO -   Last Updated: 2026-01-07 10:26:48.370280+00:00
2026-01-14 15:55:53,495 - INFO - 
[FLIPKART STATS]
2026-01-14 15:55:53,495 - INFO -   Products: 3056
2026-01-14 15:55:53,495 - INFO -   Unique PIDs: 3056
2026-01-14 15:55:53,495 - INFO -   Categories: 8
2026-01-14 15:55:53,495 - INFO -   Avg Price: Rs 11023.06
2026-01-14 15:55:53,495 - INFO -   Avg Estimated Sales: 110,088
2026-01-14 15:55:53,495 - INFO -   Last Updated: 2026-01-12 10:27:29.073858+00:00
2026-01-14 15:55:53,495 - INFO - 
[COMPLETE] Amazon: 0 | Flipkart: 0 | Total: 0
2026-01-14 15:55:53,495 - INFO - [DB] Disconnected
2026-01-15 15:55:01,589 - INFO - [CONFIG] Loaded - Amazon: True, Flipkart: True
2026-01-15 15:55:01,589 - INFO - [INIT] Amazon API client initialized
2026-01-15 15:55:01,589 - INFO - [INIT] Flipkart API client initialized
2026-01-15 15:55:01,589 - INFO - [START] Multi-platform collection starting
2026-01-15 15:55:01,589 - INFO - [DB] Connecting (attempt 1/3)...
2026-01-15 15:55:01,598 - INFO - [DB] Connected successfully
2026-01-15 15:55:01,599 - INFO - [DB] Tables created successfully (rapidapi_amazon_products & rapidapi_flipkart_products)
2026-01-15 15:55:01,599 - INFO - 
######################################################################
[AMAZON] Starting Amazon collection
######################################################################
2026-01-15 15:55:01,599 - INFO - 
[AMAZON] Category 1/9
2026-01-15 15:55:01,599 - INFO - 
======================================================================
[AMAZON] Collecting Baby Products
2026-01-15 15:55:01,599 - INFO - [AMAZON] Page 1/3...
2026-01-15 15:55:01,949 - ERROR - RapidAPI HTTP 429: b'{"message":"You have exceeded the MONTHLY quota for Requests on your current plan, BASIC. Upgrade your plan at https:\\/\\/rapidapi.com\\/letscrape-6bRBa3QguO5\\/api\\/real-time-amazon-data"}'
2026-01-15 15:55:01,950 - INFO - [AMAZON] Total: 0 products saved for Baby Products
2026-01-15 15:55:04,950 - INFO - 
[AMAZON] Category 2/9
2026-01-15 15:55:04,950 - INFO - 
======================================================================
[AMAZON] Collecting Electronics
2026-01-15 15:55:04,950 - INFO - [AMAZON] Page 1/3...
2026-01-15 15:55:05,261 - ERROR - RapidAPI HTTP 429: b'{"message":"You have exceeded the MONTHLY quota for Requests on your current plan, BASIC. Upgrade your plan at https:\\/\\/rapidapi.com\\/letscrape-6bRBa3QguO5\\/api\\/real-time-amazon-data"}'
2026-01-15 15:55:05,262 - INFO - [AMAZON] Total: 0 products saved for Electronics
2026-01-15 15:55:08,262 - INFO - 
[AMAZON] Category 3/9
2026-01-15 15:55:08,262 - INFO - 
======================================================================
[AMAZON] Collecting Computers & Accessories
2026-01-15 15:55:08,262 - INFO - [AMAZON] Page 1/3...
2026-01-15 15:55:08,618 - ERROR - RapidAPI HTTP 429: b'{"message":"You have exceeded the MONTHLY quota for Requests on your current plan, BASIC. Upgrade your plan at https:\\/\\/rapidapi.com\\/letscrape-6bRBa3QguO5\\/api\\/real-time-amazon-data"}'
2026-01-15 15:55:08,618 - INFO - [AMAZON] Total: 0 products saved for Computers & Accessories
2026-01-15 15:55:11,619 - INFO - 
[AMAZON] Category 4/9
2026-01-15 15:55:11,619 - INFO - 
======================================================================
[AMAZON] Collecting Cell Phones
2026-01-15 15:55:11,619 - INFO - [AMAZON] Page 1/3...
2026-01-15 15:55:11,920 - ERROR - RapidAPI HTTP 429: b'{"message":"You have exceeded the MONTHLY quota for Requests on your current plan, BASIC. Upgrade your plan at https:\\/\\/rapidapi.com\\/letscrape-6bRBa3QguO5\\/api\\/real-time-amazon-data"}'
2026-01-15 15:55:11,921 - INFO - [AMAZON] Total: 0 products saved for Cell Phones
2026-01-15 15:55:14,921 - INFO - 
[AMAZON] Category 5/9
2026-01-15 15:55:14,921 - INFO - 
======================================================================
[AMAZON] Collecting Toys & Games
2026-01-15 15:55:14,921 - INFO - [AMAZON] Page 1/3...
2026-01-15 15:55:15,234 - ERROR - RapidAPI HTTP 429: b'{"message":"You have exceeded the MONTHLY quota for Requests on your current plan, BASIC. Upgrade your plan at https:\\/\\/rapidapi.com\\/letscrape-6bRBa3QguO5\\/api\\/real-time-amazon-data"}'
2026-01-15 15:55:15,234 - INFO - [AMAZON] Total: 0 products saved for Toys & Games
2026-01-15 15:55:18,235 - INFO - 
[AMAZON] Category 6/9
2026-01-15 15:55:18,235 - INFO - 
======================================================================
[AMAZON] Collecting Health & Personal Care
2026-01-15 15:55:18,235 - INFO - [AMAZON] Page 1/3...
2026-01-15 15:55:18,541 - ERROR - RapidAPI HTTP 429: b'{"message":"You have exceeded the MONTHLY quota for Requests on your current plan, BASIC. Upgrade your plan at https:\\/\\/rapidapi.com\\/letscrape-6bRBa3QguO5\\/api\\/real-time-amazon-data"}'
2026-01-15 15:55:18,541 - INFO - [AMAZON] Total: 0 products saved for Health & Personal Care
2026-01-15 15:55:21,542 - INFO - 
[AMAZON] Category 7/9
2026-01-15 15:55:21,542 - INFO - 
======================================================================
[AMAZON] Collecting Video Games
2026-01-15 15:55:21,542 - INFO - [AMAZON] Page 1/3...
2026-01-15 15:55:22,431 - ERROR - RapidAPI HTTP 429: b'{"message":"You have exceeded the MONTHLY quota for Requests on your current plan, BASIC. Upgrade your plan at https:\\/\\/rapidapi.com\\/letscrape-6bRBa3QguO5\\/api\\/real-time-amazon-data"}'
2026-01-15 15:55:22,431 - INFO - [AMAZON] Total: 0 products saved for Video Games
2026-01-15 15:55:25,432 - INFO - 
[AMAZON] Category 8/9
2026-01-15 15:55:25,432 - INFO - 
======================================================================
[AMAZON] Collecting Pet Supplies
2026-01-15 15:55:25,432 - INFO - [AMAZON] Page 1/3...
2026-01-15 15:55:25,733 - ERROR - RapidAPI HTTP 429: b'{"message":"You have exceeded the MONTHLY quota for Requests on your current plan, BASIC. Upgrade your plan at https:\\/\\/rapidapi.com\\/letscrape-6bRBa3QguO5\\/api\\/real-time-amazon-data"}'
2026-01-15 15:55:25,734 - INFO - [AMAZON] Total: 0 products saved for Pet Supplies
2026-01-15 15:55:28,734 - INFO - 
[AMAZON] Category 9/9
2026-01-15 15:55:28,734 - INFO - 
======================================================================
[AMAZON] Collecting Beauty
2026-01-15 15:55:28,734 - INFO - [AMAZON] Page 1/3...
2026-01-15 15:55:29,051 - ERROR - RapidAPI HTTP 429: b'{"message":"You have exceeded the MONTHLY quota for Requests on your current plan, BASIC. Upgrade your plan at https:\\/\\/rapidapi.com\\/letscrape-6bRBa3QguO5\\/api\\/real-time-amazon-data"}'
2026-01-15 15:55:29,052 - INFO - [AMAZON] Total: 0 products saved for Beauty
2026-01-15 15:55:29,052 - INFO - 
######################################################################
[FLIPKART] Starting Flipkart collection
######################################################################
2026-01-15 15:55:29,052 - INFO - 
[FLIPKART] Category 1/8
2026-01-15 15:55:29,052 - INFO - 
======================================================================
[FLIPKART] Collecting Mobiles
2026-01-15 15:55:29,052 - INFO - [FLIPKART] Page 1/3...
2026-01-15 15:55:30,156 - ERROR - RapidAPI HTTP 429: b'{"message":"You have exceeded the MONTHLY quota for Requests on your current plan, BASIC. Upgrade your plan at https:\\/\\/rapidapi.com\\/ayushsomanime\\/api\\/real-time-flipkart-data2"}'
2026-01-15 15:55:30,157 - WARNING - [FLIPKART] No response for page 1, stopping collection
2026-01-15 15:55:30,157 - INFO - [FLIPKART] Total: 0 products saved for Mobiles
2026-01-15 15:55:33,157 - INFO - 
[FLIPKART] Category 2/8
2026-01-15 15:55:33,157 - INFO - 
======================================================================
[FLIPKART] Collecting Electronics
2026-01-15 15:55:33,157 - INFO - [FLIPKART] Page 1/3...
2026-01-15 15:55:33,521 - ERROR - RapidAPI HTTP 429: b'{"message":"You have exceeded the MONTHLY quota for Requests on your current plan, BASIC. Upgrade your plan at https:\\/\\/rapidapi.com\\/ayushsomanime\\/api\\/real-time-flipkart-data2"}'
2026-01-15 15:55:33,522 - WARNING - [FLIPKART] No response for page 1, stopping collection
2026-01-15 15:55:33,522 - INFO - [FLIPKART] Total: 0 products saved for Electronics
2026-01-15 15:55:36,522 - INFO - 
[FLIPKART] Category 3/8
2026-01-15 15:55:36,522 - INFO - 
======================================================================
[FLIPKART] Collecting Clothing
2026-01-15 15:55:36,522 - INFO - [FLIPKART] Page 1/3...
2026-01-15 15:55:36,842 - ERROR - RapidAPI HTTP 429: b'{"message":"You have exceeded the MONTHLY quota for Requests on your current plan, BASIC. Upgrade your plan at https:\\/\\/rapidapi.com\\/ayushsomanime\\/api\\/real-time-flipkart-data2"}'
2026-01-15 15:55:36,842 - WARNING - [FLIPKART] No response for page 1, stopping collection
2026-01-15 15:55:36,843 - INFO - [FLIPKART] Total: 0 products saved for Clothing
2026-01-15 15:55:39,843 - INFO - 
[FLIPKART] Category 4/8
2026-01-15 15:55:39,843 - INFO - 
======================================================================
[FLIPKART] Collecting Home Decor
2026-01-15 15:55:39,843 - INFO - [FLIPKART] Page 1/3...
2026-01-15 15:55:40,201 - ERROR - RapidAPI HTTP 429: b'{"message":"You have exceeded the MONTHLY quota for Requests on your current plan, BASIC. Upgrade your plan at https:\\/\\/rapidapi.com\\/ayushsomanime\\/api\\/real-time-flipkart-data2"}'
2026-01-15 15:55:40,202 - WARNING - [FLIPKART] No response for page 1, stopping collection
2026-01-15 15:55:40,202 - INFO - [FLIPKART] Total: 0 products saved for Home Decor
2026-01-15 15:55:43,202 - INFO - 
[FLIPKART] Category 5/8
2026-01-15 15:55:43,203 - INFO - 
======================================================================
[FLIPKART] Collecting Home Appliances
2026-01-15 15:55:43,203 - INFO - [FLIPKART] Page 1/3...
2026-01-15 15:55:43,520 - ERROR - RapidAPI HTTP 429: b'{"message":"You have exceeded the MONTHLY quota for Requests on your current plan, BASIC. Upgrade your plan at https:\\/\\/rapidapi.com\\/ayushsomanime\\/api\\/real-time-flipkart-data2"}'
2026-01-15 15:55:43,520 - WARNING - [FLIPKART] No response for page 1, stopping collection
2026-01-15 15:55:43,520 - INFO - [FLIPKART] Total: 0 products saved for Home Appliances
2026-01-15 15:55:46,520 - INFO - 
[FLIPKART] Category 6/8
2026-01-15 15:55:46,521 - INFO - 
======================================================================
[FLIPKART] Collecting Food and Nutrition
2026-01-15 15:55:46,521 - INFO - [FLIPKART] Page 1/3...
2026-01-15 15:55:46,829 - ERROR - RapidAPI HTTP 429: b'{"message":"You have exceeded the MONTHLY quota for Requests on your current plan, BASIC. Upgrade your plan at https:\\/\\/rapidapi.com\\/ayushsomanime\\/api\\/real-time-flipkart-data2"}'
2026-01-15 15:55:46,829 - WARNING - [FLIPKART] No response for page 1, stopping collection
2026-01-15 15:55:46,829 - INFO - [FLIPKART] Total: 0 products saved for Food and Nutrition
2026-01-15 15:55:49,830 - INFO - 
[FLIPKART] Category 7/8
2026-01-15 15:55:49,830 - INFO - 
======================================================================
[FLIPKART] Collecting Toys and Games
2026-01-15 15:55:49,830 - INFO - [FLIPKART] Page 1/3...
2026-01-15 15:55:50,145 - ERROR - RapidAPI HTTP 429: b'{"message":"You have exceeded the MONTHLY quota for Requests on your current plan, BASIC. Upgrade your plan at https:\\/\\/rapidapi.com\\/ayushsomanime\\/api\\/real-time-flipkart-data2"}'
2026-01-15 15:55:50,145 - WARNING - [FLIPKART] No response for page 1, stopping collection
2026-01-15 15:55:50,146 - INFO - [FLIPKART] Total: 0 products saved for Toys and Games
2026-01-15 15:55:53,146 - INFO - 
[FLIPKART] Category 8/8
2026-01-15 15:55:53,146 - INFO - 
======================================================================
[FLIPKART] Collecting Health & Personal Care Appliances
2026-01-15 15:55:53,146 - INFO - [FLIPKART] Page 1/3...
2026-01-15 15:55:53,449 - ERROR - RapidAPI HTTP 429: b'{"message":"You have exceeded the MONTHLY quota for Requests on your current plan, BASIC. Upgrade your plan at https:\\/\\/rapidapi.com\\/ayushsomanime\\/api\\/real-time-flipkart-data2"}'
2026-01-15 15:55:53,449 - WARNING - [FLIPKART] No response for page 1, stopping collection
2026-01-15 15:55:53,449 - INFO - [FLIPKART] Total: 0 products saved for Health & Personal Care Appliances
2026-01-15 15:55:53,449 - INFO - [DB] Final commit completed
2026-01-15 15:55:53,449 - INFO - 
======================================================================
[FINAL STATISTICS]
======================================================================
2026-01-15 15:55:53,455 - INFO - 
[AMAZON STATS]
2026-01-15 15:55:53,455 - INFO -   Products: 1943
2026-01-15 15:55:53,455 - INFO -   Unique ASINs: 1751
2026-01-15 15:55:53,455 - INFO -   Categories: 10
2026-01-15 15:55:53,455 - INFO -   Avg Price: Rs 1901.55
2026-01-15 15:55:53,455 - INFO -   Avg Sales: 158,507,042
2026-01-15 15:55:53,455 - INFO -   Last Updated: 2026-01-07 10:26:48.370280+00:00
2026-01-15 15:55:53,461 - INFO - 
[FLIPKART STATS]
2026-01-15 15:55:53,461 - INFO -   Products: 3056
2026-01-15 15:55:53,461 - INFO -   Unique PIDs: 3056
2026-01-15 15:55:53,461 - INFO -   Categories: 8
2026-01-15 15:55:53,461 - INFO -   Avg Price: Rs 11023.06
2026-01-15 15:55:53,461 - INFO -   Avg Estimated Sales: 110,088
2026-01-15 15:55:53,461 - INFO -   Last Updated: 2026-01-12 10:27:29.073858+00:00
2026-01-15 15:55:53,461 - INFO - 
[COMPLETE] Amazon: 0 | Flipkart: 0 | Total: 0
2026-01-15 15:55:53,462 - INFO - [DB] Disconnected
2026-01-16 15:55:01,559 - INFO - [CONFIG] Loaded - Amazon: True, Flipkart: True
2026-01-16 15:55:01,560 - INFO - [INIT] Amazon API client initialized
2026-01-16 15:55:01,560 - INFO - [INIT] Flipkart API client initialized
2026-01-16 15:55:01,560 - INFO - [START] Multi-platform collection starting
2026-01-16 15:55:01,560 - INFO - [DB] Connecting (attempt 1/3)...
2026-01-16 15:55:01,569 - INFO - [DB] Connected successfully
2026-01-16 15:55:01,570 - INFO - [DB] Tables created successfully (rapidapi_amazon_products & rapidapi_flipkart_products)
2026-01-16 15:55:01,570 - INFO - 
######################################################################
[AMAZON] Starting Amazon collection
######################################################################
2026-01-16 15:55:01,570 - INFO - 
[AMAZON] Category 1/9
2026-01-16 15:55:01,570 - INFO - 
======================================================================
[AMAZON] Collecting Baby Products
2026-01-16 15:55:01,570 - INFO - [AMAZON] Page 1/3...
2026-01-16 15:55:01,934 - ERROR - RapidAPI HTTP 429: b'{"message":"You have exceeded the MONTHLY quota for Requests on your current plan, BASIC. Upgrade your plan at https:\\/\\/rapidapi.com\\/letscrape-6bRBa3QguO5\\/api\\/real-time-amazon-data"}'
2026-01-16 15:55:01,934 - INFO - [AMAZON] Total: 0 products saved for Baby Products
2026-01-16 15:55:04,934 - INFO - 
[AMAZON] Category 2/9
2026-01-16 15:55:04,934 - INFO - 
======================================================================
[AMAZON] Collecting Electronics
2026-01-16 15:55:04,935 - INFO - [AMAZON] Page 1/3...
2026-01-16 15:55:05,241 - ERROR - RapidAPI HTTP 429: b'{"message":"You have exceeded the MONTHLY quota for Requests on your current plan, BASIC. Upgrade your plan at https:\\/\\/rapidapi.com\\/letscrape-6bRBa3QguO5\\/api\\/real-time-amazon-data"}'
2026-01-16 15:55:05,241 - INFO - [AMAZON] Total: 0 products saved for Electronics
2026-01-16 15:55:08,242 - INFO - 
[AMAZON] Category 3/9
2026-01-16 15:55:08,242 - INFO - 
======================================================================
[AMAZON] Collecting Computers & Accessories
2026-01-16 15:55:08,242 - INFO - [AMAZON] Page 1/3...
2026-01-16 15:55:08,579 - ERROR - RapidAPI HTTP 429: b'{"message":"You have exceeded the MONTHLY quota for Requests on your current plan, BASIC. Upgrade your plan at https:\\/\\/rapidapi.com\\/letscrape-6bRBa3QguO5\\/api\\/real-time-amazon-data"}'
2026-01-16 15:55:08,579 - INFO - [AMAZON] Total: 0 products saved for Computers & Accessories
2026-01-16 15:55:11,580 - INFO - 
[AMAZON] Category 4/9
2026-01-16 15:55:11,580 - INFO - 
======================================================================
[AMAZON] Collecting Cell Phones
2026-01-16 15:55:11,580 - INFO - [AMAZON] Page 1/3...
2026-01-16 15:55:11,925 - ERROR - RapidAPI HTTP 429: b'{"message":"You have exceeded the MONTHLY quota for Requests on your current plan, BASIC. Upgrade your plan at https:\\/\\/rapidapi.com\\/letscrape-6bRBa3QguO5\\/api\\/real-time-amazon-data"}'
2026-01-16 15:55:11,925 - INFO - [AMAZON] Total: 0 products saved for Cell Phones
2026-01-16 15:55:14,926 - INFO - 
[AMAZON] Category 5/9
2026-01-16 15:55:14,926 - INFO - 
======================================================================
[AMAZON] Collecting Toys & Games
2026-01-16 15:55:14,926 - INFO - [AMAZON] Page 1/3...
2026-01-16 15:55:15,239 - ERROR - RapidAPI HTTP 429: b'{"message":"You have exceeded the MONTHLY quota for Requests on your current plan, BASIC. Upgrade your plan at https:\\/\\/rapidapi.com\\/letscrape-6bRBa3QguO5\\/api\\/real-time-amazon-data"}'
2026-01-16 15:55:15,239 - INFO - [AMAZON] Total: 0 products saved for Toys & Games
2026-01-16 15:55:18,239 - INFO - 
[AMAZON] Category 6/9
2026-01-16 15:55:18,240 - INFO - 
======================================================================
[AMAZON] Collecting Health & Personal Care
2026-01-16 15:55:18,240 - INFO - [AMAZON] Page 1/3...
2026-01-16 15:55:18,605 - ERROR - RapidAPI HTTP 429: b'{"message":"You have exceeded the MONTHLY quota for Requests on your current plan, BASIC. Upgrade your plan at https:\\/\\/rapidapi.com\\/letscrape-6bRBa3QguO5\\/api\\/real-time-amazon-data"}'
2026-01-16 15:55:18,605 - INFO - [AMAZON] Total: 0 products saved for Health & Personal Care
2026-01-16 15:55:21,606 - INFO - 
[AMAZON] Category 7/9
2026-01-16 15:55:21,606 - INFO - 
======================================================================
[AMAZON] Collecting Video Games
2026-01-16 15:55:21,606 - INFO - [AMAZON] Page 1/3...
2026-01-16 15:55:21,911 - ERROR - RapidAPI HTTP 429: b'{"message":"You have exceeded the MONTHLY quota for Requests on your current plan, BASIC. Upgrade your plan at https:\\/\\/rapidapi.com\\/letscrape-6bRBa3QguO5\\/api\\/real-time-amazon-data"}'
2026-01-16 15:55:21,911 - INFO - [AMAZON] Total: 0 products saved for Video Games
2026-01-16 15:55:24,912 - INFO - 
[AMAZON] Category 8/9
2026-01-16 15:55:24,912 - INFO - 
======================================================================
[AMAZON] Collecting Pet Supplies
2026-01-16 15:55:24,912 - INFO - [AMAZON] Page 1/3...
2026-01-16 15:55:25,234 - ERROR - RapidAPI HTTP 429: b'{"message":"You have exceeded the MONTHLY quota for Requests on your current plan, BASIC. Upgrade your plan at https:\\/\\/rapidapi.com\\/letscrape-6bRBa3QguO5\\/api\\/real-time-amazon-data"}'
2026-01-16 15:55:25,235 - INFO - [AMAZON] Total: 0 products saved for Pet Supplies
2026-01-16 15:55:28,235 - INFO - 
[AMAZON] Category 9/9
2026-01-16 15:55:28,235 - INFO - 
======================================================================
[AMAZON] Collecting Beauty
2026-01-16 15:55:28,235 - INFO - [AMAZON] Page 1/3...
2026-01-16 15:55:28,540 - ERROR - RapidAPI HTTP 429: b'{"message":"You have exceeded the MONTHLY quota for Requests on your current plan, BASIC. Upgrade your plan at https:\\/\\/rapidapi.com\\/letscrape-6bRBa3QguO5\\/api\\/real-time-amazon-data"}'
2026-01-16 15:55:28,540 - INFO - [AMAZON] Total: 0 products saved for Beauty
2026-01-16 15:55:28,541 - INFO - 
######################################################################
[FLIPKART] Starting Flipkart collection
######################################################################
2026-01-16 15:55:28,541 - INFO - 
[FLIPKART] Category 1/8
2026-01-16 15:55:28,541 - INFO - 
======================================================================
[FLIPKART] Collecting Mobiles
2026-01-16 15:55:28,541 - INFO - [FLIPKART] Page 1/3...
2026-01-16 15:55:29,082 - ERROR - RapidAPI HTTP 429: b'{"message":"You have exceeded the MONTHLY quota for Requests on your current plan, BASIC. Upgrade your plan at https:\\/\\/rapidapi.com\\/ayushsomanime\\/api\\/real-time-flipkart-data2"}'
2026-01-16 15:55:29,082 - WARNING - [FLIPKART] No response for page 1, stopping collection
2026-01-16 15:55:29,082 - INFO - [FLIPKART] Total: 0 products saved for Mobiles
2026-01-16 15:55:32,083 - INFO - 
[FLIPKART] Category 2/8
2026-01-16 15:55:32,083 - INFO - 
======================================================================
[FLIPKART] Collecting Electronics
2026-01-16 15:55:32,083 - INFO - [FLIPKART] Page 1/3...
2026-01-16 15:55:32,400 - ERROR - RapidAPI HTTP 429: b'{"message":"You have exceeded the MONTHLY quota for Requests on your current plan, BASIC. Upgrade your plan at https:\\/\\/rapidapi.com\\/ayushsomanime\\/api\\/real-time-flipkart-data2"}'
2026-01-16 15:55:32,400 - WARNING - [FLIPKART] No response for page 1, stopping collection
2026-01-16 15:55:32,400 - INFO - [FLIPKART] Total: 0 products saved for Electronics
2026-01-16 15:55:35,400 - INFO - 
[FLIPKART] Category 3/8
2026-01-16 15:55:35,401 - INFO - 
======================================================================
[FLIPKART] Collecting Clothing
2026-01-16 15:55:35,401 - INFO - [FLIPKART] Page 1/3...
2026-01-16 15:55:35,707 - ERROR - RapidAPI HTTP 429: b'{"message":"You have exceeded the MONTHLY quota for Requests on your current plan, BASIC. Upgrade your plan at https:\\/\\/rapidapi.com\\/ayushsomanime\\/api\\/real-time-flipkart-data2"}'
2026-01-16 15:55:35,707 - WARNING - [FLIPKART] No response for page 1, stopping collection
2026-01-16 15:55:35,707 - INFO - [FLIPKART] Total: 0 products saved for Clothing
2026-01-16 15:55:38,707 - INFO - 
[FLIPKART] Category 4/8
2026-01-16 15:55:38,707 - INFO - 
======================================================================
[FLIPKART] Collecting Home Decor
2026-01-16 15:55:38,708 - INFO - [FLIPKART] Page 1/3...
2026-01-16 15:55:39,076 - ERROR - RapidAPI HTTP 429: b'{"message":"You have exceeded the MONTHLY quota for Requests on your current plan, BASIC. Upgrade your plan at https:\\/\\/rapidapi.com\\/ayushsomanime\\/api\\/real-time-flipkart-data2"}'
2026-01-16 15:55:39,076 - WARNING - [FLIPKART] No response for page 1, stopping collection
2026-01-16 15:55:39,077 - INFO - [FLIPKART] Total: 0 products saved for Home Decor
2026-01-16 15:55:42,077 - INFO - 
[FLIPKART] Category 5/8
2026-01-16 15:55:42,077 - INFO - 
======================================================================
[FLIPKART] Collecting Home Appliances
2026-01-16 15:55:42,077 - INFO - [FLIPKART] Page 1/3...
2026-01-16 15:55:42,392 - ERROR - RapidAPI HTTP 429: b'{"message":"You have exceeded the MONTHLY quota for Requests on your current plan, BASIC. Upgrade your plan at https:\\/\\/rapidapi.com\\/ayushsomanime\\/api\\/real-time-flipkart-data2"}'
2026-01-16 15:55:42,392 - WARNING - [FLIPKART] No response for page 1, stopping collection
2026-01-16 15:55:42,392 - INFO - [FLIPKART] Total: 0 products saved for Home Appliances
2026-01-16 15:55:45,393 - INFO - 
[FLIPKART] Category 6/8
2026-01-16 15:55:45,393 - INFO - 
======================================================================
[FLIPKART] Collecting Food and Nutrition
2026-01-16 15:55:45,393 - INFO - [FLIPKART] Page 1/3...
2026-01-16 15:55:45,728 - ERROR - RapidAPI HTTP 429: b'{"message":"You have exceeded the MONTHLY quota for Requests on your current plan, BASIC. Upgrade your plan at https:\\/\\/rapidapi.com\\/ayushsomanime\\/api\\/real-time-flipkart-data2"}'
2026-01-16 15:55:45,729 - WARNING - [FLIPKART] No response for page 1, stopping collection
2026-01-16 15:55:45,729 - INFO - [FLIPKART] Total: 0 products saved for Food and Nutrition
2026-01-16 15:55:48,729 - INFO - 
[FLIPKART] Category 7/8
2026-01-16 15:55:48,729 - INFO - 
======================================================================
[FLIPKART] Collecting Toys and Games
2026-01-16 15:55:48,729 - INFO - [FLIPKART] Page 1/3...
2026-01-16 15:55:49,035 - ERROR - RapidAPI HTTP 429: b'{"message":"You have exceeded the MONTHLY quota for Requests on your current plan, BASIC. Upgrade your plan at https:\\/\\/rapidapi.com\\/ayushsomanime\\/api\\/real-time-flipkart-data2"}'
2026-01-16 15:55:49,035 - WARNING - [FLIPKART] No response for page 1, stopping collection
2026-01-16 15:55:49,035 - INFO - [FLIPKART] Total: 0 products saved for Toys and Games
2026-01-16 15:55:52,036 - INFO - 
[FLIPKART] Category 8/8
2026-01-16 15:55:52,036 - INFO - 
======================================================================
[FLIPKART] Collecting Health & Personal Care Appliances
2026-01-16 15:55:52,036 - INFO - [FLIPKART] Page 1/3...
2026-01-16 15:55:52,390 - ERROR - RapidAPI HTTP 429: b'{"message":"You have exceeded the MONTHLY quota for Requests on your current plan, BASIC. Upgrade your plan at https:\\/\\/rapidapi.com\\/ayushsomanime\\/api\\/real-time-flipkart-data2"}'
2026-01-16 15:55:52,391 - WARNING - [FLIPKART] No response for page 1, stopping collection
2026-01-16 15:55:52,391 - INFO - [FLIPKART] Total: 0 products saved for Health & Personal Care Appliances
2026-01-16 15:55:52,391 - INFO - [DB] Final commit completed
2026-01-16 15:55:52,391 - INFO - 
======================================================================
[FINAL STATISTICS]
======================================================================
2026-01-16 15:55:52,397 - INFO - 
[AMAZON STATS]
2026-01-16 15:55:52,397 - INFO -   Products: 1943
2026-01-16 15:55:52,397 - INFO -   Unique ASINs: 1751
2026-01-16 15:55:52,397 - INFO -   Categories: 10
2026-01-16 15:55:52,397 - INFO -   Avg Price: Rs 1901.55
2026-01-16 15:55:52,397 - INFO -   Avg Sales: 158,507,042
2026-01-16 15:55:52,397 - INFO -   Last Updated: 2026-01-07 10:26:48.370280+00:00
2026-01-16 15:55:52,403 - INFO - 
[FLIPKART STATS]
2026-01-16 15:55:52,403 - INFO -   Products: 3056
2026-01-16 15:55:52,404 - INFO -   Unique PIDs: 3056
2026-01-16 15:55:52,404 - INFO -   Categories: 8
2026-01-16 15:55:52,404 - INFO -   Avg Price: Rs 11023.06
2026-01-16 15:55:52,404 - INFO -   Avg Estimated Sales: 110,088
2026-01-16 15:55:52,404 - INFO -   Last Updated: 2026-01-12 10:27:29.073858+00:00
2026-01-16 15:55:52,404 - INFO - 
[COMPLETE] Amazon: 0 | Flipkart: 0 | Total: 0
2026-01-16 15:55:52,404 - INFO - [DB] Disconnected
2026-01-17 15:55:01,496 - INFO - [CONFIG] Loaded - Amazon: True, Flipkart: True
2026-01-17 15:55:01,496 - INFO - [INIT] Amazon API client initialized
2026-01-17 15:55:01,496 - INFO - [INIT] Flipkart API client initialized
2026-01-17 15:55:01,496 - INFO - [START] Multi-platform collection starting
2026-01-17 15:55:01,496 - INFO - [DB] Connecting (attempt 1/3)...
2026-01-17 15:55:01,505 - INFO - [DB] Connected successfully
2026-01-17 15:55:01,506 - INFO - [DB] Tables created successfully (rapidapi_amazon_products & rapidapi_flipkart_products)
2026-01-17 15:55:01,507 - INFO - 
######################################################################
[AMAZON] Starting Amazon collection
######################################################################
2026-01-17 15:55:01,507 - INFO - 
[AMAZON] Category 1/9
2026-01-17 15:55:01,507 - INFO - 
======================================================================
[AMAZON] Collecting Baby Products
2026-01-17 15:55:01,507 - INFO - [AMAZON] Page 1/3...
2026-01-17 15:55:02,631 - ERROR - RapidAPI HTTP 429: b'{"message":"You have exceeded the MONTHLY quota for Requests on your current plan, BASIC. Upgrade your plan at https:\\/\\/rapidapi.com\\/letscrape-6bRBa3QguO5\\/api\\/real-time-amazon-data"}'
2026-01-17 15:55:02,631 - INFO - [AMAZON] Total: 0 products saved for Baby Products
2026-01-17 15:55:05,632 - INFO - 
[AMAZON] Category 2/9
2026-01-17 15:55:05,632 - INFO - 
======================================================================
[AMAZON] Collecting Electronics
2026-01-17 15:55:05,632 - INFO - [AMAZON] Page 1/3...
2026-01-17 15:55:05,978 - ERROR - RapidAPI HTTP 429: b'{"message":"You have exceeded the MONTHLY quota for Requests on your current plan, BASIC. Upgrade your plan at https:\\/\\/rapidapi.com\\/letscrape-6bRBa3QguO5\\/api\\/real-time-amazon-data"}'
2026-01-17 15:55:05,978 - INFO - [AMAZON] Total: 0 products saved for Electronics
2026-01-17 15:55:08,979 - INFO - 
[AMAZON] Category 3/9
2026-01-17 15:55:08,979 - INFO - 
======================================================================
[AMAZON] Collecting Computers & Accessories
2026-01-17 15:55:08,979 - INFO - [AMAZON] Page 1/3...
2026-01-17 15:55:09,370 - ERROR - RapidAPI HTTP 429: b'{"message":"You have exceeded the MONTHLY quota for Requests on your current plan, BASIC. Upgrade your plan at https:\\/\\/rapidapi.com\\/letscrape-6bRBa3QguO5\\/api\\/real-time-amazon-data"}'
2026-01-17 15:55:09,370 - INFO - [AMAZON] Total: 0 products saved for Computers & Accessories
2026-01-17 15:55:12,371 - INFO - 
[AMAZON] Category 4/9
2026-01-17 15:55:12,371 - INFO - 
======================================================================
[AMAZON] Collecting Cell Phones
2026-01-17 15:55:12,371 - INFO - [AMAZON] Page 1/3...
2026-01-17 15:55:12,720 - ERROR - RapidAPI HTTP 429: b'{"message":"You have exceeded the MONTHLY quota for Requests on your current plan, BASIC. Upgrade your plan at https:\\/\\/rapidapi.com\\/letscrape-6bRBa3QguO5\\/api\\/real-time-amazon-data"}'
2026-01-17 15:55:12,721 - INFO - [AMAZON] Total: 0 products saved for Cell Phones
2026-01-17 15:55:15,721 - INFO - 
[AMAZON] Category 5/9
2026-01-17 15:55:15,721 - INFO - 
======================================================================
[AMAZON] Collecting Toys & Games
2026-01-17 15:55:15,721 - INFO - [AMAZON] Page 1/3...
2026-01-17 15:55:16,118 - ERROR - RapidAPI HTTP 429: b'{"message":"You have exceeded the MONTHLY quota for Requests on your current plan, BASIC. Upgrade your plan at https:\\/\\/rapidapi.com\\/letscrape-6bRBa3QguO5\\/api\\/real-time-amazon-data"}'
2026-01-17 15:55:16,119 - INFO - [AMAZON] Total: 0 products saved for Toys & Games
2026-01-17 15:55:19,119 - INFO - 
[AMAZON] Category 6/9
2026-01-17 15:55:19,119 - INFO - 
======================================================================
[AMAZON] Collecting Health & Personal Care
2026-01-17 15:55:19,119 - INFO - [AMAZON] Page 1/3...
2026-01-17 15:55:19,462 - ERROR - RapidAPI HTTP 429: b'{"message":"You have exceeded the MONTHLY quota for Requests on your current plan, BASIC. Upgrade your plan at https:\\/\\/rapidapi.com\\/letscrape-6bRBa3QguO5\\/api\\/real-time-amazon-data"}'
2026-01-17 15:55:19,463 - INFO - [AMAZON] Total: 0 products saved for Health & Personal Care
2026-01-17 15:55:22,463 - INFO - 
[AMAZON] Category 7/9
2026-01-17 15:55:22,463 - INFO - 
======================================================================
[AMAZON] Collecting Video Games
2026-01-17 15:55:22,463 - INFO - [AMAZON] Page 1/3...
2026-01-17 15:55:22,799 - ERROR - RapidAPI HTTP 429: b'{"message":"You have exceeded the MONTHLY quota for Requests on your current plan, BASIC. Upgrade your plan at https:\\/\\/rapidapi.com\\/letscrape-6bRBa3QguO5\\/api\\/real-time-amazon-data"}'
2026-01-17 15:55:22,800 - INFO - [AMAZON] Total: 0 products saved for Video Games
2026-01-17 15:55:25,800 - INFO - 
[AMAZON] Category 8/9
2026-01-17 15:55:25,800 - INFO - 
======================================================================
[AMAZON] Collecting Pet Supplies
2026-01-17 15:55:25,801 - INFO - [AMAZON] Page 1/3...
2026-01-17 15:55:26,137 - ERROR - RapidAPI HTTP 429: b'{"message":"You have exceeded the MONTHLY quota for Requests on your current plan, BASIC. Upgrade your plan at https:\\/\\/rapidapi.com\\/letscrape-6bRBa3QguO5\\/api\\/real-time-amazon-data"}'
2026-01-17 15:55:26,137 - INFO - [AMAZON] Total: 0 products saved for Pet Supplies
2026-01-17 15:55:29,138 - INFO - 
[AMAZON] Category 9/9
2026-01-17 15:55:29,138 - INFO - 
======================================================================
[AMAZON] Collecting Beauty
2026-01-17 15:55:29,138 - INFO - [AMAZON] Page 1/3...
2026-01-17 15:55:29,484 - ERROR - RapidAPI HTTP 429: b'{"message":"You have exceeded the MONTHLY quota for Requests on your current plan, BASIC. Upgrade your plan at https:\\/\\/rapidapi.com\\/letscrape-6bRBa3QguO5\\/api\\/real-time-amazon-data"}'
2026-01-17 15:55:29,485 - INFO - [AMAZON] Total: 0 products saved for Beauty
2026-01-17 15:55:29,485 - INFO - 
######################################################################
[FLIPKART] Starting Flipkart collection
######################################################################
2026-01-17 15:55:29,485 - INFO - 
[FLIPKART] Category 1/8
2026-01-17 15:55:29,485 - INFO - 
======================================================================
[FLIPKART] Collecting Mobiles
2026-01-17 15:55:29,485 - INFO - [FLIPKART] Page 1/3...
2026-01-17 15:55:29,853 - ERROR - RapidAPI HTTP 429: b'{"message":"You have exceeded the MONTHLY quota for Requests on your current plan, BASIC. Upgrade your plan at https:\\/\\/rapidapi.com\\/ayushsomanime\\/api\\/real-time-flipkart-data2"}'
2026-01-17 15:55:29,854 - WARNING - [FLIPKART] No response for page 1, stopping collection
2026-01-17 15:55:29,854 - INFO - [FLIPKART] Total: 0 products saved for Mobiles
2026-01-17 15:55:32,854 - INFO - 
[FLIPKART] Category 2/8
2026-01-17 15:55:32,854 - INFO - 
======================================================================
[FLIPKART] Collecting Electronics
2026-01-17 15:55:32,854 - INFO - [FLIPKART] Page 1/3...
2026-01-17 15:55:33,246 - ERROR - RapidAPI HTTP 429: b'{"message":"You have exceeded the MONTHLY quota for Requests on your current plan, BASIC. Upgrade your plan at https:\\/\\/rapidapi.com\\/ayushsomanime\\/api\\/real-time-flipkart-data2"}'
2026-01-17 15:55:33,246 - WARNING - [FLIPKART] No response for page 1, stopping collection
2026-01-17 15:55:33,246 - INFO - [FLIPKART] Total: 0 products saved for Electronics
2026-01-17 15:55:36,247 - INFO - 
[FLIPKART] Category 3/8
2026-01-17 15:55:36,247 - INFO - 
======================================================================
[FLIPKART] Collecting Clothing
2026-01-17 15:55:36,247 - INFO - [FLIPKART] Page 1/3...
2026-01-17 15:55:36,588 - ERROR - RapidAPI HTTP 429: b'{"message":"You have exceeded the MONTHLY quota for Requests on your current plan, BASIC. Upgrade your plan at https:\\/\\/rapidapi.com\\/ayushsomanime\\/api\\/real-time-flipkart-data2"}'
2026-01-17 15:55:36,589 - WARNING - [FLIPKART] No response for page 1, stopping collection
2026-01-17 15:55:36,589 - INFO - [FLIPKART] Total: 0 products saved for Clothing
2026-01-17 15:55:39,589 - INFO - 
[FLIPKART] Category 4/8
2026-01-17 15:55:39,589 - INFO - 
======================================================================
[FLIPKART] Collecting Home Decor
2026-01-17 15:55:39,589 - INFO - [FLIPKART] Page 1/3...
2026-01-17 15:55:39,922 - ERROR - RapidAPI HTTP 429: b'{"message":"You have exceeded the MONTHLY quota for Requests on your current plan, BASIC. Upgrade your plan at https:\\/\\/rapidapi.com\\/ayushsomanime\\/api\\/real-time-flipkart-data2"}'
2026-01-17 15:55:39,923 - WARNING - [FLIPKART] No response for page 1, stopping collection
2026-01-17 15:55:39,923 - INFO - [FLIPKART] Total: 0 products saved for Home Decor
2026-01-17 15:55:42,923 - INFO - 
[FLIPKART] Category 5/8
2026-01-17 15:55:42,923 - INFO - 
======================================================================
[FLIPKART] Collecting Home Appliances
2026-01-17 15:55:42,923 - INFO - [FLIPKART] Page 1/3...
2026-01-17 15:55:43,266 - ERROR - RapidAPI HTTP 429: b'{"message":"You have exceeded the MONTHLY quota for Requests on your current plan, BASIC. Upgrade your plan at https:\\/\\/rapidapi.com\\/ayushsomanime\\/api\\/real-time-flipkart-data2"}'
2026-01-17 15:55:43,266 - WARNING - [FLIPKART] No response for page 1, stopping collection
2026-01-17 15:55:43,267 - INFO - [FLIPKART] Total: 0 products saved for Home Appliances
2026-01-17 15:55:46,267 - INFO - 
[FLIPKART] Category 6/8
2026-01-17 15:55:46,267 - INFO - 
======================================================================
[FLIPKART] Collecting Food and Nutrition
2026-01-17 15:55:46,267 - INFO - [FLIPKART] Page 1/3...
2026-01-17 15:55:46,606 - ERROR - RapidAPI HTTP 429: b'{"message":"You have exceeded the MONTHLY quota for Requests on your current plan, BASIC. Upgrade your plan at https:\\/\\/rapidapi.com\\/ayushsomanime\\/api\\/real-time-flipkart-data2"}'
2026-01-17 15:55:46,607 - WARNING - [FLIPKART] No response for page 1, stopping collection
2026-01-17 15:55:46,607 - INFO - [FLIPKART] Total: 0 products saved for Food and Nutrition
2026-01-17 15:55:49,607 - INFO - 
[FLIPKART] Category 7/8
2026-01-17 15:55:49,607 - INFO - 
======================================================================
[FLIPKART] Collecting Toys and Games
2026-01-17 15:55:49,607 - INFO - [FLIPKART] Page 1/3...
2026-01-17 15:55:49,942 - ERROR - RapidAPI HTTP 429: b'{"message":"You have exceeded the MONTHLY quota for Requests on your current plan, BASIC. Upgrade your plan at https:\\/\\/rapidapi.com\\/ayushsomanime\\/api\\/real-time-flipkart-data2"}'
2026-01-17 15:55:49,943 - WARNING - [FLIPKART] No response for page 1, stopping collection
2026-01-17 15:55:49,943 - INFO - [FLIPKART] Total: 0 products saved for Toys and Games
2026-01-17 15:55:52,943 - INFO - 
[FLIPKART] Category 8/8
2026-01-17 15:55:52,943 - INFO - 
======================================================================
[FLIPKART] Collecting Health & Personal Care Appliances
2026-01-17 15:55:52,943 - INFO - [FLIPKART] Page 1/3...
2026-01-17 15:55:53,295 - ERROR - RapidAPI HTTP 429: b'{"message":"You have exceeded the MONTHLY quota for Requests on your current plan, BASIC. Upgrade your plan at https:\\/\\/rapidapi.com\\/ayushsomanime\\/api\\/real-time-flipkart-data2"}'
2026-01-17 15:55:53,295 - WARNING - [FLIPKART] No response for page 1, stopping collection
2026-01-17 15:55:53,295 - INFO - [FLIPKART] Total: 0 products saved for Health & Personal Care Appliances
2026-01-17 15:55:53,295 - INFO - [DB] Final commit completed
2026-01-17 15:55:53,295 - INFO - 
======================================================================
[FINAL STATISTICS]
======================================================================
2026-01-17 15:55:53,301 - INFO - 
[AMAZON STATS]
2026-01-17 15:55:53,301 - INFO -   Products: 1943
2026-01-17 15:55:53,301 - INFO -   Unique ASINs: 1751
2026-01-17 15:55:53,301 - INFO -   Categories: 10
2026-01-17 15:55:53,301 - INFO -   Avg Price: Rs 1901.55
2026-01-17 15:55:53,301 - INFO -   Avg Sales: 158,507,042
2026-01-17 15:55:53,301 - INFO -   Last Updated: 2026-01-07 10:26:48.370280+00:00
2026-01-17 15:55:53,307 - INFO - 
[FLIPKART STATS]
2026-01-17 15:55:53,308 - INFO -   Products: 3056
2026-01-17 15:55:53,308 - INFO -   Unique PIDs: 3056
2026-01-17 15:55:53,308 - INFO -   Categories: 8
2026-01-17 15:55:53,308 - INFO -   Avg Price: Rs 11023.06
2026-01-17 15:55:53,308 - INFO -   Avg Estimated Sales: 110,088
2026-01-17 15:55:53,308 - INFO -   Last Updated: 2026-01-12 10:27:29.073858+00:00
2026-01-17 15:55:53,308 - INFO - 
[COMPLETE] Amazon: 0 | Flipkart: 0 | Total: 0
2026-01-17 15:55:53,308 - INFO - [DB] Disconnected
2026-01-18 15:55:01,409 - INFO - [CONFIG] Loaded - Amazon: True, Flipkart: True
2026-01-18 15:55:01,410 - INFO - [INIT] Amazon API client initialized
2026-01-18 15:55:01,410 - INFO - [INIT] Flipkart API client initialized
2026-01-18 15:55:01,410 - INFO - [START] Multi-platform collection starting
2026-01-18 15:55:01,410 - INFO - [DB] Connecting (attempt 1/3)...
2026-01-18 15:55:01,418 - INFO - [DB] Connected successfully
2026-01-18 15:55:01,420 - INFO - [DB] Tables created successfully (rapidapi_amazon_products & rapidapi_flipkart_products)
2026-01-18 15:55:01,420 - INFO - 
######################################################################
[AMAZON] Starting Amazon collection
######################################################################
2026-01-18 15:55:01,420 - INFO - 
[AMAZON] Category 1/9
2026-01-18 15:55:01,420 - INFO - 
======================================================================
[AMAZON] Collecting Baby Products
2026-01-18 15:55:01,420 - INFO - [AMAZON] Page 1/3...
2026-01-18 15:55:01,881 - ERROR - RapidAPI HTTP 429: b'{"message":"You have exceeded the MONTHLY quota for Requests on your current plan, BASIC. Upgrade your plan at https:\\/\\/rapidapi.com\\/letscrape-6bRBa3QguO5\\/api\\/real-time-amazon-data"}'
2026-01-18 15:55:01,882 - INFO - [AMAZON] Total: 0 products saved for Baby Products
2026-01-18 15:55:04,882 - INFO - 
[AMAZON] Category 2/9
2026-01-18 15:55:04,882 - INFO - 
======================================================================
[AMAZON] Collecting Electronics
2026-01-18 15:55:04,882 - INFO - [AMAZON] Page 1/3...
2026-01-18 15:55:05,290 - ERROR - RapidAPI HTTP 429: b'{"message":"You have exceeded the MONTHLY quota for Requests on your current plan, BASIC. Upgrade your plan at https:\\/\\/rapidapi.com\\/letscrape-6bRBa3QguO5\\/api\\/real-time-amazon-data"}'
2026-01-18 15:55:05,291 - INFO - [AMAZON] Total: 0 products saved for Electronics
2026-01-18 15:55:08,291 - INFO - 
[AMAZON] Category 3/9
2026-01-18 15:55:08,292 - INFO - 
======================================================================
[AMAZON] Collecting Computers & Accessories
2026-01-18 15:55:08,292 - INFO - [AMAZON] Page 1/3...
2026-01-18 15:55:08,785 - ERROR - RapidAPI HTTP 429: b'{"message":"You have exceeded the MONTHLY quota for Requests on your current plan, BASIC. Upgrade your plan at https:\\/\\/rapidapi.com\\/letscrape-6bRBa3QguO5\\/api\\/real-time-amazon-data"}'
2026-01-18 15:55:08,786 - INFO - [AMAZON] Total: 0 products saved for Computers & Accessories
2026-01-18 15:55:11,786 - INFO - 
[AMAZON] Category 4/9
2026-01-18 15:55:11,786 - INFO - 
======================================================================
[AMAZON] Collecting Cell Phones
2026-01-18 15:55:11,786 - INFO - [AMAZON] Page 1/3...
2026-01-18 15:55:12,183 - ERROR - RapidAPI HTTP 429: b'{"message":"You have exceeded the MONTHLY quota for Requests on your current plan, BASIC. Upgrade your plan at https:\\/\\/rapidapi.com\\/letscrape-6bRBa3QguO5\\/api\\/real-time-amazon-data"}'
2026-01-18 15:55:12,183 - INFO - [AMAZON] Total: 0 products saved for Cell Phones
2026-01-18 15:55:15,184 - INFO - 
[AMAZON] Category 5/9
2026-01-18 15:55:15,184 - INFO - 
======================================================================
[AMAZON] Collecting Toys & Games
2026-01-18 15:55:15,184 - INFO - [AMAZON] Page 1/3...
2026-01-18 15:55:15,616 - ERROR - RapidAPI HTTP 429: b'{"message":"You have exceeded the MONTHLY quota for Requests on your current plan, BASIC. Upgrade your plan at https:\\/\\/rapidapi.com\\/letscrape-6bRBa3QguO5\\/api\\/real-time-amazon-data"}'
2026-01-18 15:55:15,616 - INFO - [AMAZON] Total: 0 products saved for Toys & Games
2026-01-18 15:55:18,617 - INFO - 
[AMAZON] Category 6/9
2026-01-18 15:55:18,617 - INFO - 
======================================================================
[AMAZON] Collecting Health & Personal Care
2026-01-18 15:55:18,617 - INFO - [AMAZON] Page 1/3...
2026-01-18 15:55:19,024 - ERROR - RapidAPI HTTP 429: b'{"message":"You have exceeded the MONTHLY quota for Requests on your current plan, BASIC. Upgrade your plan at https:\\/\\/rapidapi.com\\/letscrape-6bRBa3QguO5\\/api\\/real-time-amazon-data"}'
2026-01-18 15:55:19,025 - INFO - [AMAZON] Total: 0 products saved for Health & Personal Care
2026-01-18 15:55:22,025 - INFO - 
[AMAZON] Category 7/9
2026-01-18 15:55:22,025 - INFO - 
======================================================================
[AMAZON] Collecting Video Games
2026-01-18 15:55:22,025 - INFO - [AMAZON] Page 1/3...
2026-01-18 15:55:22,432 - ERROR - RapidAPI HTTP 429: b'{"message":"You have exceeded the MONTHLY quota for Requests on your current plan, BASIC. Upgrade your plan at https:\\/\\/rapidapi.com\\/letscrape-6bRBa3QguO5\\/api\\/real-time-amazon-data"}'
2026-01-18 15:55:22,433 - INFO - [AMAZON] Total: 0 products saved for Video Games
2026-01-18 15:55:25,433 - INFO - 
[AMAZON] Category 8/9
2026-01-18 15:55:25,433 - INFO - 
======================================================================
[AMAZON] Collecting Pet Supplies
2026-01-18 15:55:25,433 - INFO - [AMAZON] Page 1/3...
2026-01-18 15:55:25,800 - ERROR - RapidAPI HTTP 429: b'{"message":"You have exceeded the MONTHLY quota for Requests on your current plan, BASIC. Upgrade your plan at https:\\/\\/rapidapi.com\\/letscrape-6bRBa3QguO5\\/api\\/real-time-amazon-data"}'
2026-01-18 15:55:25,801 - INFO - [AMAZON] Total: 0 products saved for Pet Supplies
2026-01-18 15:55:28,801 - INFO - 
[AMAZON] Category 9/9
2026-01-18 15:55:28,801 - INFO - 
======================================================================
[AMAZON] Collecting Beauty
2026-01-18 15:55:28,801 - INFO - [AMAZON] Page 1/3...
2026-01-18 15:55:29,249 - ERROR - RapidAPI HTTP 429: b'{"message":"You have exceeded the MONTHLY quota for Requests on your current plan, BASIC. Upgrade your plan at https:\\/\\/rapidapi.com\\/letscrape-6bRBa3QguO5\\/api\\/real-time-amazon-data"}'
2026-01-18 15:55:29,249 - INFO - [AMAZON] Total: 0 products saved for Beauty
2026-01-18 15:55:29,249 - INFO - 
######################################################################
[FLIPKART] Starting Flipkart collection
######################################################################
2026-01-18 15:55:29,249 - INFO - 
[FLIPKART] Category 1/8
2026-01-18 15:55:29,249 - INFO - 
======================================================================
[FLIPKART] Collecting Mobiles
2026-01-18 15:55:29,249 - INFO - [FLIPKART] Page 1/3...
2026-01-18 15:55:29,661 - ERROR - RapidAPI HTTP 429: b'{"message":"You have exceeded the MONTHLY quota for Requests on your current plan, BASIC. Upgrade your plan at https:\\/\\/rapidapi.com\\/ayushsomanime\\/api\\/real-time-flipkart-data2"}'
2026-01-18 15:55:29,662 - WARNING - [FLIPKART] No response for page 1, stopping collection
2026-01-18 15:55:29,662 - INFO - [FLIPKART] Total: 0 products saved for Mobiles
2026-01-18 15:55:32,662 - INFO - 
[FLIPKART] Category 2/8
2026-01-18 15:55:32,662 - INFO - 
======================================================================
[FLIPKART] Collecting Electronics
2026-01-18 15:55:32,662 - INFO - [FLIPKART] Page 1/3...
2026-01-18 15:55:33,044 - ERROR - RapidAPI HTTP 429: b'{"message":"You have exceeded the MONTHLY quota for Requests on your current plan, BASIC. Upgrade your plan at https:\\/\\/rapidapi.com\\/ayushsomanime\\/api\\/real-time-flipkart-data2"}'
2026-01-18 15:55:33,045 - WARNING - [FLIPKART] No response for page 1, stopping collection
2026-01-18 15:55:33,045 - INFO - [FLIPKART] Total: 0 products saved for Electronics
2026-01-18 15:55:36,045 - INFO - 
[FLIPKART] Category 3/8
2026-01-18 15:55:36,045 - INFO - 
======================================================================
[FLIPKART] Collecting Clothing
2026-01-18 15:55:36,045 - INFO - [FLIPKART] Page 1/3...
2026-01-18 15:55:36,484 - ERROR - RapidAPI HTTP 429: b'{"message":"You have exceeded the MONTHLY quota for Requests on your current plan, BASIC. Upgrade your plan at https:\\/\\/rapidapi.com\\/ayushsomanime\\/api\\/real-time-flipkart-data2"}'
2026-01-18 15:55:36,485 - WARNING - [FLIPKART] No response for page 1, stopping collection
2026-01-18 15:55:36,485 - INFO - [FLIPKART] Total: 0 products saved for Clothing
2026-01-18 15:55:39,485 - INFO - 
[FLIPKART] Category 4/8
2026-01-18 15:55:39,485 - INFO - 
======================================================================
[FLIPKART] Collecting Home Decor
2026-01-18 15:55:39,485 - INFO - [FLIPKART] Page 1/3...
2026-01-18 15:55:39,941 - ERROR - RapidAPI HTTP 429: b'{"message":"You have exceeded the MONTHLY quota for Requests on your current plan, BASIC. Upgrade your plan at https:\\/\\/rapidapi.com\\/ayushsomanime\\/api\\/real-time-flipkart-data2"}'
2026-01-18 15:55:39,941 - WARNING - [FLIPKART] No response for page 1, stopping collection
2026-01-18 15:55:39,941 - INFO - [FLIPKART] Total: 0 products saved for Home Decor
2026-01-18 15:55:42,942 - INFO - 
[FLIPKART] Category 5/8
2026-01-18 15:55:42,942 - INFO - 
======================================================================
[FLIPKART] Collecting Home Appliances
2026-01-18 15:55:42,942 - INFO - [FLIPKART] Page 1/3...
2026-01-18 15:55:43,358 - ERROR - RapidAPI HTTP 429: b'{"message":"You have exceeded the MONTHLY quota for Requests on your current plan, BASIC. Upgrade your plan at https:\\/\\/rapidapi.com\\/ayushsomanime\\/api\\/real-time-flipkart-data2"}'
2026-01-18 15:55:43,359 - WARNING - [FLIPKART] No response for page 1, stopping collection
2026-01-18 15:55:43,359 - INFO - [FLIPKART] Total: 0 products saved for Home Appliances
2026-01-18 15:55:46,359 - INFO - 
[FLIPKART] Category 6/8
2026-01-18 15:55:46,359 - INFO - 
======================================================================
[FLIPKART] Collecting Food and Nutrition
2026-01-18 15:55:46,359 - INFO - [FLIPKART] Page 1/3...
2026-01-18 15:55:46,791 - ERROR - RapidAPI HTTP 429: b'{"message":"You have exceeded the MONTHLY quota for Requests on your current plan, BASIC. Upgrade your plan at https:\\/\\/rapidapi.com\\/ayushsomanime\\/api\\/real-time-flipkart-data2"}'
2026-01-18 15:55:46,792 - WARNING - [FLIPKART] No response for page 1, stopping collection
2026-01-18 15:55:46,792 - INFO - [FLIPKART] Total: 0 products saved for Food and Nutrition
2026-01-18 15:55:49,792 - INFO - 
[FLIPKART] Category 7/8
2026-01-18 15:55:49,792 - INFO - 
======================================================================
[FLIPKART] Collecting Toys and Games
2026-01-18 15:55:49,792 - INFO - [FLIPKART] Page 1/3...
2026-01-18 15:55:50,173 - ERROR - RapidAPI HTTP 429: b'{"message":"You have exceeded the MONTHLY quota for Requests on your current plan, BASIC. Upgrade your plan at https:\\/\\/rapidapi.com\\/ayushsomanime\\/api\\/real-time-flipkart-data2"}'
2026-01-18 15:55:50,173 - WARNING - [FLIPKART] No response for page 1, stopping collection
2026-01-18 15:55:50,174 - INFO - [FLIPKART] Total: 0 products saved for Toys and Games
2026-01-18 15:55:53,174 - INFO - 
[FLIPKART] Category 8/8
2026-01-18 15:55:53,174 - INFO - 
======================================================================
[FLIPKART] Collecting Health & Personal Care Appliances
2026-01-18 15:55:53,174 - INFO - [FLIPKART] Page 1/3...
2026-01-18 15:55:53,600 - ERROR - RapidAPI HTTP 429: b'{"message":"You have exceeded the MONTHLY quota for Requests on your current plan, BASIC. Upgrade your plan at https:\\/\\/rapidapi.com\\/ayushsomanime\\/api\\/real-time-flipkart-data2"}'
2026-01-18 15:55:53,601 - WARNING - [FLIPKART] No response for page 1, stopping collection
2026-01-18 15:55:53,601 - INFO - [FLIPKART] Total: 0 products saved for Health & Personal Care Appliances
2026-01-18 15:55:53,601 - INFO - [DB] Final commit completed
2026-01-18 15:55:53,601 - INFO - 
======================================================================
[FINAL STATISTICS]
======================================================================
2026-01-18 15:55:53,606 - INFO - 
[AMAZON STATS]
2026-01-18 15:55:53,607 - INFO -   Products: 1943
2026-01-18 15:55:53,607 - INFO -   Unique ASINs: 1751
2026-01-18 15:55:53,607 - INFO -   Categories: 10
2026-01-18 15:55:53,607 - INFO -   Avg Price: Rs 1901.55
2026-01-18 15:55:53,607 - INFO -   Avg Sales: 158,507,042
2026-01-18 15:55:53,607 - INFO -   Last Updated: 2026-01-07 10:26:48.370280+00:00
2026-01-18 15:55:53,613 - INFO - 
[FLIPKART STATS]
2026-01-18 15:55:53,613 - INFO -   Products: 3056
2026-01-18 15:55:53,613 - INFO -   Unique PIDs: 3056
2026-01-18 15:55:53,613 - INFO -   Categories: 8
2026-01-18 15:55:53,613 - INFO -   Avg Price: Rs 11023.06
2026-01-18 15:55:53,613 - INFO -   Avg Estimated Sales: 110,088
2026-01-18 15:55:53,614 - INFO -   Last Updated: 2026-01-12 10:27:29.073858+00:00
2026-01-18 15:55:53,614 - INFO - 
[COMPLETE] Amazon: 0 | Flipkart: 0 | Total: 0
2026-01-18 15:55:53,614 - INFO - [DB] Disconnected
2026-01-19 15:55:01,717 - INFO - [CONFIG] Loaded - Amazon: True, Flipkart: True
2026-01-19 15:55:01,717 - INFO - [INIT] Amazon API client initialized
2026-01-19 15:55:01,717 - INFO - [INIT] Flipkart API client initialized
2026-01-19 15:55:01,717 - INFO - [START] Multi-platform collection starting
2026-01-19 15:55:01,717 - INFO - [DB] Connecting (attempt 1/3)...
2026-01-19 15:55:01,726 - INFO - [DB] Connected successfully
2026-01-19 15:55:01,727 - INFO - [DB] Tables created successfully (rapidapi_amazon_products & rapidapi_flipkart_products)
2026-01-19 15:55:01,727 - INFO - 
######################################################################
[AMAZON] Starting Amazon collection
######################################################################
2026-01-19 15:55:01,727 - INFO - 
[AMAZON] Category 1/9
2026-01-19 15:55:01,727 - INFO - 
======================================================================
[AMAZON] Collecting Baby Products
2026-01-19 15:55:01,727 - INFO - [AMAZON] Page 1/3...
2026-01-19 15:55:02,235 - ERROR - RapidAPI HTTP 429: b'{"message":"You have exceeded the MONTHLY quota for Requests on your current plan, BASIC. Upgrade your plan at https:\\/\\/rapidapi.com\\/letscrape-6bRBa3QguO5\\/api\\/real-time-amazon-data"}'
2026-01-19 15:55:02,236 - INFO - [AMAZON] Total: 0 products saved for Baby Products
2026-01-19 15:55:05,236 - INFO - 
[AMAZON] Category 2/9
2026-01-19 15:55:05,236 - INFO - 
======================================================================
[AMAZON] Collecting Electronics
2026-01-19 15:55:05,236 - INFO - [AMAZON] Page 1/3...
2026-01-19 15:55:05,550 - ERROR - RapidAPI HTTP 429: b'{"message":"You have exceeded the MONTHLY quota for Requests on your current plan, BASIC. Upgrade your plan at https:\\/\\/rapidapi.com\\/letscrape-6bRBa3QguO5\\/api\\/real-time-amazon-data"}'
2026-01-19 15:55:05,550 - INFO - [AMAZON] Total: 0 products saved for Electronics
2026-01-19 15:55:08,551 - INFO - 
[AMAZON] Category 3/9
2026-01-19 15:55:08,551 - INFO - 
======================================================================
[AMAZON] Collecting Computers & Accessories
2026-01-19 15:55:08,551 - INFO - [AMAZON] Page 1/3...
2026-01-19 15:55:08,870 - ERROR - RapidAPI HTTP 429: b'{"message":"You have exceeded the MONTHLY quota for Requests on your current plan, BASIC. Upgrade your plan at https:\\/\\/rapidapi.com\\/letscrape-6bRBa3QguO5\\/api\\/real-time-amazon-data"}'
2026-01-19 15:55:08,871 - INFO - [AMAZON] Total: 0 products saved for Computers & Accessories
2026-01-19 15:55:11,871 - INFO - 
[AMAZON] Category 4/9
2026-01-19 15:55:11,871 - INFO - 
======================================================================
[AMAZON] Collecting Cell Phones
2026-01-19 15:55:11,871 - INFO - [AMAZON] Page 1/3...
2026-01-19 15:55:12,188 - ERROR - RapidAPI HTTP 429: b'{"message":"You have exceeded the MONTHLY quota for Requests on your current plan, BASIC. Upgrade your plan at https:\\/\\/rapidapi.com\\/letscrape-6bRBa3QguO5\\/api\\/real-time-amazon-data"}'
2026-01-19 15:55:12,188 - INFO - [AMAZON] Total: 0 products saved for Cell Phones
2026-01-19 15:55:15,189 - INFO - 
[AMAZON] Category 5/9
2026-01-19 15:55:15,189 - INFO - 
======================================================================
[AMAZON] Collecting Toys & Games
2026-01-19 15:55:15,189 - INFO - [AMAZON] Page 1/3...
2026-01-19 15:55:15,502 - ERROR - RapidAPI HTTP 429: b'{"message":"You have exceeded the MONTHLY quota for Requests on your current plan, BASIC. Upgrade your plan at https:\\/\\/rapidapi.com\\/letscrape-6bRBa3QguO5\\/api\\/real-time-amazon-data"}'
2026-01-19 15:55:15,503 - INFO - [AMAZON] Total: 0 products saved for Toys & Games
2026-01-19 15:55:18,503 - INFO - 
[AMAZON] Category 6/9
2026-01-19 15:55:18,503 - INFO - 
======================================================================
[AMAZON] Collecting Health & Personal Care
2026-01-19 15:55:18,503 - INFO - [AMAZON] Page 1/3...
2026-01-19 15:55:18,818 - ERROR - RapidAPI HTTP 429: b'{"message":"You have exceeded the MONTHLY quota for Requests on your current plan, BASIC. Upgrade your plan at https:\\/\\/rapidapi.com\\/letscrape-6bRBa3QguO5\\/api\\/real-time-amazon-data"}'
2026-01-19 15:55:18,819 - INFO - [AMAZON] Total: 0 products saved for Health & Personal Care
2026-01-19 15:55:21,819 - INFO - 
[AMAZON] Category 7/9
2026-01-19 15:55:21,819 - INFO - 
======================================================================
[AMAZON] Collecting Video Games
2026-01-19 15:55:21,819 - INFO - [AMAZON] Page 1/3...
2026-01-19 15:55:22,130 - ERROR - RapidAPI HTTP 429: b'{"message":"You have exceeded the MONTHLY quota for Requests on your current plan, BASIC. Upgrade your plan at https:\\/\\/rapidapi.com\\/letscrape-6bRBa3QguO5\\/api\\/real-time-amazon-data"}'
2026-01-19 15:55:22,130 - INFO - [AMAZON] Total: 0 products saved for Video Games
2026-01-19 15:55:25,131 - INFO - 
[AMAZON] Category 8/9
2026-01-19 15:55:25,131 - INFO - 
======================================================================
[AMAZON] Collecting Pet Supplies
2026-01-19 15:55:25,131 - INFO - [AMAZON] Page 1/3...
2026-01-19 15:55:25,501 - ERROR - RapidAPI HTTP 429: b'{"message":"You have exceeded the MONTHLY quota for Requests on your current plan, BASIC. Upgrade your plan at https:\\/\\/rapidapi.com\\/letscrape-6bRBa3QguO5\\/api\\/real-time-amazon-data"}'
2026-01-19 15:55:25,502 - INFO - [AMAZON] Total: 0 products saved for Pet Supplies
2026-01-19 15:55:28,502 - INFO - 
[AMAZON] Category 9/9
2026-01-19 15:55:28,502 - INFO - 
======================================================================
[AMAZON] Collecting Beauty
2026-01-19 15:55:28,502 - INFO - [AMAZON] Page 1/3...
2026-01-19 15:55:28,813 - ERROR - RapidAPI HTTP 429: b'{"message":"You have exceeded the MONTHLY quota for Requests on your current plan, BASIC. Upgrade your plan at https:\\/\\/rapidapi.com\\/letscrape-6bRBa3QguO5\\/api\\/real-time-amazon-data"}'
2026-01-19 15:55:28,814 - INFO - [AMAZON] Total: 0 products saved for Beauty
2026-01-19 15:55:28,814 - INFO - 
######################################################################
[FLIPKART] Starting Flipkart collection
######################################################################
2026-01-19 15:55:28,814 - INFO - 
[FLIPKART] Category 1/8
2026-01-19 15:55:28,814 - INFO - 
======================================================================
[FLIPKART] Collecting Mobiles
2026-01-19 15:55:28,814 - INFO - [FLIPKART] Page 1/3...
2026-01-19 15:55:29,177 - ERROR - RapidAPI HTTP 429: b'{"message":"You have exceeded the MONTHLY quota for Requests on your current plan, BASIC. Upgrade your plan at https:\\/\\/rapidapi.com\\/ayushsomanime\\/api\\/real-time-flipkart-data2"}'
2026-01-19 15:55:29,177 - WARNING - [FLIPKART] No response for page 1, stopping collection
2026-01-19 15:55:29,178 - INFO - [FLIPKART] Total: 0 products saved for Mobiles
2026-01-19 15:55:32,178 - INFO - 
[FLIPKART] Category 2/8
2026-01-19 15:55:32,178 - INFO - 
======================================================================
[FLIPKART] Collecting Electronics
2026-01-19 15:55:32,178 - INFO - [FLIPKART] Page 1/3...
2026-01-19 15:55:32,485 - ERROR - RapidAPI HTTP 429: b'{"message":"You have exceeded the MONTHLY quota for Requests on your current plan, BASIC. Upgrade your plan at https:\\/\\/rapidapi.com\\/ayushsomanime\\/api\\/real-time-flipkart-data2"}'
2026-01-19 15:55:32,485 - WARNING - [FLIPKART] No response for page 1, stopping collection
2026-01-19 15:55:32,485 - INFO - [FLIPKART] Total: 0 products saved for Electronics
2026-01-19 15:55:35,485 - INFO - 
[FLIPKART] Category 3/8
2026-01-19 15:55:35,486 - INFO - 
======================================================================
[FLIPKART] Collecting Clothing
2026-01-19 15:55:35,486 - INFO - [FLIPKART] Page 1/3...
2026-01-19 15:55:35,791 - ERROR - RapidAPI HTTP 429: b'{"message":"You have exceeded the MONTHLY quota for Requests on your current plan, BASIC. Upgrade your plan at https:\\/\\/rapidapi.com\\/ayushsomanime\\/api\\/real-time-flipkart-data2"}'
2026-01-19 15:55:35,792 - WARNING - [FLIPKART] No response for page 1, stopping collection
2026-01-19 15:55:35,792 - INFO - [FLIPKART] Total: 0 products saved for Clothing
2026-01-19 15:55:38,792 - INFO - 
[FLIPKART] Category 4/8
2026-01-19 15:55:38,792 - INFO - 
======================================================================
[FLIPKART] Collecting Home Decor
2026-01-19 15:55:38,792 - INFO - [FLIPKART] Page 1/3...
2026-01-19 15:55:39,101 - ERROR - RapidAPI HTTP 429: b'{"message":"You have exceeded the MONTHLY quota for Requests on your current plan, BASIC. Upgrade your plan at https:\\/\\/rapidapi.com\\/ayushsomanime\\/api\\/real-time-flipkart-data2"}'
2026-01-19 15:55:39,101 - WARNING - [FLIPKART] No response for page 1, stopping collection
2026-01-19 15:55:39,101 - INFO - [FLIPKART] Total: 0 products saved for Home Decor
2026-01-19 15:55:42,102 - INFO - 
[FLIPKART] Category 5/8
2026-01-19 15:55:42,102 - INFO - 
======================================================================
[FLIPKART] Collecting Home Appliances
2026-01-19 15:55:42,102 - INFO - [FLIPKART] Page 1/3...
2026-01-19 15:55:42,475 - ERROR - RapidAPI HTTP 429: b'{"message":"You have exceeded the MONTHLY quota for Requests on your current plan, BASIC. Upgrade your plan at https:\\/\\/rapidapi.com\\/ayushsomanime\\/api\\/real-time-flipkart-data2"}'
2026-01-19 15:55:42,475 - WARNING - [FLIPKART] No response for page 1, stopping collection
2026-01-19 15:55:42,475 - INFO - [FLIPKART] Total: 0 products saved for Home Appliances
2026-01-19 15:55:45,476 - INFO - 
[FLIPKART] Category 6/8
2026-01-19 15:55:45,476 - INFO - 
======================================================================
[FLIPKART] Collecting Food and Nutrition
2026-01-19 15:55:45,476 - INFO - [FLIPKART] Page 1/3...
2026-01-19 15:55:45,842 - ERROR - RapidAPI HTTP 429: b'{"message":"You have exceeded the MONTHLY quota for Requests on your current plan, BASIC. Upgrade your plan at https:\\/\\/rapidapi.com\\/ayushsomanime\\/api\\/real-time-flipkart-data2"}'
2026-01-19 15:55:45,842 - WARNING - [FLIPKART] No response for page 1, stopping collection
2026-01-19 15:55:45,843 - INFO - [FLIPKART] Total: 0 products saved for Food and Nutrition
2026-01-19 15:55:48,843 - INFO - 
[FLIPKART] Category 7/8
2026-01-19 15:55:48,843 - INFO - 
======================================================================
[FLIPKART] Collecting Toys and Games
2026-01-19 15:55:48,843 - INFO - [FLIPKART] Page 1/3...
2026-01-19 15:55:49,213 - ERROR - RapidAPI HTTP 429: b'{"message":"You have exceeded the MONTHLY quota for Requests on your current plan, BASIC. Upgrade your plan at https:\\/\\/rapidapi.com\\/ayushsomanime\\/api\\/real-time-flipkart-data2"}'
2026-01-19 15:55:49,213 - WARNING - [FLIPKART] No response for page 1, stopping collection
2026-01-19 15:55:49,213 - INFO - [FLIPKART] Total: 0 products saved for Toys and Games
2026-01-19 15:55:52,214 - INFO - 
[FLIPKART] Category 8/8
2026-01-19 15:55:52,214 - INFO - 
======================================================================
[FLIPKART] Collecting Health & Personal Care Appliances
2026-01-19 15:55:52,214 - INFO - [FLIPKART] Page 1/3...
2026-01-19 15:55:52,526 - ERROR - RapidAPI HTTP 429: b'{"message":"You have exceeded the MONTHLY quota for Requests on your current plan, BASIC. Upgrade your plan at https:\\/\\/rapidapi.com\\/ayushsomanime\\/api\\/real-time-flipkart-data2"}'
2026-01-19 15:55:52,526 - WARNING - [FLIPKART] No response for page 1, stopping collection
2026-01-19 15:55:52,527 - INFO - [FLIPKART] Total: 0 products saved for Health & Personal Care Appliances
2026-01-19 15:55:52,527 - INFO - [DB] Final commit completed
2026-01-19 15:55:52,527 - INFO - 
======================================================================
[FINAL STATISTICS]
======================================================================
2026-01-19 15:55:52,532 - INFO - 
[AMAZON STATS]
2026-01-19 15:55:52,532 - INFO -   Products: 1943
2026-01-19 15:55:52,532 - INFO -   Unique ASINs: 1751
2026-01-19 15:55:52,532 - INFO -   Categories: 10
2026-01-19 15:55:52,532 - INFO -   Avg Price: Rs 1901.55
2026-01-19 15:55:52,532 - INFO -   Avg Sales: 158,507,042
2026-01-19 15:55:52,532 - INFO -   Last Updated: 2026-01-07 10:26:48.370280+00:00
2026-01-19 15:55:52,539 - INFO - 
[FLIPKART STATS]
2026-01-19 15:55:52,539 - INFO -   Products: 3056
2026-01-19 15:55:52,539 - INFO -   Unique PIDs: 3056
2026-01-19 15:55:52,539 - INFO -   Categories: 8
2026-01-19 15:55:52,539 - INFO -   Avg Price: Rs 11023.06
2026-01-19 15:55:52,539 - INFO -   Avg Estimated Sales: 110,088
2026-01-19 15:55:52,539 - INFO -   Last Updated: 2026-01-12 10:27:29.073858+00:00
2026-01-19 15:55:52,539 - INFO - 
[COMPLETE] Amazon: 0 | Flipkart: 0 | Total: 0
2026-01-19 15:55:52,539 - INFO - [DB] Disconnected
2026-01-20 15:55:01,644 - INFO - [CONFIG] Loaded - Amazon: True, Flipkart: True
2026-01-20 15:55:01,644 - INFO - [INIT] Amazon API client initialized
2026-01-20 15:55:01,644 - INFO - [INIT] Flipkart API client initialized
2026-01-20 15:55:01,644 - INFO - [START] Multi-platform collection starting
2026-01-20 15:55:01,644 - INFO - [DB] Connecting (attempt 1/3)...
2026-01-20 15:55:01,653 - INFO - [DB] Connected successfully
2026-01-20 15:55:01,654 - INFO - [DB] Tables created successfully (rapidapi_amazon_products & rapidapi_flipkart_products)
2026-01-20 15:55:01,654 - INFO - 
######################################################################
[AMAZON] Starting Amazon collection
######################################################################
2026-01-20 15:55:01,654 - INFO - 
[AMAZON] Category 1/9
2026-01-20 15:55:01,654 - INFO - 
======================================================================
[AMAZON] Collecting Baby Products
2026-01-20 15:55:01,654 - INFO - [AMAZON] Page 1/3...
2026-01-20 15:55:05,730 - INFO - [DB] COMMITTED 24 Amazon products
2026-01-20 15:55:05,730 - INFO - [DB] VERIFIED: 24 Amazon records updated
2026-01-20 15:55:05,730 - INFO - [AMAZON] Saved 24 products
2026-01-20 15:55:07,731 - INFO - [AMAZON] Page 2/3...
2026-01-20 15:55:10,695 - INFO - [DB] COMMITTED 24 Amazon products
2026-01-20 15:55:10,696 - INFO - [DB] VERIFIED: 48 Amazon records updated
2026-01-20 15:55:10,696 - INFO - [AMAZON] Saved 24 products
2026-01-20 15:55:12,696 - INFO - [AMAZON] Page 3/3...
2026-01-20 15:55:15,524 - INFO - [DB] COMMITTED 24 Amazon products
2026-01-20 15:55:15,524 - INFO - [DB] VERIFIED: 70 Amazon records updated
2026-01-20 15:55:15,524 - INFO - [AMAZON] Saved 24 products
2026-01-20 15:55:15,524 - INFO - [AMAZON] Total: 72 products saved for Baby Products
2026-01-20 15:55:18,524 - INFO - 
[AMAZON] Category 2/9
2026-01-20 15:55:18,525 - INFO - 
======================================================================
[AMAZON] Collecting Electronics
2026-01-20 15:55:18,525 - INFO - [AMAZON] Page 1/3...
2026-01-20 15:55:21,296 - INFO - [DB] COMMITTED 24 Amazon products
2026-01-20 15:55:21,297 - INFO - [DB] VERIFIED: 94 Amazon records updated
2026-01-20 15:55:21,297 - INFO - [AMAZON] Saved 24 products
2026-01-20 15:55:23,297 - INFO - [AMAZON] Page 2/3...
2026-01-20 15:55:25,997 - INFO - [DB] COMMITTED 24 Amazon products
2026-01-20 15:55:25,998 - INFO - [DB] VERIFIED: 118 Amazon records updated
2026-01-20 15:55:25,998 - INFO - [AMAZON] Saved 24 products
2026-01-20 15:55:27,998 - INFO - [AMAZON] Page 3/3...
2026-01-20 15:55:30,606 - INFO - [DB] COMMITTED 24 Amazon products
2026-01-20 15:55:30,607 - INFO - [DB] VERIFIED: 142 Amazon records updated
2026-01-20 15:55:30,607 - INFO - [AMAZON] Saved 24 products
2026-01-20 15:55:30,607 - INFO - [AMAZON] Total: 72 products saved for Electronics
2026-01-20 15:55:33,607 - INFO - 
[AMAZON] Category 3/9
2026-01-20 15:55:33,607 - INFO - 
======================================================================
[AMAZON] Collecting Computers & Accessories
2026-01-20 15:55:33,608 - INFO - [AMAZON] Page 1/3...
2026-01-20 15:55:36,417 - INFO - [DB] COMMITTED 24 Amazon products
2026-01-20 15:55:36,418 - INFO - [DB] VERIFIED: 166 Amazon records updated
2026-01-20 15:55:36,418 - INFO - [AMAZON] Saved 24 products
2026-01-20 15:55:38,418 - INFO - [AMAZON] Page 2/3...
2026-01-20 15:55:41,264 - INFO - [DB] COMMITTED 24 Amazon products
2026-01-20 15:55:41,265 - INFO - [DB] VERIFIED: 190 Amazon records updated
2026-01-20 15:55:41,265 - INFO - [AMAZON] Saved 24 products
2026-01-20 15:55:43,265 - INFO - [AMAZON] Page 3/3...
2026-01-20 15:55:45,877 - INFO - [DB] COMMITTED 24 Amazon products
2026-01-20 15:55:45,878 - INFO - [DB] VERIFIED: 214 Amazon records updated
2026-01-20 15:55:45,878 - INFO - [AMAZON] Saved 24 products
2026-01-20 15:55:45,878 - INFO - [AMAZON] Total: 72 products saved for Computers & Accessories
2026-01-20 15:55:48,878 - INFO - 
[AMAZON] Category 4/9
2026-01-20 15:55:48,878 - INFO - 
======================================================================
[AMAZON] Collecting Cell Phones
2026-01-20 15:55:48,878 - INFO - [AMAZON] Page 1/3...
2026-01-20 15:55:51,764 - INFO - [DB] COMMITTED 24 Amazon products
2026-01-20 15:55:51,765 - INFO - [DB] VERIFIED: 238 Amazon records updated
2026-01-20 15:55:51,765 - INFO - [AMAZON] Saved 24 products
2026-01-20 15:55:53,765 - INFO - [AMAZON] Page 2/3...
2026-01-20 15:55:56,317 - INFO - [DB] COMMITTED 24 Amazon products
2026-01-20 15:55:56,318 - INFO - [DB] VERIFIED: 262 Amazon records updated
2026-01-20 15:55:56,318 - INFO - [AMAZON] Saved 24 products
2026-01-20 15:55:58,318 - INFO - [AMAZON] Page 3/3...
2026-01-20 15:56:01,134 - INFO - [DB] COMMITTED 24 Amazon products
2026-01-20 15:56:01,134 - INFO - [DB] VERIFIED: 286 Amazon records updated
2026-01-20 15:56:01,134 - INFO - [AMAZON] Saved 24 products
2026-01-20 15:56:01,134 - INFO - [AMAZON] Total: 72 products saved for Cell Phones
2026-01-20 15:56:04,135 - INFO - 
[AMAZON] Category 5/9
2026-01-20 15:56:04,135 - INFO - 
======================================================================
[AMAZON] Collecting Toys & Games
2026-01-20 15:56:04,135 - INFO - [AMAZON] Page 1/3...
2026-01-20 15:56:07,029 - INFO - [DB] COMMITTED 48 Amazon products
2026-01-20 15:56:07,029 - INFO - [DB] VERIFIED: 288 Amazon records updated
2026-01-20 15:56:07,029 - INFO - [AMAZON] Saved 48 products
2026-01-20 15:56:09,030 - INFO - [AMAZON] Page 2/3...
2026-01-20 15:56:12,265 - INFO - [DB] COMMITTED 48 Amazon products
2026-01-20 15:56:12,266 - INFO - [DB] VERIFIED: 312 Amazon records updated
2026-01-20 15:56:12,266 - INFO - [AMAZON] Saved 48 products
2026-01-20 15:56:14,266 - INFO - [AMAZON] Page 3/3...
2026-01-20 15:56:17,322 - INFO - [DB] COMMITTED 48 Amazon products
2026-01-20 15:56:17,323 - INFO - [DB] VERIFIED: 336 Amazon records updated
2026-01-20 15:56:17,323 - INFO - [AMAZON] Saved 48 products
2026-01-20 15:56:17,323 - INFO - [AMAZON] Total: 144 products saved for Toys & Games
2026-01-20 15:56:20,323 - INFO - 
[AMAZON] Category 6/9
2026-01-20 15:56:20,323 - INFO - 
======================================================================
[AMAZON] Collecting Health & Personal Care
2026-01-20 15:56:20,323 - INFO - [AMAZON] Page 1/3...
2026-01-20 15:56:23,319 - INFO - [DB] COMMITTED 24 Amazon products
2026-01-20 15:56:23,319 - INFO - [DB] VERIFIED: 336 Amazon records updated
2026-01-20 15:56:23,319 - INFO - [AMAZON] Saved 24 products
2026-01-20 15:56:25,319 - INFO - [AMAZON] Page 2/3...
2026-01-20 15:56:28,171 - INFO - [DB] COMMITTED 24 Amazon products
2026-01-20 15:56:28,172 - INFO - [DB] VERIFIED: 335 Amazon records updated
2026-01-20 15:56:28,172 - INFO - [AMAZON] Saved 24 products
2026-01-20 15:56:30,172 - INFO - [AMAZON] Page 3/3...
2026-01-20 15:56:33,168 - INFO - [DB] COMMITTED 24 Amazon products
2026-01-20 15:56:33,169 - INFO - [DB] VERIFIED: 330 Amazon records updated
2026-01-20 15:56:33,169 - INFO - [AMAZON] Saved 24 products
2026-01-20 15:56:33,169 - INFO - [AMAZON] Total: 72 products saved for Health & Personal Care
2026-01-20 15:56:36,169 - INFO - 
[AMAZON] Category 7/9
2026-01-20 15:56:36,169 - INFO - 
======================================================================
[AMAZON] Collecting Video Games
2026-01-20 15:56:36,169 - INFO - [AMAZON] Page 1/3...
2026-01-20 15:56:38,531 - INFO - [DB] COMMITTED 16 Amazon products
2026-01-20 15:56:38,532 - INFO - [DB] VERIFIED: 322 Amazon records updated
2026-01-20 15:56:38,532 - INFO - [AMAZON] Saved 16 products
2026-01-20 15:56:40,532 - INFO - [AMAZON] Page 2/3...
2026-01-20 15:56:42,859 - INFO - [DB] COMMITTED 16 Amazon products
2026-01-20 15:56:42,860 - INFO - [DB] VERIFIED: 314 Amazon records updated
2026-01-20 15:56:42,860 - INFO - [AMAZON] Saved 16 products
2026-01-20 15:56:44,860 - INFO - [AMAZON] Page 3/3...
2026-01-20 15:56:47,083 - INFO - [DB] COMMITTED 16 Amazon products
2026-01-20 15:56:47,083 - INFO - [DB] VERIFIED: 306 Amazon records updated
2026-01-20 15:56:47,083 - INFO - [AMAZON] Saved 16 products
2026-01-20 15:56:47,083 - INFO - [AMAZON] Total: 48 products saved for Video Games
2026-01-20 15:56:50,083 - INFO - 
[AMAZON] Category 8/9
2026-01-20 15:56:50,083 - INFO - 
======================================================================
[AMAZON] Collecting Pet Supplies
2026-01-20 15:56:50,083 - INFO - [AMAZON] Page 1/3...
2026-01-20 15:56:52,747 - INFO - [DB] COMMITTED 23 Amazon products
2026-01-20 15:56:52,747 - INFO - [DB] VERIFIED: 305 Amazon records updated
2026-01-20 15:56:52,747 - INFO - [AMAZON] Saved 23 products
2026-01-20 15:56:54,747 - INFO - [AMAZON] Page 2/3...
2026-01-20 15:56:56,541 - INFO - [AMAZON] Total: 23 products saved for Pet Supplies
2026-01-20 15:56:59,542 - INFO - 
[AMAZON] Category 9/9
2026-01-20 15:56:59,542 - INFO - 
======================================================================
[AMAZON] Collecting Beauty
2026-01-20 15:56:59,542 - INFO - [AMAZON] Page 1/3...
2026-01-20 15:57:03,009 - INFO - [DB] COMMITTED 48 Amazon products
2026-01-20 15:57:03,010 - INFO - [DB] VERIFIED: 281 Amazon records updated
2026-01-20 15:57:03,010 - INFO - [AMAZON] Saved 48 products
2026-01-20 15:57:05,010 - INFO - [AMAZON] Page 2/3...
2026-01-20 15:57:08,712 - INFO - [DB] COMMITTED 48 Amazon products
2026-01-20 15:57:08,713 - INFO - [DB] VERIFIED: 279 Amazon records updated
2026-01-20 15:57:08,713 - INFO - [AMAZON] Saved 48 products
2026-01-20 15:57:10,713 - INFO - [AMAZON] Page 3/3...
2026-01-20 15:57:14,220 - INFO - [DB] COMMITTED 48 Amazon products
2026-01-20 15:57:14,221 - INFO - [DB] VERIFIED: 272 Amazon records updated
2026-01-20 15:57:14,221 - INFO - [AMAZON] Saved 48 products
2026-01-20 15:57:14,221 - INFO - [AMAZON] Total: 144 products saved for Beauty
2026-01-20 15:57:14,221 - INFO - 
######################################################################
[FLIPKART] Starting Flipkart collection
######################################################################
2026-01-20 15:57:14,221 - INFO - 
[FLIPKART] Category 1/8
2026-01-20 15:57:14,221 - INFO - 
======================================================================
[FLIPKART] Collecting Mobiles
2026-01-20 15:57:14,221 - INFO - [FLIPKART] Page 1/3...
2026-01-20 15:57:14,586 - ERROR - RapidAPI HTTP 429: b'{"message":"You have exceeded the MONTHLY quota for Requests on your current plan, BASIC. Upgrade your plan at https:\\/\\/rapidapi.com\\/ayushsomanime\\/api\\/real-time-flipkart-data2"}'
2026-01-20 15:57:14,587 - WARNING - [FLIPKART] No response for page 1, stopping collection
2026-01-20 15:57:14,587 - INFO - [FLIPKART] Total: 0 products saved for Mobiles
2026-01-20 15:57:17,587 - INFO - 
[FLIPKART] Category 2/8
2026-01-20 15:57:17,587 - INFO - 
======================================================================
[FLIPKART] Collecting Electronics
2026-01-20 15:57:17,587 - INFO - [FLIPKART] Page 1/3...
2026-01-20 15:57:17,902 - ERROR - RapidAPI HTTP 429: b'{"message":"You have exceeded the MONTHLY quota for Requests on your current plan, BASIC. Upgrade your plan at https:\\/\\/rapidapi.com\\/ayushsomanime\\/api\\/real-time-flipkart-data2"}'
2026-01-20 15:57:17,902 - WARNING - [FLIPKART] No response for page 1, stopping collection
2026-01-20 15:57:17,903 - INFO - [FLIPKART] Total: 0 products saved for Electronics
2026-01-20 15:57:20,903 - INFO - 
[FLIPKART] Category 3/8
2026-01-20 15:57:20,903 - INFO - 
======================================================================
[FLIPKART] Collecting Clothing
2026-01-20 15:57:20,903 - INFO - [FLIPKART] Page 1/3...
2026-01-20 15:57:21,277 - ERROR - RapidAPI HTTP 429: b'{"message":"You have exceeded the MONTHLY quota for Requests on your current plan, BASIC. Upgrade your plan at https:\\/\\/rapidapi.com\\/ayushsomanime\\/api\\/real-time-flipkart-data2"}'
2026-01-20 15:57:21,277 - WARNING - [FLIPKART] No response for page 1, stopping collection
2026-01-20 15:57:21,278 - INFO - [FLIPKART] Total: 0 products saved for Clothing
2026-01-20 15:57:24,278 - INFO - 
[FLIPKART] Category 4/8
2026-01-20 15:57:24,278 - INFO - 
======================================================================
[FLIPKART] Collecting Home Decor
2026-01-20 15:57:24,278 - INFO - [FLIPKART] Page 1/3...
2026-01-20 15:57:24,596 - ERROR - RapidAPI HTTP 429: b'{"message":"You have exceeded the MONTHLY quota for Requests on your current plan, BASIC. Upgrade your plan at https:\\/\\/rapidapi.com\\/ayushsomanime\\/api\\/real-time-flipkart-data2"}'
2026-01-20 15:57:24,597 - WARNING - [FLIPKART] No response for page 1, stopping collection
2026-01-20 15:57:24,597 - INFO - [FLIPKART] Total: 0 products saved for Home Decor
2026-01-20 15:57:27,597 - INFO - 
[FLIPKART] Category 5/8
2026-01-20 15:57:27,597 - INFO - 
======================================================================
[FLIPKART] Collecting Home Appliances
2026-01-20 15:57:27,597 - INFO - [FLIPKART] Page 1/3...
2026-01-20 15:57:27,911 - ERROR - RapidAPI HTTP 429: b'{"message":"You have exceeded the MONTHLY quota for Requests on your current plan, BASIC. Upgrade your plan at https:\\/\\/rapidapi.com\\/ayushsomanime\\/api\\/real-time-flipkart-data2"}'
2026-01-20 15:57:27,911 - WARNING - [FLIPKART] No response for page 1, stopping collection
2026-01-20 15:57:27,912 - INFO - [FLIPKART] Total: 0 products saved for Home Appliances
2026-01-20 15:57:30,912 - INFO - 
[FLIPKART] Category 6/8
2026-01-20 15:57:30,912 - INFO - 
======================================================================
[FLIPKART] Collecting Food and Nutrition
2026-01-20 15:57:30,912 - INFO - [FLIPKART] Page 1/3...
2026-01-20 15:57:31,275 - ERROR - RapidAPI HTTP 429: b'{"message":"You have exceeded the MONTHLY quota for Requests on your current plan, BASIC. Upgrade your plan at https:\\/\\/rapidapi.com\\/ayushsomanime\\/api\\/real-time-flipkart-data2"}'
2026-01-20 15:57:31,276 - WARNING - [FLIPKART] No response for page 1, stopping collection
2026-01-20 15:57:31,276 - INFO - [FLIPKART] Total: 0 products saved for Food and Nutrition
2026-01-20 15:57:34,276 - INFO - 
[FLIPKART] Category 7/8
2026-01-20 15:57:34,276 - INFO - 
======================================================================
[FLIPKART] Collecting Toys and Games
2026-01-20 15:57:34,276 - INFO - [FLIPKART] Page 1/3...
2026-01-20 15:57:34,639 - ERROR - RapidAPI HTTP 429: b'{"message":"You have exceeded the MONTHLY quota for Requests on your current plan, BASIC. Upgrade your plan at https:\\/\\/rapidapi.com\\/ayushsomanime\\/api\\/real-time-flipkart-data2"}'
2026-01-20 15:57:34,640 - WARNING - [FLIPKART] No response for page 1, stopping collection
2026-01-20 15:57:34,640 - INFO - [FLIPKART] Total: 0 products saved for Toys and Games
2026-01-20 15:57:37,640 - INFO - 
[FLIPKART] Category 8/8
2026-01-20 15:57:37,640 - INFO - 
======================================================================
[FLIPKART] Collecting Health & Personal Care Appliances
2026-01-20 15:57:37,640 - INFO - [FLIPKART] Page 1/3...
2026-01-20 15:57:38,001 - ERROR - RapidAPI HTTP 429: b'{"message":"You have exceeded the MONTHLY quota for Requests on your current plan, BASIC. Upgrade your plan at https:\\/\\/rapidapi.com\\/ayushsomanime\\/api\\/real-time-flipkart-data2"}'
2026-01-20 15:57:38,001 - WARNING - [FLIPKART] No response for page 1, stopping collection
2026-01-20 15:57:38,001 - INFO - [FLIPKART] Total: 0 products saved for Health & Personal Care Appliances
2026-01-20 15:57:38,002 - INFO - [DB] Final commit completed
2026-01-20 15:57:38,002 - INFO - 
======================================================================
[FINAL STATISTICS]
======================================================================
2026-01-20 15:57:38,007 - INFO - 
[AMAZON STATS]
2026-01-20 15:57:38,007 - INFO -   Products: 2079
2026-01-20 15:57:38,007 - INFO -   Unique ASINs: 1869
2026-01-20 15:57:38,007 - INFO -   Categories: 10
2026-01-20 15:57:38,007 - INFO -   Avg Price: Rs 1928.49
2026-01-20 15:57:38,007 - INFO -   Avg Sales: 155,284,810
2026-01-20 15:57:38,007 - INFO -   Last Updated: 2026-01-20 10:27:08.712977+00:00
2026-01-20 15:57:38,014 - INFO - 
[FLIPKART STATS]
2026-01-20 15:57:38,014 - INFO -   Products: 3056
2026-01-20 15:57:38,014 - INFO -   Unique PIDs: 3056
2026-01-20 15:57:38,014 - INFO -   Categories: 8
2026-01-20 15:57:38,014 - INFO -   Avg Price: Rs 11023.06
2026-01-20 15:57:38,014 - INFO -   Avg Estimated Sales: 110,088
2026-01-20 15:57:38,014 - INFO -   Last Updated: 2026-01-12 10:27:29.073858+00:00
2026-01-20 15:57:38,014 - INFO - 
[COMPLETE] Amazon: 719 | Flipkart: 0 | Total: 719
2026-01-20 15:57:38,014 - INFO - [DB] Disconnected
