2025-10-28 13:15:24,683 - INFO - [RapidAPI] Client initialized for host: real-time-amazon-data.p.rapidapi.com
2025-10-28 13:15:24,683 - INFO - [DB] Attempt 1/3: Connecting...
2025-10-28 13:15:26,732 - ERROR - [DB ERROR] connection to server at "122.176.108.253", port 5432 failed: Connection refused (0x0000274D/10061)
	Is the server running on that host and accepting TCP/IP connections?

2025-10-28 13:15:28,763 - INFO - [DB] Attempt 2/3: Connecting...
2025-10-28 13:15:30,807 - ERROR - [DB ERROR] connection to server at "122.176.108.253", port 5432 failed: Connection refused (0x0000274D/10061)
	Is the server running on that host and accepting TCP/IP connections?

2025-10-28 13:15:34,836 - INFO - [DB] Attempt 3/3: Connecting...
2025-10-28 13:15:36,896 - ERROR - [DB ERROR] connection to server at "122.176.108.253", port 5432 failed: Connection refused (0x0000274D/10061)
	Is the server running on that host and accepting TCP/IP connections?

2025-10-28 13:15:36,898 - ERROR - [EXIT] Database connection failed
2025-10-28 13:18:06,850 - INFO - [RapidAPI] Client initialized for host: real-time-amazon-data.p.rapidapi.com
2025-10-28 13:18:06,851 - INFO - [CSV] Output directory: data_output
2025-10-28 13:18:06,851 - INFO - ======================================================================
2025-10-28 13:18:06,852 - INFO - [START] RapidAPI Amazon Data Collection
2025-10-28 13:18:06,852 - INFO - ======================================================================
2025-10-28 13:18:06,852 - INFO - [DB] Attempting to connect...
2025-10-28 13:18:09,008 - ERROR - [DB] Connection failed: connection to server at "122.176.108.253", port 5432 failed: Connection refused (0x0000274D/10061)
	Is the server running on that host and accepting TCP/IP connections?

2025-10-28 13:18:09,009 - WARNING - [DB] Will use CSV fallback mode
2025-10-28 13:18:09,010 - INFO - [MODE] Using CSV storage (database unavailable)
2025-10-28 13:18:09,010 - INFO - 
[PROGRESS] Category 1/3
2025-10-28 13:18:09,010 - INFO - 
2025-10-28 13:18:09,010 - INFO - ======================================================================
2025-10-28 13:18:09,010 - INFO - [COLLECT] Baby Products (ID: 281407)
2025-10-28 13:18:09,010 - INFO - ======================================================================
2025-10-28 13:18:09,011 - INFO - [PAGE] Fetching page 1/5...
2025-10-28 13:18:09,011 - INFO - [RapidAPI] Fetching products: category=281407, page=1, country=US
2025-10-28 13:18:11,610 - INFO - [RapidAPI] ✓ Success: 24 products (total available: 67595)
2025-10-28 13:18:11,642 - INFO - [CSV] ✓ Saved 24 products to Baby_Products_US_20251028_131811.csv
2025-10-28 13:18:11,642 - INFO - [SAVED] ✓ 24 products from page 1
2025-10-28 13:18:13,643 - INFO - [PAGE] Fetching page 2/5...
2025-10-28 13:18:13,643 - INFO - [RapidAPI] Fetching products: category=281407, page=2, country=US
2025-10-28 13:18:16,209 - INFO - [RapidAPI] ✓ Success: 24 products (total available: 67595)
2025-10-28 13:18:16,212 - INFO - [CSV] ✓ Saved 24 products to Baby_Products_US_20251028_131816.csv
2025-10-28 13:18:16,213 - INFO - [SAVED] ✓ 24 products from page 2
2025-10-28 13:18:18,214 - INFO - [PAGE] Fetching page 3/5...
2025-10-28 13:18:18,214 - INFO - [RapidAPI] Fetching products: category=281407, page=3, country=US
2025-10-28 13:18:18,824 - ERROR - [RapidAPI] HTTP 429: Too Many Requests
2025-10-28 13:18:18,825 - ERROR - [RapidAPI] Response: {"message":"You have exceeded the MONTHLY quota for Requests on your current plan, BASIC. Upgrade your plan at https:\/\/rapidapi.com\/letscrape-6bRBa3QguO5\/api\/real-time-amazon-data"}
2025-10-28 13:18:18,826 - ERROR - [FAILED] Could not fetch page 3
2025-10-28 13:18:18,826 - INFO - [SUCCESS] ✓ Total 48 products saved
2025-10-28 13:18:21,828 - INFO - 
[PROGRESS] Category 2/3
2025-10-28 13:18:21,828 - INFO - 
2025-10-28 13:18:21,829 - INFO - ======================================================================
2025-10-28 13:18:21,829 - INFO - [COLLECT] Electronics (ID: 172282)
2025-10-28 13:18:21,829 - INFO - ======================================================================
2025-10-28 13:18:21,829 - INFO - [PAGE] Fetching page 1/5...
2025-10-28 13:18:21,830 - INFO - [RapidAPI] Fetching products: category=172282, page=1, country=US
2025-10-28 13:18:22,165 - ERROR - [RapidAPI] HTTP 429: Too Many Requests
2025-10-28 13:18:22,166 - ERROR - [RapidAPI] Response: {"message":"You have exceeded the MONTHLY quota for Requests on your current plan, BASIC. Upgrade your plan at https:\/\/rapidapi.com\/letscrape-6bRBa3QguO5\/api\/real-time-amazon-data"}
2025-10-28 13:18:22,166 - ERROR - [FAILED] Could not fetch page 1
2025-10-28 13:18:22,166 - INFO - [SUCCESS] ✓ Total 0 products saved
2025-10-28 13:18:25,167 - INFO - 
[PROGRESS] Category 3/3
2025-10-28 13:18:25,168 - INFO - 
2025-10-28 13:18:25,169 - INFO - ======================================================================
2025-10-28 13:18:25,169 - INFO - [COLLECT] Computers & Accessories (ID: 16225007011)
2025-10-28 13:18:25,170 - INFO - ======================================================================
2025-10-28 13:18:25,170 - INFO - [PAGE] Fetching page 1/5...
2025-10-28 13:18:25,170 - INFO - [RapidAPI] Fetching products: category=16225007011, page=1, country=US
2025-10-28 13:18:25,562 - ERROR - [RapidAPI] HTTP 429: Too Many Requests
2025-10-28 13:18:25,562 - ERROR - [RapidAPI] Response: {"message":"You have exceeded the MONTHLY quota for Requests on your current plan, BASIC. Upgrade your plan at https:\/\/rapidapi.com\/letscrape-6bRBa3QguO5\/api\/real-time-amazon-data"}
2025-10-28 13:18:25,563 - ERROR - [FAILED] Could not fetch page 1
2025-10-28 13:18:25,564 - INFO - [SUCCESS] ✓ Total 0 products saved
2025-10-28 13:18:25,594 - INFO - [CSV] ✓ Summary saved to data_output\summary_20251028_131825.json
2025-10-28 13:18:25,595 - INFO - 
2025-10-28 13:18:25,596 - INFO - ======================================================================
2025-10-28 13:18:25,596 - INFO - [COMPLETE] Data Collection Finished
2025-10-28 13:18:25,596 - INFO - [STATS] Total products: 48
2025-10-28 13:18:25,596 - INFO - [OUTPUT] Files saved to: data_output/
2025-10-28 13:18:25,596 - INFO - ======================================================================
2025-10-28 13:36:27,232 - INFO - 
2025-10-28 13:36:27,232 - INFO - ╔════════════════════════════════════════════════════════════════════╗
2025-10-28 13:36:27,232 - INFO - ║               RapidAPI Amazon Collector (India)                   ║
2025-10-28 13:36:27,232 - INFO - ║               Auto Database Setup Enabled                         ║
2025-10-28 13:36:27,233 - INFO - ╚════════════════════════════════════════════════════════════════════╝
2025-10-28 13:36:27,233 - INFO - 
2025-10-28 13:36:27,235 - INFO - [CONFIG] Country: US
2025-10-28 13:36:27,235 - INFO - [CONFIG] Categories: 3
2025-10-28 13:36:27,235 - INFO - [CONFIG] Max pages per category: 5
2025-10-28 13:36:27,235 - INFO - [RapidAPI] Client initialized for host: real-time-amazon-data.p.rapidapi.com
2025-10-28 13:36:27,236 - INFO - [CSV] Output directory: data_output
2025-10-28 13:36:27,237 - INFO - ======================================================================
2025-10-28 13:36:27,237 - INFO - [START] RapidAPI Amazon Data Collection
2025-10-28 13:36:27,237 - INFO - [COUNTRY] Target: US
2025-10-28 13:36:27,237 - INFO - ======================================================================
2025-10-28 13:36:27,237 - INFO - [DB] Attempt 1/3: Connecting...
2025-10-28 13:36:29,306 - ERROR - [DB ERROR] connection to server at "122.176.108.253", port 5432 failed: Connection refused (0x0000274D/10061)
	Is the server running on that host and accepting TCP/IP connections?

2025-10-28 13:36:29,307 - INFO - [DB] Retrying in 2 seconds...
2025-10-28 13:36:31,308 - INFO - [DB] Attempt 2/3: Connecting...
2025-10-28 13:36:33,343 - ERROR - [DB ERROR] connection to server at "122.176.108.253", port 5432 failed: Connection refused (0x0000274D/10061)
	Is the server running on that host and accepting TCP/IP connections?

2025-10-28 13:36:33,343 - INFO - [DB] Retrying in 4 seconds...
2025-10-28 13:36:37,344 - INFO - [DB] Attempt 3/3: Connecting...
2025-10-28 13:36:39,381 - ERROR - [DB ERROR] connection to server at "122.176.108.253", port 5432 failed: Connection refused (0x0000274D/10061)
	Is the server running on that host and accepting TCP/IP connections?

2025-10-28 13:36:39,382 - ERROR - [DB] Max retries reached. Connection failed.
2025-10-28 13:36:39,382 - WARNING - [DB] Will use CSV fallback mode
2025-10-28 13:36:39,383 - INFO - [MODE] Using CSV storage (database unavailable)
2025-10-28 13:36:39,383 - INFO - 
[PROGRESS] Category 1/3
2025-10-28 13:36:39,383 - INFO - 
2025-10-28 13:36:39,383 - INFO - ======================================================================
2025-10-28 13:36:39,384 - INFO - [COLLECT] Baby Products (ID: 281407)
2025-10-28 13:36:39,384 - INFO - ======================================================================
2025-10-28 13:36:39,384 - INFO - [PAGE] Fetching page 1/5...
2025-10-28 13:36:39,384 - INFO - [RapidAPI] Fetching products: category=281407, page=1, country=US
2025-10-28 13:36:39,820 - ERROR - [RapidAPI] HTTP 429: Too Many Requests
2025-10-28 13:36:39,821 - ERROR - [RapidAPI] Response: {"message":"You have exceeded the MONTHLY quota for Requests on your current plan, BASIC. Upgrade your plan at https:\/\/rapidapi.com\/letscrape-6bRBa3QguO5\/api\/real-time-amazon-data"}
2025-10-28 13:36:39,822 - ERROR - [FAILED] Could not fetch page 1
2025-10-28 13:36:39,822 - INFO - [SUCCESS] ✅ Total 0 products saved
2025-10-28 13:36:42,824 - INFO - 
[PROGRESS] Category 2/3
2025-10-28 13:36:42,825 - INFO - 
2025-10-28 13:36:42,826 - INFO - ======================================================================
2025-10-28 13:36:42,826 - INFO - [COLLECT] Electronics (ID: 172282)
2025-10-28 13:36:42,827 - INFO - ======================================================================
2025-10-28 13:36:42,828 - INFO - [PAGE] Fetching page 1/5...
2025-10-28 13:36:42,828 - INFO - [RapidAPI] Fetching products: category=172282, page=1, country=US
2025-10-28 13:36:43,296 - ERROR - [RapidAPI] HTTP 429: Too Many Requests
2025-10-28 13:36:43,296 - ERROR - [RapidAPI] Response: {"message":"You have exceeded the MONTHLY quota for Requests on your current plan, BASIC. Upgrade your plan at https:\/\/rapidapi.com\/letscrape-6bRBa3QguO5\/api\/real-time-amazon-data"}
2025-10-28 13:36:43,297 - ERROR - [FAILED] Could not fetch page 1
2025-10-28 13:36:43,297 - INFO - [SUCCESS] ✅ Total 0 products saved
2025-10-28 13:36:46,298 - INFO - 
[PROGRESS] Category 3/3
2025-10-28 13:36:46,299 - INFO - 
2025-10-28 13:36:46,299 - INFO - ======================================================================
2025-10-28 13:36:46,300 - INFO - [COLLECT] Computers & Accessories (ID: 16225007011)
2025-10-28 13:36:46,300 - INFO - ======================================================================
2025-10-28 13:36:46,300 - INFO - [PAGE] Fetching page 1/5...
2025-10-28 13:36:46,300 - INFO - [RapidAPI] Fetching products: category=16225007011, page=1, country=US
2025-10-28 13:36:46,663 - ERROR - [RapidAPI] HTTP 429: Too Many Requests
2025-10-28 13:36:46,663 - ERROR - [RapidAPI] Response: {"message":"You have exceeded the MONTHLY quota for Requests on your current plan, BASIC. Upgrade your plan at https:\/\/rapidapi.com\/letscrape-6bRBa3QguO5\/api\/real-time-amazon-data"}
2025-10-28 13:36:46,664 - ERROR - [FAILED] Could not fetch page 1
2025-10-28 13:36:46,664 - INFO - [SUCCESS] ✅ Total 0 products saved
2025-10-28 13:36:46,665 - INFO - [CSV] ✅ Summary saved to data_output\summary_20251028_133646.json
2025-10-28 13:36:46,665 - INFO - 
2025-10-28 13:36:46,666 - INFO - ======================================================================
2025-10-28 13:36:46,666 - INFO - [COMPLETE] Data Collection Finished
2025-10-28 13:36:46,666 - INFO - [STATS] Total products: 0
2025-10-28 13:36:46,666 - INFO - [STATS] Total categories: 3
2025-10-28 13:36:46,666 - INFO - [OUTPUT] Files saved to: data_output/
2025-10-28 13:36:46,667 - INFO - ======================================================================
2025-10-28 13:38:13,326 - INFO - 
2025-10-28 13:38:13,326 - INFO - ╔════════════════════════════════════════════════════════════════════╗
2025-10-28 13:38:13,327 - INFO - ║               RapidAPI Amazon Collector (India)                   ║
2025-10-28 13:38:13,327 - INFO - ║               Auto Database Setup Enabled                         ║
2025-10-28 13:38:13,327 - INFO - ╚════════════════════════════════════════════════════════════════════╝
2025-10-28 13:38:13,327 - INFO - 
2025-10-28 13:38:13,329 - INFO - [CONFIG] Country: IN
2025-10-28 13:38:13,329 - INFO - [CONFIG] Categories: 3
2025-10-28 13:38:13,329 - INFO - [CONFIG] Max pages per category: 5
2025-10-28 13:38:13,330 - INFO - [RapidAPI] Client initialized for host: real-time-amazon-data.p.rapidapi.com
2025-10-28 13:38:13,330 - INFO - [CSV] Output directory: data_output
2025-10-28 13:38:13,330 - INFO - ======================================================================
2025-10-28 13:38:13,330 - INFO - [START] RapidAPI Amazon Data Collection
2025-10-28 13:38:13,330 - INFO - [COUNTRY] Target: IN
2025-10-28 13:38:13,330 - INFO - ======================================================================
2025-10-28 13:38:13,331 - INFO - [DB] Attempt 1/3: Connecting...
2025-10-28 13:38:15,423 - ERROR - [DB ERROR] connection to server at "122.176.108.253", port 5432 failed: Connection refused (0x0000274D/10061)
	Is the server running on that host and accepting TCP/IP connections?

2025-10-28 13:38:15,424 - INFO - [DB] Retrying in 2 seconds...
2025-10-28 13:38:17,424 - INFO - [DB] Attempt 2/3: Connecting...
2025-10-28 13:38:19,468 - ERROR - [DB ERROR] connection to server at "122.176.108.253", port 5432 failed: Connection refused (0x0000274D/10061)
	Is the server running on that host and accepting TCP/IP connections?

2025-10-28 13:38:19,469 - INFO - [DB] Retrying in 4 seconds...
2025-10-28 13:38:23,470 - INFO - [DB] Attempt 3/3: Connecting...
2025-10-28 13:38:25,538 - ERROR - [DB ERROR] connection to server at "122.176.108.253", port 5432 failed: Connection refused (0x0000274D/10061)
	Is the server running on that host and accepting TCP/IP connections?

2025-10-28 13:38:25,539 - ERROR - [DB] Max retries reached. Connection failed.
2025-10-28 13:38:25,540 - WARNING - [DB] Will use CSV fallback mode
2025-10-28 13:38:25,540 - INFO - [MODE] Using CSV storage (database unavailable)
2025-10-28 13:38:25,540 - INFO - 
[PROGRESS] Category 1/3
2025-10-28 13:38:25,540 - INFO - 
2025-10-28 13:38:25,540 - INFO - ======================================================================
2025-10-28 13:38:25,540 - INFO - [COLLECT] Baby Products (ID: 1350380031)
2025-10-28 13:38:25,540 - INFO - ======================================================================
2025-10-28 13:38:25,540 - INFO - [PAGE] Fetching page 1/5...
2025-10-28 13:38:25,540 - INFO - [RapidAPI] Fetching products: category=1350380031, page=1, country=IN
2025-10-28 13:38:25,907 - ERROR - [RapidAPI] HTTP 429: Too Many Requests
2025-10-28 13:38:25,908 - ERROR - [RapidAPI] Response: {"message":"You have exceeded the MONTHLY quota for Requests on your current plan, BASIC. Upgrade your plan at https:\/\/rapidapi.com\/letscrape-6bRBa3QguO5\/api\/real-time-amazon-data"}
2025-10-28 13:38:25,908 - ERROR - [FAILED] Could not fetch page 1
2025-10-28 13:38:25,908 - INFO - [SUCCESS] ✅ Total 0 products saved
2025-10-28 13:38:28,909 - INFO - 
[PROGRESS] Category 2/3
2025-10-28 13:38:28,910 - INFO - 
2025-10-28 13:38:28,910 - INFO - ======================================================================
2025-10-28 13:38:28,910 - INFO - [COLLECT] Electronics (ID: 976419031)
2025-10-28 13:38:28,910 - INFO - ======================================================================
2025-10-28 13:38:28,910 - INFO - [PAGE] Fetching page 1/5...
2025-10-28 13:38:28,910 - INFO - [RapidAPI] Fetching products: category=976419031, page=1, country=IN
2025-10-28 13:38:29,231 - ERROR - [RapidAPI] HTTP 429: Too Many Requests
2025-10-28 13:38:29,231 - ERROR - [RapidAPI] Response: {"message":"You have exceeded the MONTHLY quota for Requests on your current plan, BASIC. Upgrade your plan at https:\/\/rapidapi.com\/letscrape-6bRBa3QguO5\/api\/real-time-amazon-data"}
2025-10-28 13:38:29,232 - ERROR - [FAILED] Could not fetch page 1
2025-10-28 13:38:29,232 - INFO - [SUCCESS] ✅ Total 0 products saved
2025-10-28 13:38:32,232 - INFO - 
[PROGRESS] Category 3/3
2025-10-28 13:38:32,238 - INFO - 
2025-10-28 13:38:32,239 - INFO - ======================================================================
2025-10-28 13:38:32,240 - INFO - [COLLECT] Computers & Accessories (ID: 976392031)
2025-10-28 13:38:32,241 - INFO - ======================================================================
2025-10-28 13:38:32,263 - INFO - [PAGE] Fetching page 1/5...
2025-10-28 13:38:32,268 - INFO - [RapidAPI] Fetching products: category=976392031, page=1, country=IN
2025-10-28 13:38:32,717 - ERROR - [RapidAPI] HTTP 429: Too Many Requests
2025-10-28 13:38:32,718 - ERROR - [RapidAPI] Response: {"message":"You have exceeded the MONTHLY quota for Requests on your current plan, BASIC. Upgrade your plan at https:\/\/rapidapi.com\/letscrape-6bRBa3QguO5\/api\/real-time-amazon-data"}
2025-10-28 13:38:32,721 - ERROR - [FAILED] Could not fetch page 1
2025-10-28 13:38:32,722 - INFO - [SUCCESS] ✅ Total 0 products saved
2025-10-28 13:38:32,725 - INFO - [CSV] ✅ Summary saved to data_output\summary_20251028_133832.json
2025-10-28 13:38:32,729 - INFO - 
2025-10-28 13:38:32,733 - INFO - ======================================================================
2025-10-28 13:38:32,737 - INFO - [COMPLETE] Data Collection Finished
2025-10-28 13:38:32,742 - INFO - [STATS] Total products: 0
2025-10-28 13:38:32,742 - INFO - [STATS] Total categories: 3
2025-10-28 13:38:32,744 - INFO - [OUTPUT] Files saved to: data_output/
2025-10-28 13:38:32,745 - INFO - ======================================================================
2025-10-28 13:52:20,737 - INFO - [RapidAPI] Client initialized for host: real-time-amazon-data.p.rapidapi.com
2025-10-28 13:52:20,738 - INFO - [CSV] Output directory: data_output
2025-10-28 13:52:20,738 - INFO - ======================================================================
2025-10-28 13:52:20,739 - INFO - [START] RapidAPI Amazon Data Collection
2025-10-28 13:52:20,739 - INFO - ======================================================================
2025-10-28 13:52:20,739 - INFO - [DB] Attempting to connect...
2025-10-28 13:52:22,856 - ERROR - [DB] Connection failed: connection to server at "122.176.108.253", port 5432 failed: Connection refused (0x0000274D/10061)
	Is the server running on that host and accepting TCP/IP connections?

2025-10-28 13:52:22,857 - WARNING - [DB] Will use CSV fallback mode
2025-10-28 13:52:22,857 - INFO - [MODE] Using CSV storage (database unavailable)
2025-10-28 13:52:22,858 - INFO - 
[PROGRESS] Category 1/3
2025-10-28 13:52:22,858 - INFO - 
2025-10-28 13:52:22,858 - INFO - ======================================================================
2025-10-28 13:52:22,858 - INFO - [COLLECT] Baby Products (ID: 1350380031)
2025-10-28 13:52:22,858 - INFO - ======================================================================
2025-10-28 13:52:22,859 - INFO - [PAGE] Fetching page 1/5...
2025-10-28 13:52:22,859 - INFO - [RapidAPI] Fetching products: category=1350380031, page=1, country=IN
2025-10-28 13:52:23,286 - ERROR - [RapidAPI] HTTP 429: Too Many Requests
2025-10-28 13:52:23,287 - ERROR - [RapidAPI] Response: {"message":"You have exceeded the MONTHLY quota for Requests on your current plan, BASIC. Upgrade your plan at https:\/\/rapidapi.com\/letscrape-6bRBa3QguO5\/api\/real-time-amazon-data"}
2025-10-28 13:52:23,289 - ERROR - [FAILED] Could not fetch page 1
2025-10-28 13:52:23,289 - INFO - [SUCCESS] ✓ Total 0 products saved
2025-10-28 13:52:26,291 - INFO - 
[PROGRESS] Category 2/3
2025-10-28 13:52:26,292 - INFO - 
2025-10-28 13:52:26,293 - INFO - ======================================================================
2025-10-28 13:52:26,293 - INFO - [COLLECT] Electronics (ID: 976419031)
2025-10-28 13:52:26,294 - INFO - ======================================================================
2025-10-28 13:52:26,294 - INFO - [PAGE] Fetching page 1/5...
2025-10-28 13:52:26,295 - INFO - [RapidAPI] Fetching products: category=976419031, page=1, country=IN
2025-10-28 13:52:26,701 - ERROR - [RapidAPI] HTTP 429: Too Many Requests
2025-10-28 13:52:26,703 - ERROR - [RapidAPI] Response: {"message":"You have exceeded the MONTHLY quota for Requests on your current plan, BASIC. Upgrade your plan at https:\/\/rapidapi.com\/letscrape-6bRBa3QguO5\/api\/real-time-amazon-data"}
2025-10-28 13:52:26,704 - ERROR - [FAILED] Could not fetch page 1
2025-10-28 13:52:26,704 - INFO - [SUCCESS] ✓ Total 0 products saved
2025-10-28 13:52:29,706 - INFO - 
[PROGRESS] Category 3/3
2025-10-28 13:52:29,706 - INFO - 
2025-10-28 13:52:29,708 - INFO - ======================================================================
2025-10-28 13:52:29,708 - INFO - [COLLECT] Computers & Accessories (ID: 976392031)
2025-10-28 13:52:29,708 - INFO - ======================================================================
2025-10-28 13:52:29,708 - INFO - [PAGE] Fetching page 1/5...
2025-10-28 13:52:29,709 - INFO - [RapidAPI] Fetching products: category=976392031, page=1, country=IN
2025-10-28 13:52:30,075 - ERROR - [RapidAPI] HTTP 429: Too Many Requests
2025-10-28 13:52:30,076 - ERROR - [RapidAPI] Response: {"message":"You have exceeded the MONTHLY quota for Requests on your current plan, BASIC. Upgrade your plan at https:\/\/rapidapi.com\/letscrape-6bRBa3QguO5\/api\/real-time-amazon-data"}
2025-10-28 13:52:30,077 - ERROR - [FAILED] Could not fetch page 1
2025-10-28 13:52:30,077 - INFO - [SUCCESS] ✓ Total 0 products saved
2025-10-28 13:52:30,078 - INFO - [CSV] ✓ Summary saved to data_output\summary_20251028_135230.json
2025-10-28 13:52:30,079 - INFO - 
2025-10-28 13:52:30,079 - INFO - ======================================================================
2025-10-28 13:52:30,080 - INFO - [COMPLETE] Data Collection Finished
2025-10-28 13:52:30,080 - INFO - [STATS] Total products: 0
2025-10-28 13:52:30,080 - INFO - [OUTPUT] Files saved to: data_output/
2025-10-28 13:52:30,081 - INFO - ======================================================================
2025-10-28 14:01:30,773 - INFO - [RapidAPI] Client initialized for host: real-time-amazon-data.p.rapidapi.com
2025-10-28 14:01:30,773 - INFO - [CSV] Output directory: data_output
2025-10-28 14:01:30,774 - INFO - ======================================================================
2025-10-28 14:01:30,774 - INFO - [START] RapidAPI Amazon Data Collection
2025-10-28 14:01:30,774 - INFO - ======================================================================
2025-10-28 14:01:30,774 - INFO - [DB] Attempting to connect...
2025-10-28 14:01:32,837 - ERROR - [DB] Connection failed: connection to server at "122.176.108.253", port 5432 failed: Connection refused (0x0000274D/10061)
	Is the server running on that host and accepting TCP/IP connections?

2025-10-28 14:01:32,838 - WARNING - [DB] Will use CSV fallback mode
2025-10-28 14:01:32,839 - INFO - [MODE] Using CSV storage (database unavailable)
2025-10-28 14:01:32,839 - INFO - 
[PROGRESS] Category 1/3
2025-10-28 14:01:32,840 - INFO - 
2025-10-28 14:01:32,840 - INFO - ======================================================================
2025-10-28 14:01:32,840 - INFO - [COLLECT] Baby Products (ID: 1350380031)
2025-10-28 14:01:32,841 - INFO - ======================================================================
2025-10-28 14:01:32,841 - INFO - [PAGE] Fetching page 1/5...
2025-10-28 14:01:32,842 - INFO - [RapidAPI] Fetching products: category=1350380031, page=1, country=IN
2025-10-28 14:01:34,970 - ERROR - [RapidAPI] HTTP 403: Forbidden
2025-10-28 14:01:34,971 - ERROR - [RapidAPI] Response: {"message":"You are not subscribed to this API."}
2025-10-28 14:01:34,972 - ERROR - [FAILED] Could not fetch page 1
2025-10-28 14:01:34,972 - INFO - [SUCCESS] ✓ Total 0 products saved
2025-10-28 14:01:37,974 - INFO - 
[PROGRESS] Category 2/3
2025-10-28 14:01:37,974 - INFO - 
2025-10-28 14:01:37,974 - INFO - ======================================================================
2025-10-28 14:01:37,975 - INFO - [COLLECT] Electronics (ID: 976419031)
2025-10-28 14:01:37,975 - INFO - ======================================================================
2025-10-28 14:01:37,975 - INFO - [PAGE] Fetching page 1/5...
2025-10-28 14:01:37,975 - INFO - [RapidAPI] Fetching products: category=976419031, page=1, country=IN
2025-10-28 14:01:39,398 - ERROR - [RapidAPI] HTTP 403: Forbidden
2025-10-28 14:01:39,399 - ERROR - [RapidAPI] Response: {"message":"You are not subscribed to this API."}
2025-10-28 14:01:39,400 - ERROR - [FAILED] Could not fetch page 1
2025-10-28 14:01:39,400 - INFO - [SUCCESS] ✓ Total 0 products saved
2025-10-28 14:01:42,401 - INFO - 
[PROGRESS] Category 3/3
2025-10-28 14:01:42,402 - INFO - 
2025-10-28 14:01:42,402 - INFO - ======================================================================
2025-10-28 14:01:42,402 - INFO - [COLLECT] Computers & Accessories (ID: 976392031)
2025-10-28 14:01:42,403 - INFO - ======================================================================
2025-10-28 14:01:42,403 - INFO - [PAGE] Fetching page 1/5...
2025-10-28 14:01:42,403 - INFO - [RapidAPI] Fetching products: category=976392031, page=1, country=IN
2025-10-28 14:01:43,784 - ERROR - [RapidAPI] HTTP 403: Forbidden
2025-10-28 14:01:43,785 - ERROR - [RapidAPI] Response: {"message":"You are not subscribed to this API."}
2025-10-28 14:01:43,785 - ERROR - [FAILED] Could not fetch page 1
2025-10-28 14:01:43,786 - INFO - [SUCCESS] ✓ Total 0 products saved
2025-10-28 14:01:43,787 - INFO - [CSV] ✓ Summary saved to data_output\summary_20251028_140143.json
2025-10-28 14:01:43,787 - INFO - 
2025-10-28 14:01:43,787 - INFO - ======================================================================
2025-10-28 14:01:43,787 - INFO - [COMPLETE] Data Collection Finished
2025-10-28 14:01:43,787 - INFO - [STATS] Total products: 0
2025-10-28 14:01:43,787 - INFO - [OUTPUT] Files saved to: data_output/
2025-10-28 14:01:43,787 - INFO - ======================================================================
2025-10-28 14:02:53,118 - INFO - [RapidAPI] Client initialized for host: real-time-amazon-data.p.rapidapi.com
2025-10-28 14:02:53,118 - INFO - [CSV] Output directory: data_output
2025-10-28 14:02:53,119 - INFO - ======================================================================
2025-10-28 14:02:53,119 - INFO - [START] RapidAPI Amazon Data Collection
2025-10-28 14:02:53,119 - INFO - ======================================================================
2025-10-28 14:02:53,119 - INFO - [DB] Attempting to connect...
2025-10-28 14:02:55,198 - ERROR - [DB] Connection failed: connection to server at "122.176.108.253", port 5432 failed: Connection refused (0x0000274D/10061)
	Is the server running on that host and accepting TCP/IP connections?

2025-10-28 14:02:55,199 - WARNING - [DB] Will use CSV fallback mode
2025-10-28 14:02:55,200 - INFO - [MODE] Using CSV storage (database unavailable)
2025-10-28 14:02:55,200 - INFO - 
[PROGRESS] Category 1/3
2025-10-28 14:02:55,200 - INFO - 
2025-10-28 14:02:55,200 - INFO - ======================================================================
2025-10-28 14:02:55,201 - INFO - [COLLECT] Baby Products (ID: 1350380031)
2025-10-28 14:02:55,201 - INFO - ======================================================================
2025-10-28 14:02:55,201 - INFO - [PAGE] Fetching page 1/5...
2025-10-28 14:02:55,202 - INFO - [RapidAPI] Fetching products: category=1350380031, page=1, country=IN
2025-10-28 14:03:01,308 - INFO - [RapidAPI] ✓ Success: 24 products (total available: 71243)
2025-10-28 14:03:01,310 - INFO - [CSV] ✓ Saved 24 products to Baby_Products_IN_20251028_140301.csv
2025-10-28 14:03:01,310 - INFO - [SAVED] ✓ 24 products from page 1
2025-10-28 14:03:03,312 - INFO - [PAGE] Fetching page 2/5...
2025-10-28 14:03:03,313 - INFO - [RapidAPI] Fetching products: category=1350380031, page=2, country=IN
2025-10-28 14:03:05,989 - INFO - [RapidAPI] ✓ Success: 24 products (total available: 71243)
2025-10-28 14:03:05,990 - INFO - [CSV] ✓ Saved 24 products to Baby_Products_IN_20251028_140305.csv
2025-10-28 14:03:05,991 - INFO - [SAVED] ✓ 24 products from page 2
2025-10-28 14:03:07,992 - INFO - [PAGE] Fetching page 3/5...
2025-10-28 14:03:07,993 - INFO - [RapidAPI] Fetching products: category=1350380031, page=3, country=IN
2025-10-28 14:03:11,932 - INFO - [RapidAPI] ✓ Success: 24 products (total available: 71243)
2025-10-28 14:03:11,933 - INFO - [CSV] ✓ Saved 24 products to Baby_Products_IN_20251028_140311.csv
2025-10-28 14:03:11,934 - INFO - [SAVED] ✓ 24 products from page 3
2025-10-28 14:03:13,935 - INFO - [PAGE] Fetching page 4/5...
2025-10-28 14:03:13,936 - INFO - [RapidAPI] Fetching products: category=1350380031, page=4, country=IN
2025-10-28 14:03:16,540 - INFO - [RapidAPI] ✓ Success: 24 products (total available: 71243)
2025-10-28 14:03:16,541 - INFO - [CSV] ✓ Saved 24 products to Baby_Products_IN_20251028_140316.csv
2025-10-28 14:03:16,542 - INFO - [SAVED] ✓ 24 products from page 4
2025-10-28 14:03:18,543 - INFO - [PAGE] Fetching page 5/5...
2025-10-28 14:03:18,544 - INFO - [RapidAPI] Fetching products: category=1350380031, page=5, country=IN
2025-10-28 14:03:21,483 - INFO - [RapidAPI] ✓ Success: 24 products (total available: 71753)
2025-10-28 14:03:21,486 - INFO - [CSV] ✓ Saved 24 products to Baby_Products_IN_20251028_140321.csv
2025-10-28 14:03:21,487 - INFO - [SAVED] ✓ 24 products from page 5
2025-10-28 14:03:21,487 - INFO - [SUCCESS] ✓ Total 120 products saved
2025-10-28 14:03:24,489 - INFO - 
[PROGRESS] Category 2/3
2025-10-28 14:03:24,490 - INFO - 
2025-10-28 14:03:24,490 - INFO - ======================================================================
2025-10-28 14:03:24,490 - INFO - [COLLECT] Electronics (ID: 976419031)
2025-10-28 14:03:24,491 - INFO - ======================================================================
2025-10-28 14:03:24,491 - INFO - [PAGE] Fetching page 1/5...
2025-10-28 14:03:24,491 - INFO - [RapidAPI] Fetching products: category=976419031, page=1, country=IN
2025-10-28 14:03:26,996 - INFO - [RapidAPI] ✓ Success: 24 products (total available: 72138)
2025-10-28 14:03:26,997 - INFO - [CSV] ✓ Saved 24 products to Electronics_IN_20251028_140326.csv
2025-10-28 14:03:26,997 - INFO - [SAVED] ✓ 24 products from page 1
2025-10-28 14:03:28,998 - INFO - [PAGE] Fetching page 2/5...
2025-10-28 14:03:28,999 - INFO - [RapidAPI] Fetching products: category=976419031, page=2, country=IN
2025-10-28 14:03:31,497 - INFO - [RapidAPI] ✓ Success: 24 products (total available: 72138)
2025-10-28 14:03:31,501 - INFO - [CSV] ✓ Saved 24 products to Electronics_IN_20251028_140331.csv
2025-10-28 14:03:31,501 - INFO - [SAVED] ✓ 24 products from page 2
2025-10-28 14:03:33,502 - INFO - [PAGE] Fetching page 3/5...
2025-10-28 14:03:33,503 - INFO - [RapidAPI] Fetching products: category=976419031, page=3, country=IN
2025-10-28 14:03:36,252 - INFO - [RapidAPI] ✓ Success: 24 products (total available: 72138)
2025-10-28 14:03:36,254 - INFO - [CSV] ✓ Saved 24 products to Electronics_IN_20251028_140336.csv
2025-10-28 14:03:36,254 - INFO - [SAVED] ✓ 24 products from page 3
2025-10-28 14:03:38,255 - INFO - [PAGE] Fetching page 4/5...
2025-10-28 14:03:38,255 - INFO - [RapidAPI] Fetching products: category=976419031, page=4, country=IN
2025-10-28 14:03:40,790 - INFO - [RapidAPI] ✓ Success: 24 products (total available: 72138)
2025-10-28 14:03:40,796 - INFO - [CSV] ✓ Saved 24 products to Electronics_IN_20251028_140340.csv
2025-10-28 14:03:40,796 - INFO - [SAVED] ✓ 24 products from page 4
2025-10-28 14:03:42,798 - INFO - [PAGE] Fetching page 5/5...
2025-10-28 14:03:42,799 - INFO - [RapidAPI] Fetching products: category=976419031, page=5, country=IN
2025-10-28 14:03:45,342 - INFO - [RapidAPI] ✓ Success: 24 products (total available: 78004)
2025-10-28 14:03:45,344 - INFO - [CSV] ✓ Saved 24 products to Electronics_IN_20251028_140345.csv
2025-10-28 14:03:45,344 - INFO - [SAVED] ✓ 24 products from page 5
2025-10-28 14:03:45,344 - INFO - [SUCCESS] ✓ Total 120 products saved
2025-10-28 14:03:48,345 - INFO - 
[PROGRESS] Category 3/3
2025-10-28 14:03:48,346 - INFO - 
2025-10-28 14:03:48,346 - INFO - ======================================================================
2025-10-28 14:03:48,346 - INFO - [COLLECT] Computers & Accessories (ID: 976392031)
2025-10-28 14:03:48,346 - INFO - ======================================================================
2025-10-28 14:03:48,346 - INFO - [PAGE] Fetching page 1/5...
2025-10-28 14:03:48,347 - INFO - [RapidAPI] Fetching products: category=976392031, page=1, country=IN
2025-10-28 14:03:51,463 - INFO - [RapidAPI] ✓ Success: 24 products (total available: 71178)
2025-10-28 14:03:51,464 - INFO - [CSV] ✓ Saved 24 products to Computers_&_Accessories_IN_20251028_140351.csv
2025-10-28 14:03:51,464 - INFO - [SAVED] ✓ 24 products from page 1
2025-10-28 14:03:53,465 - INFO - [PAGE] Fetching page 2/5...
2025-10-28 14:03:53,466 - INFO - [RapidAPI] Fetching products: category=976392031, page=2, country=IN
2025-10-28 14:03:55,871 - INFO - [RapidAPI] ✓ Success: 24 products (total available: 71178)
2025-10-28 14:03:55,873 - INFO - [CSV] ✓ Saved 24 products to Computers_&_Accessories_IN_20251028_140355.csv
2025-10-28 14:03:55,873 - INFO - [SAVED] ✓ 24 products from page 2
2025-10-28 14:03:57,874 - INFO - [PAGE] Fetching page 3/5...
2025-10-28 14:03:57,875 - INFO - [RapidAPI] Fetching products: category=976392031, page=3, country=IN
2025-10-28 14:04:00,380 - INFO - [RapidAPI] ✓ Success: 24 products (total available: 71178)
2025-10-28 14:04:00,381 - INFO - [CSV] ✓ Saved 24 products to Computers_&_Accessories_IN_20251028_140400.csv
2025-10-28 14:04:00,382 - INFO - [SAVED] ✓ 24 products from page 3
2025-10-28 14:04:02,382 - INFO - [PAGE] Fetching page 4/5...
2025-10-28 14:04:02,383 - INFO - [RapidAPI] Fetching products: category=976392031, page=4, country=IN
2025-10-28 14:04:04,822 - INFO - [RapidAPI] ✓ Success: 24 products (total available: 71178)
2025-10-28 14:04:04,824 - INFO - [CSV] ✓ Saved 24 products to Computers_&_Accessories_IN_20251028_140404.csv
2025-10-28 14:04:04,824 - INFO - [SAVED] ✓ 24 products from page 4
2025-10-28 14:04:06,825 - INFO - [PAGE] Fetching page 5/5...
2025-10-28 14:04:06,825 - INFO - [RapidAPI] Fetching products: category=976392031, page=5, country=IN
2025-10-28 14:04:09,798 - INFO - [RapidAPI] ✓ Success: 24 products (total available: 71247)
2025-10-28 14:04:09,800 - INFO - [CSV] ✓ Saved 24 products to Computers_&_Accessories_IN_20251028_140409.csv
2025-10-28 14:04:09,801 - INFO - [SAVED] ✓ 24 products from page 5
2025-10-28 14:04:09,801 - INFO - [SUCCESS] ✓ Total 120 products saved
2025-10-28 14:04:09,803 - INFO - [CSV] ✓ Summary saved to data_output\summary_20251028_140409.json
2025-10-28 14:04:09,804 - INFO - 
2025-10-28 14:04:09,804 - INFO - ======================================================================
2025-10-28 14:04:09,805 - INFO - [COMPLETE] Data Collection Finished
2025-10-28 14:04:09,805 - INFO - [STATS] Total products: 360
2025-10-28 14:04:09,806 - INFO - [OUTPUT] Files saved to: data_output/
2025-10-28 14:04:09,806 - INFO - ======================================================================
2025-10-28 14:51:47,253 - INFO - [CONFIG] ✓ Configuration loaded
2025-10-28 14:51:47,253 - INFO - [RapidAPI] Client initialized for host: real-time-amazon-data.p.rapidapi.com
2025-10-28 14:51:47,254 - INFO - [CSV] Output directory: data_output
2025-10-28 14:51:47,254 - INFO - 
2025-10-28 14:51:47,254 - INFO - ╔════════════════════════════════════════════════════════════════════╗
2025-10-28 14:51:47,254 - INFO - ║  RapidAPI Amazon Collector (India)                                 ║
2025-10-28 14:51:47,254 - INFO - ║  Auto Database Setup Enabled                                       ║
2025-10-28 14:51:47,254 - INFO - ╚════════════════════════════════════════════════════════════════════╝
2025-10-28 14:51:47,254 - INFO - 
2025-10-28 14:51:47,254 - INFO - [CONFIG] Country: IN
2025-10-28 14:51:47,254 - INFO - [CONFIG] Categories: 3
2025-10-28 14:51:47,254 - INFO - [CONFIG] Max pages per category: 5
2025-10-28 14:51:47,254 - INFO - [DB] Attempt 1/3: Connecting...
2025-10-28 14:51:49,320 - ERROR - [DB ERROR] connection to server at "122.176.108.253", port 5432 failed: Connection refused (0x0000274D/10061)
	Is the server running on that host and accepting TCP/IP connections?

2025-10-28 14:51:49,320 - INFO - [DB] Retrying in 2 seconds...
2025-10-28 14:51:51,322 - INFO - [DB] Attempt 2/3: Connecting...
2025-10-28 14:51:53,392 - INFO - 
[STOP] Stopped by user
2025-10-28 14:54:11,899 - INFO - [CONFIG] ✓ Configuration loaded
2025-10-28 14:54:11,900 - INFO - [RapidAPI] Client initialized for host: real-time-amazon-data.p.rapidapi.com
2025-10-28 14:54:11,900 - INFO - [CSV] Output directory: data_output
2025-10-28 14:54:11,900 - INFO - 
2025-10-28 14:54:11,900 - INFO - ╔════════════════════════════════════════════════════════════════════╗
2025-10-28 14:54:11,900 - INFO - ║  RapidAPI Amazon Collector (India)                                 ║
2025-10-28 14:54:11,900 - INFO - ║  Auto Database Setup Enabled                                       ║
2025-10-28 14:54:11,900 - INFO - ╚════════════════════════════════════════════════════════════════════╝
2025-10-28 14:54:11,901 - INFO - 
2025-10-28 14:54:11,901 - INFO - [CONFIG] Country: IN
2025-10-28 14:54:11,901 - INFO - [CONFIG] Categories: 3
2025-10-28 14:54:11,901 - INFO - [CONFIG] Max pages per category: 5
2025-10-28 14:54:11,901 - INFO - [DB] Attempt 1/3: Connecting...
2025-10-28 14:54:13,959 - ERROR - [DB ERROR] connection to server at "122.176.108.253", port 5432 failed: Connection refused (0x0000274D/10061)
	Is the server running on that host and accepting TCP/IP connections?

2025-10-28 14:54:13,959 - INFO - [DB] Retrying in 2 seconds...
2025-10-28 14:54:15,960 - INFO - [DB] Attempt 2/3: Connecting...
2025-10-28 14:54:18,010 - INFO - 
[STOP] Stopped by user
2025-10-28 15:29:20,377 - INFO - [CONFIG] Configuration loaded
2025-10-28 15:29:20,377 - INFO - [RapidAPI] Client initialized for host: real-time-amazon-data.p.rapidapi.com
2025-10-28 15:29:20,377 - INFO - [CSV] Output directory: data_output
2025-10-28 15:29:20,378 - INFO - [START] Collector starting
2025-10-28 15:29:20,378 - INFO - [DB] Attempt 1/3 connecting to DB...
2025-10-28 15:29:22,438 - ERROR - [DB] Connect error: connection to server at "122.176.108.253", port 5432 failed: Connection refused (0x0000274D/10061)
	Is the server running on that host and accepting TCP/IP connections?

2025-10-28 15:29:22,438 - INFO - [DB] Retrying in 2s...
2025-10-28 15:29:24,439 - INFO - [DB] Attempt 2/3 connecting to DB...
2025-10-28 15:29:26,493 - INFO - Stopped by user
2025-10-28 16:32:42,033 - INFO - [CONFIG] Configuration loaded
2025-10-28 16:32:42,033 - INFO - [RapidAPI] Client initialized for host: real-time-amazon-data.p.rapidapi.com
2025-10-28 16:32:42,033 - INFO - [CSV] Output directory: data_output
2025-10-28 16:32:42,034 - INFO - [START] Collector starting
2025-10-28 16:32:42,034 - INFO - [DB] Attempt 1/3 connecting to DB...
2025-10-28 16:32:42,766 - INFO - [DB] Connected to Postgres
2025-10-28 16:32:42,964 - INFO - [DB] Tables ensured/created
2025-10-28 16:32:42,964 - INFO - [MODE] Using DATABASE storage
2025-10-28 16:32:42,964 - INFO - [PROGRESS] Category 1/3
2025-10-28 16:32:42,965 - INFO - 
======================================================================
2025-10-28 16:32:42,965 - INFO - [COLLECT] Baby Products (ID: 1350380031)
2025-10-28 16:32:42,965 - INFO - [PAGE] Fetching page 1/5...
2025-10-28 16:32:42,965 - INFO - [RapidAPI] Fetching products: category=1350380031, page=1, country=IN
2025-10-28 16:32:46,510 - INFO - [RapidAPI] ✓ Success: 24 products (total available: 72643)
2025-10-28 16:32:48,175 - INFO - [DB] Saved 24 products
2025-10-28 16:32:48,175 - INFO - [SAVED] 24 products from page 1
2025-10-28 16:32:50,175 - INFO - [PAGE] Fetching page 2/5...
2025-10-28 16:32:50,176 - INFO - [RapidAPI] Fetching products: category=1350380031, page=2, country=IN
2025-10-28 16:32:53,253 - INFO - [RapidAPI] ✓ Success: 24 products (total available: 72643)
2025-10-28 16:32:54,579 - INFO - [DB] Saved 24 products
2025-10-28 16:32:54,579 - INFO - [SAVED] 24 products from page 2
2025-10-28 16:32:56,580 - INFO - [PAGE] Fetching page 3/5...
2025-10-28 16:32:56,580 - INFO - [RapidAPI] Fetching products: category=1350380031, page=3, country=IN
2025-10-28 16:33:00,028 - INFO - [RapidAPI] ✓ Success: 24 products (total available: 72643)
2025-10-28 16:33:00,372 - INFO - [DB] Saved 24 products
2025-10-28 16:33:00,372 - INFO - [SAVED] 24 products from page 3
2025-10-28 16:33:02,373 - INFO - [PAGE] Fetching page 4/5...
2025-10-28 16:33:02,373 - INFO - [RapidAPI] Fetching products: category=1350380031, page=4, country=IN
2025-10-28 16:33:05,505 - INFO - [RapidAPI] ✓ Success: 24 products (total available: 72643)
2025-10-28 16:33:06,017 - INFO - [DB] Saved 24 products
2025-10-28 16:33:06,017 - INFO - [SAVED] 24 products from page 4
2025-10-28 16:33:08,018 - INFO - [PAGE] Fetching page 5/5...
2025-10-28 16:33:08,018 - INFO - [RapidAPI] Fetching products: category=1350380031, page=5, country=IN
2025-10-28 16:33:10,961 - INFO - [RapidAPI] ✓ Success: 24 products (total available: 73571)
2025-10-28 16:33:11,397 - INFO - [DB] Saved 24 products
2025-10-28 16:33:11,397 - INFO - [SAVED] 24 products from page 5
2025-10-28 16:33:11,397 - INFO - [RESULT] Saved 120 products for category Baby Products
2025-10-28 16:33:14,398 - INFO - [PROGRESS] Category 2/3
2025-10-28 16:33:14,398 - INFO - 
======================================================================
2025-10-28 16:33:14,398 - INFO - [COLLECT] Electronics (ID: 976419031)
2025-10-28 16:33:14,399 - INFO - [PAGE] Fetching page 1/5...
2025-10-28 16:33:14,399 - INFO - [RapidAPI] Fetching products: category=976419031, page=1, country=IN
2025-10-28 16:33:17,838 - INFO - [RapidAPI] ✓ Success: 24 products (total available: 74784)
2025-10-28 16:33:18,337 - INFO - [DB] Saved 24 products
2025-10-28 16:33:18,337 - INFO - [SAVED] 24 products from page 1
2025-10-28 16:33:20,339 - INFO - [PAGE] Fetching page 2/5...
2025-10-28 16:33:20,340 - INFO - [RapidAPI] Fetching products: category=976419031, page=2, country=IN
2025-10-28 16:33:23,383 - INFO - [RapidAPI] ✓ Success: 24 products (total available: 74784)
2025-10-28 16:33:24,227 - INFO - [DB] Saved 24 products
2025-10-28 16:33:24,228 - INFO - [SAVED] 24 products from page 2
2025-10-28 16:33:26,229 - INFO - [PAGE] Fetching page 3/5...
2025-10-28 16:33:26,231 - INFO - [RapidAPI] Fetching products: category=976419031, page=3, country=IN
2025-10-28 16:33:29,187 - INFO - [RapidAPI] ✓ Success: 24 products (total available: 74784)
2025-10-28 16:33:29,592 - INFO - [DB] Saved 24 products
2025-10-28 16:33:29,593 - INFO - [SAVED] 24 products from page 3
2025-10-28 16:33:31,595 - INFO - [PAGE] Fetching page 4/5...
2025-10-28 16:33:31,595 - INFO - [RapidAPI] Fetching products: category=976419031, page=4, country=IN
2025-10-28 16:33:34,908 - INFO - [RapidAPI] ✓ Success: 24 products (total available: 74784)
2025-10-28 16:33:36,058 - INFO - [DB] Saved 24 products
2025-10-28 16:33:36,059 - INFO - [SAVED] 24 products from page 4
2025-10-28 16:33:38,060 - INFO - [PAGE] Fetching page 5/5...
2025-10-28 16:33:38,060 - INFO - [RapidAPI] Fetching products: category=976419031, page=5, country=IN
2025-10-28 16:33:41,616 - INFO - [RapidAPI] ✓ Success: 24 products (total available: 74227)
2025-10-28 16:33:45,275 - INFO - [DB] Saved 24 products
2025-10-28 16:33:45,276 - INFO - [SAVED] 24 products from page 5
2025-10-28 16:33:45,276 - INFO - [RESULT] Saved 120 products for category Electronics
2025-10-28 16:33:48,276 - INFO - [PROGRESS] Category 3/3
2025-10-28 16:33:48,277 - INFO - 
======================================================================
2025-10-28 16:33:48,277 - INFO - [COLLECT] Computers & Accessories (ID: 976392031)
2025-10-28 16:33:48,278 - INFO - [PAGE] Fetching page 1/5...
2025-10-28 16:33:48,278 - INFO - [RapidAPI] Fetching products: category=976392031, page=1, country=IN
2025-10-28 16:33:51,382 - INFO - [RapidAPI] ✓ Success: 24 products (total available: 70935)
2025-10-28 16:33:51,697 - INFO - [DB] Saved 24 products
2025-10-28 16:33:51,698 - INFO - [SAVED] 24 products from page 1
2025-10-28 16:33:53,699 - INFO - [PAGE] Fetching page 2/5...
2025-10-28 16:33:53,700 - INFO - [RapidAPI] Fetching products: category=976392031, page=2, country=IN
2025-10-28 16:33:56,803 - INFO - [RapidAPI] ✓ Success: 24 products (total available: 70043)
2025-10-28 16:33:57,082 - INFO - [DB] Saved 24 products
2025-10-28 16:33:57,083 - INFO - [SAVED] 24 products from page 2
2025-10-28 16:33:59,085 - INFO - [PAGE] Fetching page 3/5...
2025-10-28 16:33:59,086 - INFO - [RapidAPI] Fetching products: category=976392031, page=3, country=IN
2025-10-28 16:34:01,883 - INFO - [RapidAPI] ✓ Success: 24 products (total available: 70935)
2025-10-28 16:34:02,261 - INFO - [DB] Saved 24 products
2025-10-28 16:34:02,261 - INFO - [SAVED] 24 products from page 3
2025-10-28 16:34:04,263 - INFO - [PAGE] Fetching page 4/5...
2025-10-28 16:34:04,264 - INFO - [RapidAPI] Fetching products: category=976392031, page=4, country=IN
2025-10-28 16:34:07,071 - INFO - [RapidAPI] ✓ Success: 24 products (total available: 70043)
2025-10-28 16:34:07,362 - INFO - [DB] Saved 24 products
2025-10-28 16:34:07,363 - INFO - [SAVED] 24 products from page 4
2025-10-28 16:34:09,364 - INFO - [PAGE] Fetching page 5/5...
2025-10-28 16:34:09,364 - INFO - [RapidAPI] Fetching products: category=976392031, page=5, country=IN
2025-10-28 16:34:12,163 - INFO - [RapidAPI] ✓ Success: 24 products (total available: 69835)
2025-10-28 16:34:12,564 - INFO - [DB] Saved 24 products
2025-10-28 16:34:12,565 - INFO - [SAVED] 24 products from page 5
2025-10-28 16:34:12,565 - INFO - [RESULT] Saved 120 products for category Computers & Accessories
2025-10-28 16:34:12,672 - INFO - [DB STATS] Total products: 356, Unique ASINs: 324, Categories: 3
2025-10-28 16:34:12,672 - INFO - [COMPLETE] Collected 360 products; 3/3 categories succeeded.
2025-10-28 16:34:12,673 - INFO - [OUTPUT] Data saved to DB (rapidapi_amazon_products)
2025-10-28 16:34:12,673 - INFO - [DB] Disconnected
2025-10-29 11:30:01,264 - INFO - [CONFIG] Configuration loaded
2025-10-29 11:30:01,265 - INFO - [RapidAPI] Client initialized for host: real-time-amazon-data.p.rapidapi.com
2025-10-29 11:30:01,266 - INFO - [CSV] Output directory: data_output
2025-10-29 11:30:01,267 - INFO - [START] Collector starting
2025-10-29 11:30:01,267 - INFO - [DB] Attempt 1/3 connecting to DB...
2025-10-29 11:30:03,654 - ERROR - [DB] Connect error: connection to server at "122.176.108.253", port 5432 failed: Connection refused (0x0000274D/10061)
	Is the server running on that host and accepting TCP/IP connections?

2025-10-29 11:30:03,655 - INFO - [DB] Retrying in 2s...
2025-10-29 11:30:05,656 - INFO - [DB] Attempt 2/3 connecting to DB...
2025-10-29 11:30:08,090 - ERROR - [DB] Connect error: connection to server at "122.176.108.253", port 5432 failed: Connection refused (0x0000274D/10061)
	Is the server running on that host and accepting TCP/IP connections?

2025-10-29 11:30:08,091 - INFO - [DB] Retrying in 4s...
2025-10-29 11:30:12,091 - INFO - [DB] Attempt 3/3 connecting to DB...
2025-10-29 11:30:14,712 - ERROR - [DB] Connect error: connection to server at "122.176.108.253", port 5432 failed: Connection refused (0x0000274D/10061)
	Is the server running on that host and accepting TCP/IP connections?

2025-10-29 11:30:14,712 - ERROR - [DB] Could not connect after 3 attempts. Last error: connection to server at "122.176.108.253", port 5432 failed: Connection refused (0x0000274D/10061)
	Is the server running on that host and accepting TCP/IP connections?

2025-10-29 11:30:14,712 - WARNING - [MODE] DB unavailable — using CSV storage
2025-10-29 11:30:14,713 - INFO - [PROGRESS] Category 1/3
2025-10-29 11:30:14,713 - INFO - 
======================================================================
2025-10-29 11:30:14,713 - INFO - [COLLECT] Baby Products (ID: 1350380031)
2025-10-29 11:30:14,713 - INFO - [PAGE] Fetching page 1/5...
2025-10-29 11:30:14,713 - INFO - [RapidAPI] Fetching products: category=1350380031, page=1, country=IN
2025-10-29 11:30:17,966 - INFO - [RapidAPI] ✓ Success: 24 products (total available: 71898)
2025-10-29 11:30:18,032 - INFO - [CSV] Saved 24 products to data_output\all_products_IN_20251029_113001.csv
2025-10-29 11:30:18,034 - INFO - [SAVED] 24 products from page 1
2025-10-29 11:30:20,035 - INFO - [PAGE] Fetching page 2/5...
2025-10-29 11:30:20,035 - INFO - [RapidAPI] Fetching products: category=1350380031, page=2, country=IN
2025-10-29 11:30:23,008 - INFO - [RapidAPI] ✓ Success: 24 products (total available: 71898)
2025-10-29 11:30:23,015 - INFO - [CSV] Saved 24 products to data_output\all_products_IN_20251029_113001.csv
2025-10-29 11:30:23,016 - INFO - [SAVED] 24 products from page 2
2025-10-29 11:30:25,016 - INFO - [PAGE] Fetching page 3/5...
2025-10-29 11:30:25,017 - INFO - [RapidAPI] Fetching products: category=1350380031, page=3, country=IN
2025-10-29 11:30:27,997 - INFO - [RapidAPI] ✓ Success: 24 products (total available: 71898)
2025-10-29 11:30:27,999 - INFO - [CSV] Saved 24 products to data_output\all_products_IN_20251029_113001.csv
2025-10-29 11:30:27,999 - INFO - [SAVED] 24 products from page 3
2025-10-29 11:30:29,999 - INFO - [PAGE] Fetching page 4/5...
2025-10-29 11:30:29,999 - INFO - [RapidAPI] Fetching products: category=1350380031, page=4, country=IN
2025-10-29 11:30:32,654 - INFO - [RapidAPI] ✓ Success: 24 products (total available: 71898)
2025-10-29 11:30:32,655 - INFO - [CSV] Saved 24 products to data_output\all_products_IN_20251029_113001.csv
2025-10-29 11:30:32,655 - INFO - [SAVED] 24 products from page 4
2025-10-29 11:30:34,656 - INFO - [PAGE] Fetching page 5/5...
2025-10-29 11:30:34,656 - INFO - [RapidAPI] Fetching products: category=1350380031, page=5, country=IN
2025-10-29 11:30:38,063 - INFO - [RapidAPI] ✓ Success: 24 products (total available: 71495)
2025-10-29 11:30:38,064 - INFO - [CSV] Saved 24 products to data_output\all_products_IN_20251029_113001.csv
2025-10-29 11:30:38,064 - INFO - [SAVED] 24 products from page 5
2025-10-29 11:30:38,064 - INFO - [RESULT] Saved 120 products for category Baby Products
2025-10-29 11:30:41,064 - INFO - [PROGRESS] Category 2/3
2025-10-29 11:30:41,065 - INFO - 
======================================================================
2025-10-29 11:30:41,065 - INFO - [COLLECT] Electronics (ID: 976419031)
2025-10-29 11:30:41,065 - INFO - [PAGE] Fetching page 1/5...
2025-10-29 11:30:41,065 - INFO - [RapidAPI] Fetching products: category=976419031, page=1, country=IN
2025-10-29 11:30:43,699 - INFO - [RapidAPI] ✓ Success: 24 products (total available: 70712)
2025-10-29 11:30:43,701 - INFO - [CSV] Saved 24 products to data_output\all_products_IN_20251029_113001.csv
2025-10-29 11:30:43,701 - INFO - [SAVED] 24 products from page 1
2025-10-29 11:30:45,701 - INFO - [PAGE] Fetching page 2/5...
2025-10-29 11:30:45,701 - INFO - [RapidAPI] Fetching products: category=976419031, page=2, country=IN
2025-10-29 11:30:48,475 - INFO - [RapidAPI] ✓ Success: 24 products (total available: 72686)
2025-10-29 11:30:48,477 - INFO - [CSV] Saved 24 products to data_output\all_products_IN_20251029_113001.csv
2025-10-29 11:30:48,478 - INFO - [SAVED] 24 products from page 2
2025-10-29 11:30:50,478 - INFO - [PAGE] Fetching page 3/5...
2025-10-29 11:30:50,478 - INFO - [RapidAPI] Fetching products: category=976419031, page=3, country=IN
2025-10-29 11:30:53,609 - INFO - [RapidAPI] ✓ Success: 24 products (total available: 70327)
2025-10-29 11:30:53,610 - INFO - [CSV] Saved 24 products to data_output\all_products_IN_20251029_113001.csv
2025-10-29 11:30:53,610 - INFO - [SAVED] 24 products from page 3
2025-10-29 11:30:55,611 - INFO - [PAGE] Fetching page 4/5...
2025-10-29 11:30:55,611 - INFO - [RapidAPI] Fetching products: category=976419031, page=4, country=IN
2025-10-29 11:30:58,732 - INFO - [RapidAPI] ✓ Success: 24 products (total available: 70033)
2025-10-29 11:30:58,733 - INFO - [CSV] Saved 24 products to data_output\all_products_IN_20251029_113001.csv
2025-10-29 11:30:58,733 - INFO - [SAVED] 24 products from page 4
2025-10-29 11:31:00,734 - INFO - [PAGE] Fetching page 5/5...
2025-10-29 11:31:00,734 - INFO - [RapidAPI] Fetching products: category=976419031, page=5, country=IN
2025-10-29 11:31:03,443 - INFO - [RapidAPI] ✓ Success: 24 products (total available: 77148)
2025-10-29 11:31:03,456 - INFO - [CSV] Saved 24 products to data_output\all_products_IN_20251029_113001.csv
2025-10-29 11:31:03,457 - INFO - [SAVED] 24 products from page 5
2025-10-29 11:31:03,457 - INFO - [RESULT] Saved 120 products for category Electronics
2025-10-29 11:31:06,458 - INFO - [PROGRESS] Category 3/3
2025-10-29 11:31:06,458 - INFO - 
======================================================================
2025-10-29 11:31:06,458 - INFO - [COLLECT] Computers & Accessories (ID: 976392031)
2025-10-29 11:31:06,458 - INFO - [PAGE] Fetching page 1/5...
2025-10-29 11:31:06,459 - INFO - [RapidAPI] Fetching products: category=976392031, page=1, country=IN
2025-10-29 11:31:09,503 - INFO - [RapidAPI] ✓ Success: 24 products (total available: 70657)
2025-10-29 11:31:09,508 - INFO - [CSV] Saved 24 products to data_output\all_products_IN_20251029_113001.csv
2025-10-29 11:31:09,509 - INFO - [SAVED] 24 products from page 1
2025-10-29 11:31:11,510 - INFO - [PAGE] Fetching page 2/5...
2025-10-29 11:31:11,510 - INFO - [RapidAPI] Fetching products: category=976392031, page=2, country=IN
2025-10-29 11:31:14,191 - INFO - [RapidAPI] ✓ Success: 24 products (total available: 72361)
2025-10-29 11:31:14,197 - INFO - [CSV] Saved 24 products to data_output\all_products_IN_20251029_113001.csv
2025-10-29 11:31:14,197 - INFO - [SAVED] 24 products from page 2
2025-10-29 11:31:16,198 - INFO - [PAGE] Fetching page 3/5...
2025-10-29 11:31:16,198 - INFO - [RapidAPI] Fetching products: category=976392031, page=3, country=IN
2025-10-29 11:31:19,321 - INFO - [RapidAPI] ✓ Success: 24 products (total available: 70657)
2025-10-29 11:31:19,328 - INFO - [CSV] Saved 24 products to data_output\all_products_IN_20251029_113001.csv
2025-10-29 11:31:19,328 - INFO - [SAVED] 24 products from page 3
2025-10-29 11:31:21,329 - INFO - [PAGE] Fetching page 4/5...
2025-10-29 11:31:21,329 - INFO - [RapidAPI] Fetching products: category=976392031, page=4, country=IN
2025-10-29 11:31:24,247 - INFO - [RapidAPI] ✓ Success: 24 products (total available: 71300)
2025-10-29 11:31:24,254 - INFO - [CSV] Saved 24 products to data_output\all_products_IN_20251029_113001.csv
2025-10-29 11:31:24,255 - INFO - [SAVED] 24 products from page 4
2025-10-29 11:31:26,256 - INFO - [PAGE] Fetching page 5/5...
2025-10-29 11:31:26,257 - INFO - [RapidAPI] Fetching products: category=976392031, page=5, country=IN
2025-10-29 11:31:29,203 - INFO - [RapidAPI] ✓ Success: 24 products (total available: 71739)
2025-10-29 11:31:29,210 - INFO - [CSV] Saved 24 products to data_output\all_products_IN_20251029_113001.csv
2025-10-29 11:31:29,210 - INFO - [SAVED] 24 products from page 5
2025-10-29 11:31:29,210 - INFO - [RESULT] Saved 120 products for category Computers & Accessories
2025-10-29 11:31:29,213 - INFO - [CSV] Summary saved to data_output\summary_20251029_113129.json
2025-10-29 11:31:29,214 - INFO - [COMPLETE] Collected 360 products; 3/3 categories succeeded.
2025-10-29 11:31:29,214 - INFO - [OUTPUT] CSV: data_output\all_products_IN_20251029_113001.csv
2025-11-03 10:19:28,453 - INFO - [CONFIG] Configuration loaded
2025-11-03 10:19:28,454 - INFO - [RapidAPI] Client initialized for host: real-time-amazon-data.p.rapidapi.com
2025-11-03 10:19:28,454 - INFO - [CSV] Output directory: data_output
2025-11-03 10:19:28,455 - INFO - [START] Collector starting
2025-11-03 10:19:28,455 - INFO - [DB] Attempt 1/3 connecting to DB...
2025-11-03 10:19:30,581 - ERROR - [DB] Connect error: connection to server at "122.176.108.253", port 5432 failed: Connection refused (0x0000274D/10061)
	Is the server running on that host and accepting TCP/IP connections?

2025-11-03 10:19:30,581 - INFO - [DB] Retrying in 2s...
2025-11-03 10:19:32,582 - INFO - [DB] Attempt 2/3 connecting to DB...
2025-11-03 10:19:34,894 - ERROR - [DB] Connect error: connection to server at "122.176.108.253", port 5432 failed: Connection refused (0x0000274D/10061)
	Is the server running on that host and accepting TCP/IP connections?

2025-11-03 10:19:34,894 - INFO - [DB] Retrying in 4s...
2025-11-03 10:19:35,165 - INFO - Stopped by user
2025-11-03 10:29:22,488 - INFO - [CONFIG] Configuration loaded
2025-11-03 10:29:22,488 - INFO - [RapidAPI] Client initialized for host: real-time-amazon-data.p.rapidapi.com
2025-11-03 10:29:22,489 - INFO - [CSV] Output directory: data_output
2025-11-03 10:29:22,489 - INFO - [START] Collector starting
2025-11-03 10:29:22,489 - INFO - [DB] Attempt 1/3 connecting to DB...
2025-11-03 10:29:22,573 - INFO - [DB] Connected to Postgres
2025-11-03 10:29:22,626 - INFO - [DB] Tables ensured/created
2025-11-03 10:29:22,626 - INFO - [MODE] Using DATABASE storage
2025-11-03 10:29:22,627 - INFO - [PROGRESS] Category 1/5
2025-11-03 10:29:22,628 - INFO - 
======================================================================
2025-11-03 10:29:22,628 - INFO - [COLLECT] Baby Products (ID: 1350380031)
2025-11-03 10:29:22,629 - INFO - [PAGE] Fetching page 1/5...
2025-11-03 10:29:22,630 - INFO - [RapidAPI] Fetching products: category=1350380031, page=1, country=IN
2025-11-03 10:29:25,424 - INFO - [RapidAPI] ✓ Success: 24 products (total available: 70122)
2025-11-03 10:29:25,484 - INFO - [DB] Saved 24 products
2025-11-03 10:29:25,484 - INFO - [SAVED] 24 products from page 1
2025-11-03 10:29:27,485 - INFO - [PAGE] Fetching page 2/5...
2025-11-03 10:29:27,485 - INFO - [RapidAPI] Fetching products: category=1350380031, page=2, country=IN
2025-11-03 10:29:30,525 - INFO - [RapidAPI] ✓ Success: 24 products (total available: 70122)
2025-11-03 10:29:30,600 - INFO - [DB] Saved 24 products
2025-11-03 10:29:30,601 - INFO - [SAVED] 24 products from page 2
2025-11-03 10:29:32,602 - INFO - [PAGE] Fetching page 3/5...
2025-11-03 10:29:32,603 - INFO - [RapidAPI] Fetching products: category=1350380031, page=3, country=IN
2025-11-03 10:29:35,539 - INFO - [RapidAPI] ✓ Success: 24 products (total available: 71246)
2025-11-03 10:29:35,584 - INFO - [DB] Saved 24 products
2025-11-03 10:29:35,585 - INFO - [SAVED] 24 products from page 3
2025-11-03 10:29:37,586 - INFO - [PAGE] Fetching page 4/5...
2025-11-03 10:29:37,587 - INFO - [RapidAPI] Fetching products: category=1350380031, page=4, country=IN
2025-11-03 10:29:40,285 - INFO - [RapidAPI] ✓ Success: 24 products (total available: 70122)
2025-11-03 10:29:40,335 - INFO - [DB] Saved 24 products
2025-11-03 10:29:40,336 - INFO - [SAVED] 24 products from page 4
2025-11-03 10:29:42,337 - INFO - [PAGE] Fetching page 5/5...
2025-11-03 10:29:42,337 - INFO - [RapidAPI] Fetching products: category=1350380031, page=5, country=IN
2025-11-03 10:29:45,127 - INFO - [RapidAPI] ✓ Success: 24 products (total available: 70590)
2025-11-03 10:29:45,194 - INFO - [DB] Saved 24 products
2025-11-03 10:29:45,194 - INFO - [SAVED] 24 products from page 5
2025-11-03 10:29:45,194 - INFO - [RESULT] Saved 120 products for category Baby Products
2025-11-03 10:29:48,195 - INFO - [PROGRESS] Category 2/5
2025-11-03 10:29:48,196 - INFO - 
======================================================================
2025-11-03 10:29:48,196 - INFO - [COLLECT] Electronics (ID: 976419031)
2025-11-03 10:29:48,196 - INFO - [PAGE] Fetching page 1/5...
2025-11-03 10:29:48,196 - INFO - [RapidAPI] Fetching products: category=976419031, page=1, country=IN
2025-11-03 10:29:50,717 - INFO - [RapidAPI] ✓ Success: 24 products (total available: 71296)
2025-11-03 10:29:50,777 - INFO - [DB] Saved 24 products
2025-11-03 10:29:50,778 - INFO - [SAVED] 24 products from page 1
2025-11-03 10:29:52,779 - INFO - [PAGE] Fetching page 2/5...
2025-11-03 10:29:52,780 - INFO - [RapidAPI] Fetching products: category=976419031, page=2, country=IN
2025-11-03 10:29:55,361 - INFO - [RapidAPI] ✓ Success: 24 products (total available: 71296)
2025-11-03 10:29:55,416 - INFO - [DB] Saved 24 products
2025-11-03 10:29:55,417 - INFO - [SAVED] 24 products from page 2
2025-11-03 10:29:57,419 - INFO - [PAGE] Fetching page 3/5...
2025-11-03 10:29:57,420 - INFO - [RapidAPI] Fetching products: category=976419031, page=3, country=IN
2025-11-03 10:30:00,177 - INFO - [RapidAPI] ✓ Success: 24 products (total available: 75465)
2025-11-03 10:30:00,234 - INFO - [DB] Saved 24 products
2025-11-03 10:30:00,235 - INFO - [SAVED] 24 products from page 3
2025-11-03 10:30:02,236 - INFO - [PAGE] Fetching page 4/5...
2025-11-03 10:30:02,237 - INFO - [RapidAPI] Fetching products: category=976419031, page=4, country=IN
2025-11-03 10:30:04,788 - INFO - [RapidAPI] ✓ Success: 24 products (total available: 75465)
2025-11-03 10:30:04,828 - INFO - [DB] Saved 24 products
2025-11-03 10:30:04,829 - INFO - [SAVED] 24 products from page 4
2025-11-03 10:30:06,830 - INFO - [PAGE] Fetching page 5/5...
2025-11-03 10:30:06,830 - INFO - [RapidAPI] Fetching products: category=976419031, page=5, country=IN
2025-11-03 10:30:09,429 - INFO - [RapidAPI] ✓ Success: 24 products (total available: 75774)
2025-11-03 10:30:09,515 - INFO - [DB] Saved 24 products
2025-11-03 10:30:09,515 - INFO - [SAVED] 24 products from page 5
2025-11-03 10:30:09,515 - INFO - [RESULT] Saved 120 products for category Electronics
2025-11-03 10:30:12,516 - INFO - [PROGRESS] Category 3/5
2025-11-03 10:30:12,516 - INFO - 
======================================================================
2025-11-03 10:30:12,517 - INFO - [COLLECT] Computers & Accessories (ID: 976392031)
2025-11-03 10:30:12,517 - INFO - [PAGE] Fetching page 1/5...
2025-11-03 10:30:12,517 - INFO - [RapidAPI] Fetching products: category=976392031, page=1, country=IN
2025-11-03 10:30:15,279 - INFO - [RapidAPI] ✓ Success: 24 products (total available: 70814)
2025-11-03 10:30:15,348 - INFO - [DB] Saved 24 products
2025-11-03 10:30:15,348 - INFO - [SAVED] 24 products from page 1
2025-11-03 10:30:17,349 - INFO - [PAGE] Fetching page 2/5...
2025-11-03 10:30:17,350 - INFO - [RapidAPI] Fetching products: category=976392031, page=2, country=IN
2025-11-03 10:30:19,965 - INFO - [RapidAPI] ✓ Success: 24 products (total available: 70980)
2025-11-03 10:30:20,013 - INFO - [DB] Saved 24 products
2025-11-03 10:30:20,013 - INFO - [SAVED] 24 products from page 2
2025-11-03 10:30:22,014 - INFO - [PAGE] Fetching page 3/5...
2025-11-03 10:30:22,014 - INFO - [RapidAPI] Fetching products: category=976392031, page=3, country=IN
2025-11-03 10:30:24,612 - INFO - [RapidAPI] ✓ Success: 24 products (total available: 70980)
2025-11-03 10:30:24,661 - INFO - [DB] Saved 24 products
2025-11-03 10:30:24,662 - INFO - [SAVED] 24 products from page 3
2025-11-03 10:30:26,663 - INFO - [PAGE] Fetching page 4/5...
2025-11-03 10:30:26,664 - INFO - [RapidAPI] Fetching products: category=976392031, page=4, country=IN
2025-11-03 10:30:29,344 - INFO - [RapidAPI] ✓ Success: 24 products (total available: 70980)
2025-11-03 10:30:29,390 - INFO - [DB] Saved 24 products
2025-11-03 10:30:29,390 - INFO - [SAVED] 24 products from page 4
2025-11-03 10:30:31,391 - INFO - [PAGE] Fetching page 5/5...
2025-11-03 10:30:31,392 - INFO - [RapidAPI] Fetching products: category=976392031, page=5, country=IN
2025-11-03 10:30:33,928 - INFO - [RapidAPI] ✓ Success: 24 products (total available: 71338)
2025-11-03 10:30:33,980 - INFO - [DB] Saved 24 products
2025-11-03 10:30:33,980 - INFO - [SAVED] 24 products from page 5
2025-11-03 10:30:33,981 - INFO - [RESULT] Saved 120 products for category Computers & Accessories
2025-11-03 10:30:36,982 - INFO - [PROGRESS] Category 4/5
2025-11-03 10:30:36,982 - INFO - 
======================================================================
2025-11-03 10:30:36,983 - INFO - [COLLECT] Cell Phones (ID: 1389401031)
2025-11-03 10:30:36,983 - INFO - [PAGE] Fetching page 1/5...
2025-11-03 10:30:36,983 - INFO - [RapidAPI] Fetching products: category=1389401031, page=1, country=IN
2025-11-03 10:30:39,578 - INFO - [RapidAPI] ✓ Success: 24 products (total available: 74108)
2025-11-03 10:30:39,627 - INFO - [DB] Saved 24 products
2025-11-03 10:30:39,627 - INFO - [SAVED] 24 products from page 1
2025-11-03 10:30:41,628 - INFO - [PAGE] Fetching page 2/5...
2025-11-03 10:30:41,628 - INFO - [RapidAPI] Fetching products: category=1389401031, page=2, country=IN
2025-11-03 10:30:43,944 - INFO - [RapidAPI] ✓ Success: 24 products (total available: 74108)
2025-11-03 10:30:43,986 - INFO - [DB] Saved 24 products
2025-11-03 10:30:43,986 - INFO - [SAVED] 24 products from page 2
2025-11-03 10:30:45,987 - INFO - [PAGE] Fetching page 3/5...
2025-11-03 10:30:45,987 - INFO - [RapidAPI] Fetching products: category=1389401031, page=3, country=IN
2025-11-03 10:30:48,500 - INFO - [RapidAPI] ✓ Success: 24 products (total available: 66702)
2025-11-03 10:30:48,544 - INFO - [DB] Saved 24 products
2025-11-03 10:30:48,545 - INFO - [SAVED] 24 products from page 3
2025-11-03 10:30:50,546 - INFO - [PAGE] Fetching page 4/5...
2025-11-03 10:30:50,546 - INFO - [RapidAPI] Fetching products: category=1389401031, page=4, country=IN
2025-11-03 10:30:53,461 - INFO - [RapidAPI] ✓ Success: 24 products (total available: 73129)
2025-11-03 10:30:53,503 - INFO - [DB] Saved 24 products
2025-11-03 10:30:53,504 - INFO - [SAVED] 24 products from page 4
2025-11-03 10:30:55,504 - INFO - [PAGE] Fetching page 5/5...
2025-11-03 10:30:55,507 - INFO - [RapidAPI] Fetching products: category=1389401031, page=5, country=IN
2025-11-03 10:30:58,134 - INFO - [RapidAPI] ✓ Success: 24 products (total available: 74413)
2025-11-03 10:30:58,179 - INFO - [DB] Saved 24 products
2025-11-03 10:30:58,180 - INFO - [SAVED] 24 products from page 5
2025-11-03 10:30:58,180 - INFO - [RESULT] Saved 120 products for category Cell Phones
2025-11-03 10:31:01,181 - INFO - [PROGRESS] Category 5/5
2025-11-03 10:31:01,182 - INFO - 
======================================================================
2025-11-03 10:31:01,183 - INFO - [COLLECT] Toys & Games (ID: 1350387031)
2025-11-03 10:31:01,183 - INFO - [PAGE] Fetching page 1/5...
2025-11-03 10:31:01,183 - INFO - [RapidAPI] Fetching products: category=1350387031, page=1, country=IN
2025-11-03 10:31:03,964 - INFO - [RapidAPI] ✓ Success: 48 products (total available: 41113)
2025-11-03 10:31:04,020 - INFO - [DB] Saved 48 products
2025-11-03 10:31:04,021 - INFO - [SAVED] 48 products from page 1
2025-11-03 10:31:06,021 - INFO - [PAGE] Fetching page 2/5...
2025-11-03 10:31:06,022 - INFO - [RapidAPI] Fetching products: category=1350387031, page=2, country=IN
2025-11-03 10:31:08,720 - INFO - [RapidAPI] ✓ Success: 48 products (total available: 37239)
2025-11-03 10:31:08,772 - INFO - [DB] Saved 48 products
2025-11-03 10:31:08,774 - INFO - [SAVED] 48 products from page 2
2025-11-03 10:31:10,775 - INFO - [PAGE] Fetching page 3/5...
2025-11-03 10:31:10,775 - INFO - [RapidAPI] Fetching products: category=1350387031, page=3, country=IN
2025-11-03 10:31:13,865 - INFO - [RapidAPI] ✓ Success: 48 products (total available: 37860)
2025-11-03 10:31:13,936 - INFO - [DB] Saved 48 products
2025-11-03 10:31:13,938 - INFO - [SAVED] 48 products from page 3
2025-11-03 10:31:15,939 - INFO - [PAGE] Fetching page 4/5...
2025-11-03 10:31:15,940 - INFO - [RapidAPI] Fetching products: category=1350387031, page=4, country=IN
2025-11-03 10:31:18,760 - INFO - [RapidAPI] ✓ Success: 48 products (total available: 37250)
2025-11-03 10:31:18,809 - INFO - [DB] Saved 48 products
2025-11-03 10:31:18,810 - INFO - [SAVED] 48 products from page 4
2025-11-03 10:31:20,812 - INFO - [PAGE] Fetching page 5/5...
2025-11-03 10:31:20,813 - INFO - [RapidAPI] Fetching products: category=1350387031, page=5, country=IN
2025-11-03 10:31:23,427 - INFO - [RapidAPI] ✓ Success: 48 products (total available: 38121)
2025-11-03 10:31:23,487 - INFO - [DB] Saved 48 products
2025-11-03 10:31:23,489 - INFO - [SAVED] 48 products from page 5
2025-11-03 10:31:23,490 - INFO - [RESULT] Saved 240 products for category Toys & Games
2025-11-03 10:31:23,516 - INFO - [DB STATS] Total products: 858, Unique ASINs: 764, Categories: 5
2025-11-03 10:31:23,517 - INFO - [COMPLETE] Collected 720 products; 5/5 categories succeeded.
2025-11-03 10:31:23,519 - INFO - [OUTPUT] Data saved to DB (rapidapi_amazon_products)
2025-11-03 10:31:23,520 - INFO - [DB] Disconnected
2025-11-03 10:50:07,075 - INFO - [CONFIG] Configuration loaded
2025-11-03 10:50:07,076 - INFO - [RapidAPI] Client initialized for host: real-time-amazon-data.p.rapidapi.com
2025-11-03 10:50:07,077 - INFO - [CSV] Output directory: data_output
2025-11-03 10:50:07,077 - INFO - [START] Collector starting
2025-11-03 10:50:07,077 - INFO - [DB] Attempt 1/3 connecting to DB...
2025-11-03 10:50:07,165 - INFO - [DB] ✓ Connected to Postgres
2025-11-03 10:50:07,228 - INFO - [DB] ✓ Tables created/updated with analytics columns
2025-11-03 10:50:07,228 - INFO - [MODE] Using DATABASE with analytics
2025-11-03 10:50:07,228 - INFO - [PROGRESS] Category 1/6
2025-11-03 10:50:07,229 - INFO - 
======================================================================
2025-11-03 10:50:07,229 - INFO - [COLLECT] Baby Products (ID: 1350380031)
2025-11-03 10:50:07,229 - INFO - [PAGE] Fetching page 1/5...
2025-11-03 10:50:07,229 - INFO - [RapidAPI] Fetching products: category=1350380031, page=1, country=IN
2025-11-03 10:50:11,151 - INFO - [RapidAPI] ✓ Success: 24 products (total available: 72388)
2025-11-03 10:50:11,805 - INFO - [DB] ✓ Saved 24 products with analytics
2025-11-03 10:50:11,805 - INFO - [SAVED] 24 products from page 1
2025-11-03 10:50:13,806 - INFO - [PAGE] Fetching page 2/5...
2025-11-03 10:50:13,806 - INFO - [RapidAPI] Fetching products: category=1350380031, page=2, country=IN
2025-11-03 10:50:16,798 - INFO - [RapidAPI] ✓ Success: 24 products (total available: 72388)
2025-11-03 10:50:17,439 - INFO - [DB] ✓ Saved 24 products with analytics
2025-11-03 10:50:17,440 - INFO - [SAVED] 24 products from page 2
2025-11-03 10:50:19,440 - INFO - [PAGE] Fetching page 3/5...
2025-11-03 10:50:19,440 - INFO - [RapidAPI] Fetching products: category=1350380031, page=3, country=IN
2025-11-03 10:50:22,462 - INFO - [RapidAPI] ✓ Success: 24 products (total available: 72388)
2025-11-03 10:50:23,131 - INFO - [DB] ✓ Saved 24 products with analytics
2025-11-03 10:50:23,131 - INFO - [SAVED] 24 products from page 3
2025-11-03 10:50:25,132 - INFO - [PAGE] Fetching page 4/5...
2025-11-03 10:50:25,133 - INFO - [RapidAPI] Fetching products: category=1350380031, page=4, country=IN
2025-11-03 10:50:27,712 - INFO - [RapidAPI] ✓ Success: 24 products (total available: 72388)
2025-11-03 10:50:28,402 - INFO - [DB] ✓ Saved 24 products with analytics
2025-11-03 10:50:28,403 - INFO - [SAVED] 24 products from page 4
2025-11-03 10:50:30,403 - INFO - [PAGE] Fetching page 5/5...
2025-11-03 10:50:30,404 - INFO - [RapidAPI] Fetching products: category=1350380031, page=5, country=IN
2025-11-03 10:50:33,248 - INFO - [RapidAPI] ✓ Success: 24 products (total available: 70358)
2025-11-03 10:50:33,896 - INFO - [DB] ✓ Saved 24 products with analytics
2025-11-03 10:50:33,897 - INFO - [SAVED] 24 products from page 5
2025-11-03 10:50:33,897 - INFO - [RESULT] Saved 120 products for Baby Products
2025-11-03 10:50:36,897 - INFO - [PROGRESS] Category 2/6
2025-11-03 10:50:36,898 - INFO - 
======================================================================
2025-11-03 10:50:36,898 - INFO - [COLLECT] Electronics (ID: 976419031)
2025-11-03 10:50:36,898 - INFO - [PAGE] Fetching page 1/5...
2025-11-03 10:50:36,899 - INFO - [RapidAPI] Fetching products: category=976419031, page=1, country=IN
2025-11-03 10:50:39,316 - INFO - [RapidAPI] ✓ Success: 24 products (total available: 73580)
2025-11-03 10:50:40,027 - INFO - [DB] ✓ Saved 24 products with analytics
2025-11-03 10:50:40,028 - INFO - [SAVED] 24 products from page 1
2025-11-03 10:50:42,029 - INFO - [PAGE] Fetching page 2/5...
2025-11-03 10:50:42,029 - INFO - [RapidAPI] Fetching products: category=976419031, page=2, country=IN
2025-11-03 10:50:44,591 - INFO - [RapidAPI] ✓ Success: 24 products (total available: 72608)
2025-11-03 10:50:45,221 - INFO - [DB] ✓ Saved 24 products with analytics
2025-11-03 10:50:45,222 - INFO - [SAVED] 24 products from page 2
2025-11-03 10:50:47,223 - INFO - [PAGE] Fetching page 3/5...
2025-11-03 10:50:47,224 - INFO - [RapidAPI] Fetching products: category=976419031, page=3, country=IN
2025-11-03 10:50:49,720 - INFO - [RapidAPI] ✓ Success: 24 products (total available: 72608)
2025-11-03 10:50:50,400 - INFO - [DB] ✓ Saved 24 products with analytics
2025-11-03 10:50:50,401 - INFO - [SAVED] 24 products from page 3
2025-11-03 10:50:52,402 - INFO - [PAGE] Fetching page 4/5...
2025-11-03 10:50:52,403 - INFO - [RapidAPI] Fetching products: category=976419031, page=4, country=IN
2025-11-03 10:50:54,982 - INFO - [RapidAPI] ✓ Success: 24 products (total available: 72608)
2025-11-03 10:50:55,668 - INFO - [DB] ✓ Saved 24 products with analytics
2025-11-03 10:50:55,669 - INFO - [SAVED] 24 products from page 4
2025-11-03 10:50:57,670 - INFO - [PAGE] Fetching page 5/5...
2025-11-03 10:50:57,671 - INFO - [RapidAPI] Fetching products: category=976419031, page=5, country=IN
2025-11-03 10:51:00,107 - INFO - [RapidAPI] ✓ Success: 24 products (total available: 72040)
2025-11-03 10:51:00,756 - INFO - [DB] ✓ Saved 24 products with analytics
2025-11-03 10:51:00,757 - INFO - [SAVED] 24 products from page 5
2025-11-03 10:51:00,757 - INFO - [RESULT] Saved 120 products for Electronics
2025-11-03 10:51:03,758 - INFO - [PROGRESS] Category 3/6
2025-11-03 10:51:03,759 - INFO - 
======================================================================
2025-11-03 10:51:03,759 - INFO - [COLLECT] Computers & Accessories (ID: 976392031)
2025-11-03 10:51:03,759 - INFO - [PAGE] Fetching page 1/5...
2025-11-03 10:51:03,760 - INFO - [RapidAPI] Fetching products: category=976392031, page=1, country=IN
2025-11-03 10:51:06,604 - INFO - [RapidAPI] ✓ Success: 24 products (total available: 69804)
2025-11-03 10:51:07,259 - INFO - [DB] ✓ Saved 24 products with analytics
2025-11-03 10:51:07,260 - INFO - [SAVED] 24 products from page 1
2025-11-03 10:51:09,261 - INFO - [PAGE] Fetching page 2/5...
2025-11-03 10:51:09,263 - INFO - [RapidAPI] Fetching products: category=976392031, page=2, country=IN
2025-11-03 10:51:11,891 - INFO - [RapidAPI] ✓ Success: 24 products (total available: 69804)
2025-11-03 10:51:12,513 - INFO - [DB] ✓ Saved 24 products with analytics
2025-11-03 10:51:12,514 - INFO - [SAVED] 24 products from page 2
2025-11-03 10:51:14,515 - INFO - [PAGE] Fetching page 3/5...
2025-11-03 10:51:14,515 - INFO - [RapidAPI] Fetching products: category=976392031, page=3, country=IN
2025-11-03 10:51:17,395 - INFO - [RapidAPI] ✓ Success: 24 products (total available: 69804)
2025-11-03 10:51:18,075 - INFO - [DB] ✓ Saved 24 products with analytics
2025-11-03 10:51:18,076 - INFO - [SAVED] 24 products from page 3
2025-11-03 10:51:20,076 - INFO - [PAGE] Fetching page 4/5...
2025-11-03 10:51:20,077 - INFO - [RapidAPI] Fetching products: category=976392031, page=4, country=IN
2025-11-03 10:51:22,863 - INFO - [RapidAPI] ✓ Success: 24 products (total available: 69804)
2025-11-03 10:51:23,498 - INFO - [DB] ✓ Saved 24 products with analytics
2025-11-03 10:51:23,498 - INFO - [SAVED] 24 products from page 4
2025-11-03 10:51:25,499 - INFO - [PAGE] Fetching page 5/5...
2025-11-03 10:51:25,504 - INFO - [RapidAPI] Fetching products: category=976392031, page=5, country=IN
2025-11-03 10:51:28,118 - INFO - [RapidAPI] ✓ Success: 24 products (total available: 70078)
2025-11-03 10:51:28,782 - INFO - [DB] ✓ Saved 24 products with analytics
2025-11-03 10:51:28,784 - INFO - [SAVED] 24 products from page 5
2025-11-03 10:51:28,786 - INFO - [RESULT] Saved 120 products for Computers & Accessories
2025-11-03 10:51:31,788 - INFO - [PROGRESS] Category 4/6
2025-11-03 10:51:31,791 - INFO - 
======================================================================
2025-11-03 10:51:31,794 - INFO - [COLLECT] Cell Phones (ID: 1389401031)
2025-11-03 10:51:31,796 - INFO - [PAGE] Fetching page 1/5...
2025-11-03 10:51:31,798 - INFO - [RapidAPI] Fetching products: category=1389401031, page=1, country=IN
2025-11-03 10:51:34,558 - INFO - [RapidAPI] ✓ Success: 24 products (total available: 72497)
2025-11-03 10:51:35,197 - INFO - [DB] ✓ Saved 24 products with analytics
2025-11-03 10:51:35,198 - INFO - [SAVED] 24 products from page 1
2025-11-03 10:51:37,199 - INFO - [PAGE] Fetching page 2/5...
2025-11-03 10:51:37,200 - INFO - [RapidAPI] Fetching products: category=1389401031, page=2, country=IN
2025-11-03 10:51:40,068 - INFO - [RapidAPI] ✓ Success: 24 products (total available: 67340)
2025-11-03 10:51:40,715 - INFO - [DB] ✓ Saved 24 products with analytics
2025-11-03 10:51:40,716 - INFO - [SAVED] 24 products from page 2
2025-11-03 10:51:42,717 - INFO - [PAGE] Fetching page 3/5...
2025-11-03 10:51:42,717 - INFO - [RapidAPI] Fetching products: category=1389401031, page=3, country=IN
2025-11-03 10:51:45,385 - INFO - [RapidAPI] ✓ Success: 24 products (total available: 72497)
2025-11-03 10:51:46,013 - INFO - [DB] ✓ Saved 24 products with analytics
2025-11-03 10:51:46,013 - INFO - [SAVED] 24 products from page 3
2025-11-03 10:51:48,016 - INFO - [PAGE] Fetching page 4/5...
2025-11-03 10:51:48,017 - INFO - [RapidAPI] Fetching products: category=1389401031, page=4, country=IN
2025-11-03 10:51:50,428 - INFO - [RapidAPI] ✓ Success: 24 products (total available: 72497)
2025-11-03 10:51:51,124 - INFO - [DB] ✓ Saved 24 products with analytics
2025-11-03 10:51:51,125 - INFO - [SAVED] 24 products from page 4
2025-11-03 10:51:53,126 - INFO - [PAGE] Fetching page 5/5...
2025-11-03 10:51:53,127 - INFO - [RapidAPI] Fetching products: category=1389401031, page=5, country=IN
2025-11-03 10:51:55,759 - INFO - [RapidAPI] ✓ Success: 24 products (total available: 72095)
2025-11-03 10:51:56,432 - INFO - [DB] ✓ Saved 24 products with analytics
2025-11-03 10:51:56,433 - INFO - [SAVED] 24 products from page 5
2025-11-03 10:51:56,434 - INFO - [RESULT] Saved 120 products for Cell Phones
2025-11-03 10:51:59,435 - INFO - [PROGRESS] Category 5/6
2025-11-03 10:51:59,436 - INFO - 
======================================================================
2025-11-03 10:51:59,437 - INFO - [COLLECT] Toys & Games (ID: 1350387031)
2025-11-03 10:51:59,437 - INFO - [PAGE] Fetching page 1/5...
2025-11-03 10:51:59,437 - INFO - [RapidAPI] Fetching products: category=1350387031, page=1, country=IN
2025-11-03 10:52:02,131 - INFO - [RapidAPI] ✓ Success: 48 products (total available: 39381)
2025-11-03 10:52:03,425 - INFO - [DB] ✓ Saved 48 products with analytics
2025-11-03 10:52:03,426 - INFO - [SAVED] 48 products from page 1
2025-11-03 10:52:05,429 - INFO - [PAGE] Fetching page 2/5...
2025-11-03 10:52:05,430 - INFO - [RapidAPI] Fetching products: category=1350387031, page=2, country=IN
2025-11-03 10:52:08,061 - INFO - [RapidAPI] ✓ Success: 48 products (total available: 39381)
2025-11-03 10:52:09,364 - INFO - [DB] ✓ Saved 48 products with analytics
2025-11-03 10:52:09,365 - INFO - [SAVED] 48 products from page 2
2025-11-03 10:52:11,368 - INFO - [PAGE] Fetching page 3/5...
2025-11-03 10:52:11,378 - INFO - [RapidAPI] Fetching products: category=1350387031, page=3, country=IN
2025-11-03 10:52:14,254 - INFO - [RapidAPI] ✓ Success: 48 products (total available: 37883)
2025-11-03 10:52:15,539 - INFO - [DB] ✓ Saved 48 products with analytics
2025-11-03 10:52:15,545 - INFO - [SAVED] 48 products from page 3
2025-11-03 10:52:17,551 - INFO - [PAGE] Fetching page 4/5...
2025-11-03 10:52:17,552 - INFO - [RapidAPI] Fetching products: category=1350387031, page=4, country=IN
2025-11-03 10:52:20,194 - INFO - [RapidAPI] ✓ Success: 48 products (total available: 38072)
2025-11-03 10:52:21,493 - INFO - [DB] ✓ Saved 48 products with analytics
2025-11-03 10:52:21,497 - INFO - [SAVED] 48 products from page 4
2025-11-03 10:52:23,499 - INFO - [PAGE] Fetching page 5/5...
2025-11-03 10:52:23,500 - INFO - [RapidAPI] Fetching products: category=1350387031, page=5, country=IN
2025-11-03 10:52:27,801 - INFO - [RapidAPI] ✓ Success: 48 products (total available: 37837)
2025-11-03 10:52:29,069 - INFO - [DB] ✓ Saved 48 products with analytics
2025-11-03 10:52:29,070 - INFO - [SAVED] 48 products from page 5
2025-11-03 10:52:29,070 - INFO - [RESULT] Saved 240 products for Toys & Games
2025-11-03 10:52:32,071 - INFO - [PROGRESS] Category 6/6
2025-11-03 10:52:32,072 - INFO - 
======================================================================
2025-11-03 10:52:32,073 - INFO - [COLLECT] Health & Personal Care (ID: 1350384031)
2025-11-03 10:52:32,073 - INFO - [PAGE] Fetching page 1/5...
2025-11-03 10:52:32,075 - INFO - [RapidAPI] Fetching products: category=1350384031, page=1, country=IN
2025-11-03 10:52:35,062 - INFO - [RapidAPI] ✓ Success: 24 products (total available: 71198)
2025-11-03 10:52:35,693 - INFO - [DB] ✓ Saved 24 products with analytics
2025-11-03 10:52:35,694 - INFO - [SAVED] 24 products from page 1
2025-11-03 10:52:37,695 - INFO - [PAGE] Fetching page 2/5...
2025-11-03 10:52:37,697 - INFO - [RapidAPI] Fetching products: category=1350384031, page=2, country=IN
2025-11-03 10:52:40,374 - INFO - [RapidAPI] ✓ Success: 24 products (total available: 71198)
2025-11-03 10:52:41,075 - INFO - [DB] ✓ Saved 24 products with analytics
2025-11-03 10:52:41,076 - INFO - [SAVED] 24 products from page 2
2025-11-03 10:52:43,077 - INFO - [PAGE] Fetching page 3/5...
2025-11-03 10:52:43,080 - INFO - [RapidAPI] Fetching products: category=1350384031, page=3, country=IN
2025-11-03 10:52:45,558 - INFO - [RapidAPI] ✓ Success: 24 products (total available: 71198)
2025-11-03 10:52:46,211 - INFO - [DB] ✓ Saved 24 products with analytics
2025-11-03 10:52:46,213 - INFO - [SAVED] 24 products from page 3
2025-11-03 10:52:48,214 - INFO - [PAGE] Fetching page 4/5...
2025-11-03 10:52:48,216 - INFO - [RapidAPI] Fetching products: category=1350384031, page=4, country=IN
2025-11-03 10:52:51,163 - INFO - [RapidAPI] ✓ Success: 24 products (total available: 71198)
2025-11-03 10:52:52,014 - INFO - [DB] ✓ Saved 24 products with analytics
2025-11-03 10:52:52,016 - INFO - [SAVED] 24 products from page 4
2025-11-03 10:52:54,017 - INFO - [PAGE] Fetching page 5/5...
2025-11-03 10:52:54,019 - INFO - [RapidAPI] Fetching products: category=1350384031, page=5, country=IN
2025-11-03 10:52:56,778 - INFO - [RapidAPI] ✓ Success: 24 products (total available: 72630)
2025-11-03 10:52:57,441 - INFO - [DB] ✓ Saved 24 products with analytics
2025-11-03 10:52:57,442 - INFO - [SAVED] 24 products from page 5
2025-11-03 10:52:57,442 - INFO - [RESULT] Saved 120 products for Health & Personal Care
2025-11-03 10:52:57,470 - INFO - [DB STATS] Products: 826, Unique ASINs: 770, Categories: 6
2025-11-03 10:52:57,470 - INFO - [ANALYTICS] Overall Avg Price: ₹1003.88
2025-11-03 10:52:57,471 - INFO - [ANALYTICS] Products with analytics: 810
2025-11-03 10:52:57,471 - INFO - [COMPLETE] Collected 840 products; 6/6 categories succeeded
2025-11-03 10:52:57,473 - INFO - [OUTPUT] Data saved to DB with analytics columns
2025-11-03 10:52:57,477 - INFO - [DB] Disconnected
2025-11-03 12:48:33,001 - INFO - [CONFIG] Configuration loaded
2025-11-03 12:48:33,001 - INFO - [RapidAPI] Client initialized for host: real-time-amazon-data.p.rapidapi.com
2025-11-03 12:48:33,002 - INFO - [CSV] Output directory: data_output
2025-11-03 12:48:33,002 - INFO - [START] Collector starting
2025-11-03 12:48:33,002 - INFO - [DB] Attempt 1/3 connecting to DB...
2025-11-03 12:48:33,091 - INFO - [DB] ✓ Connected to Postgres
2025-11-03 12:48:33,165 - INFO - [DB] ✓ Tables created/updated with analytics columns
2025-11-03 12:48:33,166 - INFO - [MODE] Using DATABASE with analytics
2025-11-03 12:48:33,166 - INFO - [PROGRESS] Category 1/7
2025-11-03 12:48:33,167 - INFO - 
======================================================================
2025-11-03 12:48:33,167 - INFO - [COLLECT] Baby Products (ID: 1350380031)
2025-11-03 12:48:33,168 - INFO - [PAGE] Fetching page 1/5...
2025-11-03 12:48:33,169 - INFO - [RapidAPI] Fetching products: category=1350380031, page=1, country=IN
2025-11-03 12:48:35,861 - INFO - [RapidAPI] ✓ Success: 24 products (total available: 71476)
2025-11-03 12:48:36,519 - ERROR - [DB] save_products error: column "product_original_price" of relation "rapidapi_amazon_products" does not exist
LINE 16:             product_original_price = EXCLUDED.product_mrp_pr...
                     ^
Traceback (most recent call last):
  File "C:\Users\AFI-02-AI\Desktop\TrendSensei\server_py\rapidapi_amazon_collector.py", line 1345, in save_products
    execute_values(cur, insert_sql, tuples, page_size=100)
    ~~~~~~~~~~~~~~^^^^^^^^^^^^^^^^^^^^^^^^^^^^^^^^^^^^^^^^
  File "C:\Users\AFI-02-AI\AppData\Roaming\Python\Python313\site-packages\psycopg2\extras.py", line 1299, in execute_values
    cur.execute(b''.join(parts))
    ~~~~~~~~~~~^^^^^^^^^^^^^^^^^
psycopg2.errors.UndefinedColumn: column "product_original_price" of relation "rapidapi_amazon_products" does not exist
LINE 16:             product_original_price = EXCLUDED.product_mrp_pr...
                     ^

2025-11-03 12:48:36,569 - ERROR - [SAVED] Failed to save page 1
2025-11-03 12:48:38,570 - INFO - [PAGE] Fetching page 2/5...
2025-11-03 12:48:38,570 - INFO - [RapidAPI] Fetching products: category=1350380031, page=2, country=IN
2025-11-03 12:48:41,701 - INFO - [RapidAPI] ✓ Success: 24 products (total available: 71476)
2025-11-03 12:48:42,409 - ERROR - [DB] save_products error: column "product_original_price" of relation "rapidapi_amazon_products" does not exist
LINE 16:             product_original_price = EXCLUDED.product_mrp_pr...
                     ^
Traceback (most recent call last):
  File "C:\Users\AFI-02-AI\Desktop\TrendSensei\server_py\rapidapi_amazon_collector.py", line 1345, in save_products
    execute_values(cur, insert_sql, tuples, page_size=100)
    ~~~~~~~~~~~~~~^^^^^^^^^^^^^^^^^^^^^^^^^^^^^^^^^^^^^^^^
  File "C:\Users\AFI-02-AI\AppData\Roaming\Python\Python313\site-packages\psycopg2\extras.py", line 1299, in execute_values
    cur.execute(b''.join(parts))
    ~~~~~~~~~~~^^^^^^^^^^^^^^^^^
psycopg2.errors.UndefinedColumn: column "product_original_price" of relation "rapidapi_amazon_products" does not exist
LINE 16:             product_original_price = EXCLUDED.product_mrp_pr...
                     ^

2025-11-03 12:48:42,422 - ERROR - [SAVED] Failed to save page 2
2025-11-03 12:48:44,423 - INFO - [PAGE] Fetching page 3/5...
2025-11-03 12:48:44,424 - INFO - [RapidAPI] Fetching products: category=1350380031, page=3, country=IN
2025-11-03 12:48:47,283 - INFO - Stopped by user
2025-11-03 12:48:47,283 - INFO - [DB] Disconnected
2025-11-03 12:54:54,649 - INFO - [CONFIG] Configuration loaded
2025-11-03 12:54:54,649 - INFO - [RapidAPI] Client initialized for host: real-time-amazon-data.p.rapidapi.com
2025-11-03 12:54:54,650 - INFO - [CSV] Output directory: data_output
2025-11-03 12:54:54,650 - INFO - [START] Collector starting
2025-11-03 12:54:54,650 - INFO - [DB] Attempt 1/3 connecting to DB...
2025-11-03 12:54:54,716 - INFO - [DB] ✓ Connected to Postgres
2025-11-03 12:54:54,793 - INFO - [DB] ✓ Tables created/updated with analytics columns
2025-11-03 12:54:54,794 - INFO - [MODE] Using DATABASE with analytics
2025-11-03 12:54:54,794 - INFO - [PROGRESS] Category 1/7
2025-11-03 12:54:54,795 - INFO - 
======================================================================
2025-11-03 12:54:54,795 - INFO - [COLLECT] Baby Products (ID: 1350380031)
2025-11-03 12:54:54,796 - INFO - [PAGE] Fetching page 1/5...
2025-11-03 12:54:54,796 - INFO - [RapidAPI] Fetching products: category=1350380031, page=1, country=IN
2025-11-03 12:54:58,683 - INFO - [RapidAPI] ✓ Success: 24 products (total available: 69781)
2025-11-03 12:54:59,265 - ERROR - [DB] save_products error: column "product_original_price" of relation "rapidapi_amazon_products" does not exist
LINE 16:             product_original_price = EXCLUDED.product_mrp_pr...
                     ^
Traceback (most recent call last):
  File "C:\Users\AFI-02-AI\Desktop\TrendSensei\server_py\rapidapi_amazon_collector.py", line 1345, in save_products
    execute_values(cur, insert_sql, tuples, page_size=100)
    ~~~~~~~~~~~~~~^^^^^^^^^^^^^^^^^^^^^^^^^^^^^^^^^^^^^^^^
  File "C:\Users\AFI-02-AI\AppData\Roaming\Python\Python313\site-packages\psycopg2\extras.py", line 1299, in execute_values
    cur.execute(b''.join(parts))
    ~~~~~~~~~~~^^^^^^^^^^^^^^^^^
psycopg2.errors.UndefinedColumn: column "product_original_price" of relation "rapidapi_amazon_products" does not exist
LINE 16:             product_original_price = EXCLUDED.product_mrp_pr...
                     ^

2025-11-03 12:54:59,282 - ERROR - [SAVED] Failed to save page 1
2025-11-03 12:55:01,283 - INFO - [PAGE] Fetching page 2/5...
2025-11-03 12:55:01,283 - INFO - [RapidAPI] Fetching products: category=1350380031, page=2, country=IN
2025-11-03 12:55:04,319 - INFO - [RapidAPI] ✓ Success: 24 products (total available: 69781)
2025-11-03 12:55:04,948 - ERROR - [DB] save_products error: column "product_original_price" of relation "rapidapi_amazon_products" does not exist
LINE 16:             product_original_price = EXCLUDED.product_mrp_pr...
                     ^
Traceback (most recent call last):
  File "C:\Users\AFI-02-AI\Desktop\TrendSensei\server_py\rapidapi_amazon_collector.py", line 1345, in save_products
    execute_values(cur, insert_sql, tuples, page_size=100)
    ~~~~~~~~~~~~~~^^^^^^^^^^^^^^^^^^^^^^^^^^^^^^^^^^^^^^^^
  File "C:\Users\AFI-02-AI\AppData\Roaming\Python\Python313\site-packages\psycopg2\extras.py", line 1299, in execute_values
    cur.execute(b''.join(parts))
    ~~~~~~~~~~~^^^^^^^^^^^^^^^^^
psycopg2.errors.UndefinedColumn: column "product_original_price" of relation "rapidapi_amazon_products" does not exist
LINE 16:             product_original_price = EXCLUDED.product_mrp_pr...
                     ^

2025-11-03 12:55:04,963 - ERROR - [SAVED] Failed to save page 2
2025-11-03 12:55:06,964 - INFO - [PAGE] Fetching page 3/5...
2025-11-03 12:55:06,964 - INFO - [RapidAPI] Fetching products: category=1350380031, page=3, country=IN
2025-11-03 12:55:09,690 - INFO - Stopped by user
2025-11-03 12:55:09,691 - INFO - [DB] Disconnected
2025-11-03 12:56:40,526 - INFO - [CONFIG] Configuration loaded
2025-11-03 12:56:40,526 - INFO - [RapidAPI] Client initialized for host: real-time-amazon-data.p.rapidapi.com
2025-11-03 12:56:40,526 - INFO - [CSV] Output directory: data_output
2025-11-03 12:56:40,526 - INFO - [START] Collector starting
2025-11-03 12:56:40,527 - INFO - [DB] Attempt 1/3 connecting to DB...
2025-11-03 12:56:40,608 - INFO - [DB] ✓ Connected to Postgres
2025-11-03 12:56:40,666 - INFO - [DB] ✓ Tables created/updated with analytics columns
2025-11-03 12:56:40,667 - INFO - [MODE] Using DATABASE with analytics
2025-11-03 12:56:40,667 - INFO - [PROGRESS] Category 1/7
2025-11-03 12:56:40,667 - INFO - 
======================================================================
2025-11-03 12:56:40,668 - INFO - [COLLECT] Baby Products (ID: 1350380031)
2025-11-03 12:56:40,668 - INFO - [PAGE] Fetching page 1/5...
2025-11-03 12:56:40,668 - INFO - [RapidAPI] Fetching products: category=1350380031, page=1, country=IN
2025-11-03 12:56:44,340 - INFO - [RapidAPI] ✓ Success: 24 products (total available: 69781)
2025-11-03 12:56:44,985 - ERROR - [DB] save_products error: column "product_original_price" of relation "rapidapi_amazon_products" does not exist
LINE 16:             product_original_price = EXCLUDED.product_mrp_pr...
                     ^
Traceback (most recent call last):
  File "C:\Users\AFI-02-AI\Desktop\TrendSensei\server_py\rapidapi_amazon_collector.py", line 1345, in save_products
    execute_values(cur, insert_sql, tuples, page_size=100)
    ~~~~~~~~~~~~~~^^^^^^^^^^^^^^^^^^^^^^^^^^^^^^^^^^^^^^^^
  File "C:\Users\AFI-02-AI\AppData\Roaming\Python\Python313\site-packages\psycopg2\extras.py", line 1299, in execute_values
    cur.execute(b''.join(parts))
    ~~~~~~~~~~~^^^^^^^^^^^^^^^^^
psycopg2.errors.UndefinedColumn: column "product_original_price" of relation "rapidapi_amazon_products" does not exist
LINE 16:             product_original_price = EXCLUDED.product_mrp_pr...
                     ^

2025-11-03 12:56:45,004 - ERROR - [SAVED] Failed to save page 1
2025-11-03 12:56:47,006 - INFO - [PAGE] Fetching page 2/5...
2025-11-03 12:56:47,007 - INFO - [RapidAPI] Fetching products: category=1350380031, page=2, country=IN
2025-11-03 12:56:49,367 - INFO - [RapidAPI] ✓ Success: 24 products (total available: 69781)
2025-11-03 12:56:50,228 - ERROR - [DB] save_products error: column "product_original_price" of relation "rapidapi_amazon_products" does not exist
LINE 16:             product_original_price = EXCLUDED.product_mrp_pr...
                     ^
Traceback (most recent call last):
  File "C:\Users\AFI-02-AI\Desktop\TrendSensei\server_py\rapidapi_amazon_collector.py", line 1345, in save_products
    execute_values(cur, insert_sql, tuples, page_size=100)
    ~~~~~~~~~~~~~~^^^^^^^^^^^^^^^^^^^^^^^^^^^^^^^^^^^^^^^^
  File "C:\Users\AFI-02-AI\AppData\Roaming\Python\Python313\site-packages\psycopg2\extras.py", line 1299, in execute_values
    cur.execute(b''.join(parts))
    ~~~~~~~~~~~^^^^^^^^^^^^^^^^^
psycopg2.errors.UndefinedColumn: column "product_original_price" of relation "rapidapi_amazon_products" does not exist
LINE 16:             product_original_price = EXCLUDED.product_mrp_pr...
                     ^

2025-11-03 12:56:50,245 - ERROR - [SAVED] Failed to save page 2
2025-11-03 12:56:52,245 - INFO - [PAGE] Fetching page 3/5...
2025-11-03 12:56:52,246 - INFO - [RapidAPI] Fetching products: category=1350380031, page=3, country=IN
2025-11-03 12:56:54,561 - INFO - [RapidAPI] ✓ Success: 24 products (total available: 69781)
2025-11-03 12:56:55,209 - ERROR - [DB] save_products error: column "product_original_price" of relation "rapidapi_amazon_products" does not exist
LINE 16:             product_original_price = EXCLUDED.product_mrp_pr...
                     ^
Traceback (most recent call last):
  File "C:\Users\AFI-02-AI\Desktop\TrendSensei\server_py\rapidapi_amazon_collector.py", line 1345, in save_products
    execute_values(cur, insert_sql, tuples, page_size=100)
    ~~~~~~~~~~~~~~^^^^^^^^^^^^^^^^^^^^^^^^^^^^^^^^^^^^^^^^
  File "C:\Users\AFI-02-AI\AppData\Roaming\Python\Python313\site-packages\psycopg2\extras.py", line 1299, in execute_values
    cur.execute(b''.join(parts))
    ~~~~~~~~~~~^^^^^^^^^^^^^^^^^
psycopg2.errors.UndefinedColumn: column "product_original_price" of relation "rapidapi_amazon_products" does not exist
LINE 16:             product_original_price = EXCLUDED.product_mrp_pr...
                     ^

2025-11-03 12:56:55,221 - ERROR - [SAVED] Failed to save page 3
2025-11-03 12:56:57,222 - INFO - [PAGE] Fetching page 4/5...
2025-11-03 12:56:57,223 - INFO - [RapidAPI] Fetching products: category=1350380031, page=4, country=IN
2025-11-03 12:56:59,893 - INFO - [RapidAPI] ✓ Success: 24 products (total available: 69781)
2025-11-03 12:57:00,509 - ERROR - [DB] save_products error: column "product_original_price" of relation "rapidapi_amazon_products" does not exist
LINE 16:             product_original_price = EXCLUDED.product_mrp_pr...
                     ^
Traceback (most recent call last):
  File "C:\Users\AFI-02-AI\Desktop\TrendSensei\server_py\rapidapi_amazon_collector.py", line 1345, in save_products
    execute_values(cur, insert_sql, tuples, page_size=100)
    ~~~~~~~~~~~~~~^^^^^^^^^^^^^^^^^^^^^^^^^^^^^^^^^^^^^^^^
  File "C:\Users\AFI-02-AI\AppData\Roaming\Python\Python313\site-packages\psycopg2\extras.py", line 1299, in execute_values
    cur.execute(b''.join(parts))
    ~~~~~~~~~~~^^^^^^^^^^^^^^^^^
psycopg2.errors.UndefinedColumn: column "product_original_price" of relation "rapidapi_amazon_products" does not exist
LINE 16:             product_original_price = EXCLUDED.product_mrp_pr...
                     ^

2025-11-03 12:57:00,523 - ERROR - [SAVED] Failed to save page 4
2025-11-03 12:57:02,525 - INFO - [PAGE] Fetching page 5/5...
2025-11-03 12:57:02,525 - INFO - [RapidAPI] Fetching products: category=1350380031, page=5, country=IN
2025-11-03 12:57:05,093 - INFO - Stopped by user
2025-11-03 12:57:05,094 - INFO - [DB] Disconnected
2025-11-03 13:02:16,889 - INFO - [CONFIG] Configuration loaded
2025-11-03 13:02:16,889 - INFO - [RapidAPI] Client initialized for host: real-time-amazon-data.p.rapidapi.com
2025-11-03 13:02:16,889 - INFO - [CSV] Output directory: data_output
2025-11-03 13:02:16,889 - INFO - [START] Collector starting
2025-11-03 13:02:16,889 - INFO - [DB] Attempt 1/3 connecting to DB...
2025-11-03 13:02:16,966 - INFO - [DB] ✓ Connected to Postgres
2025-11-03 13:02:17,031 - INFO - [DB] ✓ Tables created/updated with analytics columns
2025-11-03 13:02:17,032 - INFO - [MODE] Using DATABASE with analytics
2025-11-03 13:02:17,032 - INFO - [PROGRESS] Category 1/7
2025-11-03 13:02:17,032 - INFO - 
======================================================================
2025-11-03 13:02:17,033 - INFO - [COLLECT] Baby Products (ID: 1350380031)
2025-11-03 13:02:17,033 - INFO - [PAGE] Fetching page 1/5...
2025-11-03 13:02:17,034 - INFO - [RapidAPI] Fetching products: category=1350380031, page=1, country=IN
2025-11-03 13:02:19,692 - INFO - [RapidAPI] ✓ Success: 24 products (total available: 69003)
2025-11-03 13:02:20,535 - ERROR - [DB] save_products error: column "product_original_price" of relation "rapidapi_amazon_products" does not exist
LINE 5:             product_original_price, product_original_price_n...
                    ^
Traceback (most recent call last):
  File "C:\Users\AFI-02-AI\Desktop\TrendSensei\server_py\rapidapi_amazon_collector.py", line 1345, in save_products
    execute_values(cur, insert_sql, tuples, page_size=100)
    ~~~~~~~~~~~~~~^^^^^^^^^^^^^^^^^^^^^^^^^^^^^^^^^^^^^^^^
  File "C:\Users\AFI-02-AI\AppData\Roaming\Python\Python313\site-packages\psycopg2\extras.py", line 1299, in execute_values
    cur.execute(b''.join(parts))
    ~~~~~~~~~~~^^^^^^^^^^^^^^^^^
psycopg2.errors.UndefinedColumn: column "product_original_price" of relation "rapidapi_amazon_products" does not exist
LINE 5:             product_original_price, product_original_price_n...
                    ^

2025-11-03 13:02:20,554 - ERROR - [SAVED] Failed to save page 1
2025-11-03 13:02:22,555 - INFO - [PAGE] Fetching page 2/5...
2025-11-03 13:02:22,555 - INFO - [RapidAPI] Fetching products: category=1350380031, page=2, country=IN
2025-11-03 13:02:25,178 - INFO - [RapidAPI] ✓ Success: 24 products (total available: 69003)
2025-11-03 13:02:25,779 - ERROR - [DB] save_products error: column "product_original_price" of relation "rapidapi_amazon_products" does not exist
LINE 5:             product_original_price, product_original_price_n...
                    ^
Traceback (most recent call last):
  File "C:\Users\AFI-02-AI\Desktop\TrendSensei\server_py\rapidapi_amazon_collector.py", line 1345, in save_products
    execute_values(cur, insert_sql, tuples, page_size=100)
    ~~~~~~~~~~~~~~^^^^^^^^^^^^^^^^^^^^^^^^^^^^^^^^^^^^^^^^
  File "C:\Users\AFI-02-AI\AppData\Roaming\Python\Python313\site-packages\psycopg2\extras.py", line 1299, in execute_values
    cur.execute(b''.join(parts))
    ~~~~~~~~~~~^^^^^^^^^^^^^^^^^
psycopg2.errors.UndefinedColumn: column "product_original_price" of relation "rapidapi_amazon_products" does not exist
LINE 5:             product_original_price, product_original_price_n...
                    ^

2025-11-03 13:02:25,792 - ERROR - [SAVED] Failed to save page 2
2025-11-03 13:02:27,792 - INFO - [PAGE] Fetching page 3/5...
2025-11-03 13:02:27,793 - INFO - [RapidAPI] Fetching products: category=1350380031, page=3, country=IN
2025-11-03 13:02:30,552 - INFO - Stopped by user
2025-11-03 13:02:30,553 - INFO - [DB] Disconnected
2025-11-03 13:04:17,888 - INFO - [CONFIG] Configuration loaded
2025-11-03 13:04:17,888 - INFO - [RapidAPI] Client initialized for host: real-time-amazon-data.p.rapidapi.com
2025-11-03 13:04:17,889 - INFO - [CSV] Output directory: data_output
2025-11-03 13:04:17,889 - INFO - [START] Collector starting
2025-11-03 13:04:17,889 - INFO - [DB] Attempt 1/3 connecting to DB...
2025-11-03 13:04:17,974 - INFO - [DB] ✓ Connected to Postgres
2025-11-03 13:04:18,033 - INFO - [DB] ✓ Tables created/updated with analytics columns
2025-11-03 13:04:18,034 - INFO - [MODE] Using DATABASE with analytics
2025-11-03 13:04:18,034 - INFO - [PROGRESS] Category 1/7
2025-11-03 13:04:18,035 - INFO - 
======================================================================
2025-11-03 13:04:18,035 - INFO - [COLLECT] Baby Products (ID: 1350380031)
2025-11-03 13:04:18,036 - INFO - [PAGE] Fetching page 1/5...
2025-11-03 13:04:18,036 - INFO - [RapidAPI] Fetching products: category=1350380031, page=1, country=IN
2025-11-03 13:04:20,515 - INFO - [RapidAPI] ✓ Success: 24 products (total available: 69003)
2025-11-03 13:04:21,191 - INFO - [DB] ✓ Saved 24 products with analytics
2025-11-03 13:04:21,191 - INFO - [SAVED] 24 products from page 1
2025-11-03 13:04:23,192 - INFO - [PAGE] Fetching page 2/5...
2025-11-03 13:04:23,193 - INFO - [RapidAPI] Fetching products: category=1350380031, page=2, country=IN
2025-11-03 13:04:25,610 - INFO - [RapidAPI] ✓ Success: 24 products (total available: 69003)
2025-11-03 13:04:26,296 - INFO - [DB] ✓ Saved 24 products with analytics
2025-11-03 13:04:26,297 - INFO - [SAVED] 24 products from page 2
2025-11-03 13:04:28,298 - INFO - [PAGE] Fetching page 3/5...
2025-11-03 13:04:28,298 - INFO - [RapidAPI] Fetching products: category=1350380031, page=3, country=IN
2025-11-03 13:04:30,788 - INFO - [RapidAPI] ✓ Success: 24 products (total available: 69003)
2025-11-03 13:04:31,487 - INFO - [DB] ✓ Saved 24 products with analytics
2025-11-03 13:04:31,487 - INFO - [SAVED] 24 products from page 3
2025-11-03 13:04:33,488 - INFO - [PAGE] Fetching page 4/5...
2025-11-03 13:04:33,489 - INFO - [RapidAPI] Fetching products: category=1350380031, page=4, country=IN
2025-11-03 13:04:36,171 - INFO - [RapidAPI] ✓ Success: 24 products (total available: 69003)
2025-11-03 13:04:36,867 - INFO - [DB] ✓ Saved 24 products with analytics
2025-11-03 13:04:36,867 - INFO - [SAVED] 24 products from page 4
2025-11-03 13:04:38,869 - INFO - [PAGE] Fetching page 5/5...
2025-11-03 13:04:38,870 - INFO - [RapidAPI] Fetching products: category=1350380031, page=5, country=IN
2025-11-03 13:04:41,740 - INFO - [RapidAPI] ✓ Success: 24 products (total available: 73220)
2025-11-03 13:04:42,457 - INFO - [DB] ✓ Saved 24 products with analytics
2025-11-03 13:04:42,459 - INFO - [SAVED] 24 products from page 5
2025-11-03 13:04:42,459 - INFO - [RESULT] Saved 120 products for Baby Products
2025-11-03 13:04:45,460 - INFO - [PROGRESS] Category 2/7
2025-11-03 13:04:45,461 - INFO - 
======================================================================
2025-11-03 13:04:45,461 - INFO - [COLLECT] Electronics (ID: 976419031)
2025-11-03 13:04:45,462 - INFO - [PAGE] Fetching page 1/5...
2025-11-03 13:04:45,462 - INFO - [RapidAPI] Fetching products: category=976419031, page=1, country=IN
2025-11-03 13:04:48,235 - INFO - [RapidAPI] ✓ Success: 24 products (total available: 73829)
2025-11-03 13:04:48,909 - INFO - [DB] ✓ Saved 24 products with analytics
2025-11-03 13:04:48,910 - INFO - [SAVED] 24 products from page 1
2025-11-03 13:04:50,910 - INFO - [PAGE] Fetching page 2/5...
2025-11-03 13:04:50,911 - INFO - [RapidAPI] Fetching products: category=976419031, page=2, country=IN
2025-11-03 13:04:53,492 - INFO - [RapidAPI] ✓ Success: 24 products (total available: 73829)
2025-11-03 13:04:54,352 - INFO - [DB] ✓ Saved 24 products with analytics
2025-11-03 13:04:54,352 - INFO - [SAVED] 24 products from page 2
2025-11-03 13:04:56,353 - INFO - [PAGE] Fetching page 3/5...
2025-11-03 13:04:56,354 - INFO - [RapidAPI] Fetching products: category=976419031, page=3, country=IN
2025-11-03 13:04:59,091 - INFO - [RapidAPI] ✓ Success: 24 products (total available: 73829)
2025-11-03 13:04:59,757 - INFO - [DB] ✓ Saved 24 products with analytics
2025-11-03 13:04:59,757 - INFO - [SAVED] 24 products from page 3
2025-11-03 13:05:01,758 - INFO - [PAGE] Fetching page 4/5...
2025-11-03 13:05:01,759 - INFO - [RapidAPI] Fetching products: category=976419031, page=4, country=IN
2025-11-03 13:05:04,282 - INFO - [RapidAPI] ✓ Success: 24 products (total available: 73829)
2025-11-03 13:05:04,960 - INFO - [DB] ✓ Saved 24 products with analytics
2025-11-03 13:05:04,962 - INFO - [SAVED] 24 products from page 4
2025-11-03 13:05:06,963 - INFO - [PAGE] Fetching page 5/5...
2025-11-03 13:05:06,964 - INFO - [RapidAPI] Fetching products: category=976419031, page=5, country=IN
2025-11-03 13:05:09,482 - INFO - [RapidAPI] ✓ Success: 24 products (total available: 76256)
2025-11-03 13:05:10,162 - INFO - [DB] ✓ Saved 24 products with analytics
2025-11-03 13:05:10,163 - INFO - [SAVED] 24 products from page 5
2025-11-03 13:05:10,163 - INFO - [RESULT] Saved 120 products for Electronics
2025-11-03 13:05:13,164 - INFO - [PROGRESS] Category 3/7
2025-11-03 13:05:13,165 - INFO - 
======================================================================
2025-11-03 13:05:13,165 - INFO - [COLLECT] Computers & Accessories (ID: 976392031)
2025-11-03 13:05:13,166 - INFO - [PAGE] Fetching page 1/5...
2025-11-03 13:05:13,166 - INFO - [RapidAPI] Fetching products: category=976392031, page=1, country=IN
2025-11-03 13:05:15,910 - INFO - [RapidAPI] ✓ Success: 24 products (total available: 69894)
2025-11-03 13:05:17,305 - INFO - [DB] ✓ Saved 24 products with analytics
2025-11-03 13:05:17,305 - INFO - [SAVED] 24 products from page 1
2025-11-03 13:05:19,307 - INFO - [PAGE] Fetching page 2/5...
2025-11-03 13:05:19,308 - INFO - [RapidAPI] Fetching products: category=976392031, page=2, country=IN
2025-11-03 13:05:22,149 - INFO - [RapidAPI] ✓ Success: 24 products (total available: 68724)
2025-11-03 13:05:22,858 - INFO - [DB] ✓ Saved 24 products with analytics
2025-11-03 13:05:22,858 - INFO - [SAVED] 24 products from page 2
2025-11-03 13:05:24,860 - INFO - [PAGE] Fetching page 3/5...
2025-11-03 13:05:24,860 - INFO - [RapidAPI] Fetching products: category=976392031, page=3, country=IN
2025-11-03 13:05:27,447 - INFO - [RapidAPI] ✓ Success: 24 products (total available: 69894)
2025-11-03 13:05:28,104 - INFO - [DB] ✓ Saved 24 products with analytics
2025-11-03 13:05:28,105 - INFO - [SAVED] 24 products from page 3
2025-11-03 13:05:30,105 - INFO - [PAGE] Fetching page 4/5...
2025-11-03 13:05:30,106 - INFO - [RapidAPI] Fetching products: category=976392031, page=4, country=IN
2025-11-03 13:05:32,711 - INFO - [RapidAPI] ✓ Success: 24 products (total available: 69894)
2025-11-03 13:05:33,429 - INFO - [DB] ✓ Saved 24 products with analytics
2025-11-03 13:05:33,429 - INFO - [SAVED] 24 products from page 4
2025-11-03 13:05:35,430 - INFO - [PAGE] Fetching page 5/5...
2025-11-03 13:05:35,430 - INFO - [RapidAPI] Fetching products: category=976392031, page=5, country=IN
2025-11-03 13:05:37,968 - INFO - [RapidAPI] ✓ Success: 24 products (total available: 69033)
2025-11-03 13:05:38,874 - INFO - [DB] ✓ Saved 24 products with analytics
2025-11-03 13:05:38,875 - INFO - [SAVED] 24 products from page 5
2025-11-03 13:05:38,876 - INFO - [RESULT] Saved 120 products for Computers & Accessories
2025-11-03 13:05:41,877 - INFO - [PROGRESS] Category 4/7
2025-11-03 13:05:41,879 - INFO - 
======================================================================
2025-11-03 13:05:41,880 - INFO - [COLLECT] Cell Phones (ID: 1389401031)
2025-11-03 13:05:41,881 - INFO - [PAGE] Fetching page 1/5...
2025-11-03 13:05:41,882 - INFO - [RapidAPI] Fetching products: category=1389401031, page=1, country=IN
2025-11-03 13:05:44,562 - INFO - [RapidAPI] ✓ Success: 24 products (total available: 66811)
2025-11-03 13:05:45,239 - INFO - [DB] ✓ Saved 24 products with analytics
2025-11-03 13:05:45,240 - INFO - [SAVED] 24 products from page 1
2025-11-03 13:05:47,241 - INFO - [PAGE] Fetching page 2/5...
2025-11-03 13:05:47,241 - INFO - [RapidAPI] Fetching products: category=1389401031, page=2, country=IN
2025-11-03 13:05:49,735 - INFO - [RapidAPI] ✓ Success: 24 products (total available: 66811)
2025-11-03 13:05:50,425 - INFO - [DB] ✓ Saved 24 products with analytics
2025-11-03 13:05:50,426 - INFO - [SAVED] 24 products from page 2
2025-11-03 13:05:52,427 - INFO - [PAGE] Fetching page 3/5...
2025-11-03 13:05:52,428 - INFO - [RapidAPI] Fetching products: category=1389401031, page=3, country=IN
2025-11-03 13:05:55,053 - INFO - [RapidAPI] ✓ Success: 24 products (total available: 66811)
2025-11-03 13:05:55,733 - INFO - [DB] ✓ Saved 24 products with analytics
2025-11-03 13:05:55,734 - INFO - [SAVED] 24 products from page 3
2025-11-03 13:05:57,735 - INFO - [PAGE] Fetching page 4/5...
2025-11-03 13:05:57,737 - INFO - [RapidAPI] Fetching products: category=1389401031, page=4, country=IN
2025-11-03 13:06:00,421 - INFO - [RapidAPI] ✓ Success: 24 products (total available: 66811)
2025-11-03 13:06:01,429 - INFO - [DB] ✓ Saved 24 products with analytics
2025-11-03 13:06:01,430 - INFO - [SAVED] 24 products from page 4
2025-11-03 13:06:03,430 - INFO - [PAGE] Fetching page 5/5...
2025-11-03 13:06:03,432 - INFO - [RapidAPI] Fetching products: category=1389401031, page=5, country=IN
2025-11-03 13:06:06,226 - INFO - [RapidAPI] ✓ Success: 24 products (total available: 80125)
2025-11-03 13:06:07,334 - INFO - [DB] ✓ Saved 24 products with analytics
2025-11-03 13:06:07,335 - INFO - [SAVED] 24 products from page 5
2025-11-03 13:06:07,335 - INFO - [RESULT] Saved 120 products for Cell Phones
2025-11-03 13:06:10,337 - INFO - [PROGRESS] Category 5/7
2025-11-03 13:06:10,339 - INFO - 
======================================================================
2025-11-03 13:06:10,340 - INFO - [COLLECT] Toys & Games (ID: 1350387031)
2025-11-03 13:06:10,341 - INFO - [PAGE] Fetching page 1/5...
2025-11-03 13:06:10,342 - INFO - [RapidAPI] Fetching products: category=1350387031, page=1, country=IN
2025-11-03 13:06:13,442 - INFO - [RapidAPI] ✓ Success: 48 products (total available: 42550)
2025-11-03 13:06:15,445 - INFO - [DB] ✓ Saved 48 products with analytics
2025-11-03 13:06:15,446 - INFO - [SAVED] 48 products from page 1
2025-11-03 13:06:17,447 - INFO - [PAGE] Fetching page 2/5...
2025-11-03 13:06:17,447 - INFO - [RapidAPI] Fetching products: category=1350387031, page=2, country=IN
2025-11-03 13:06:20,131 - INFO - [RapidAPI] ✓ Success: 48 products (total available: 42550)
2025-11-03 13:06:21,752 - INFO - [DB] ✓ Saved 48 products with analytics
2025-11-03 13:06:21,752 - INFO - [SAVED] 48 products from page 2
2025-11-03 13:06:23,753 - INFO - [PAGE] Fetching page 3/5...
2025-11-03 13:06:23,753 - INFO - [RapidAPI] Fetching products: category=1350387031, page=3, country=IN
2025-11-03 13:06:26,461 - INFO - [RapidAPI] ✓ Success: 48 products (total available: 40575)
2025-11-03 13:06:27,756 - INFO - [DB] ✓ Saved 48 products with analytics
2025-11-03 13:06:27,756 - INFO - [SAVED] 48 products from page 3
2025-11-03 13:06:29,757 - INFO - [PAGE] Fetching page 4/5...
2025-11-03 13:06:29,758 - INFO - [RapidAPI] Fetching products: category=1350387031, page=4, country=IN
2025-11-03 13:06:32,643 - INFO - [RapidAPI] ✓ Success: 48 products (total available: 40162)
2025-11-03 13:06:33,892 - INFO - [DB] ✓ Saved 48 products with analytics
2025-11-03 13:06:33,892 - INFO - [SAVED] 48 products from page 4
2025-11-03 13:06:35,893 - INFO - [PAGE] Fetching page 5/5...
2025-11-03 13:06:35,893 - INFO - [RapidAPI] Fetching products: category=1350387031, page=5, country=IN
2025-11-03 13:06:38,401 - INFO - [RapidAPI] ✓ Success: 48 products (total available: 39056)
2025-11-03 13:06:39,665 - INFO - [DB] ✓ Saved 48 products with analytics
2025-11-03 13:06:39,667 - INFO - [SAVED] 48 products from page 5
2025-11-03 13:06:39,668 - INFO - [RESULT] Saved 240 products for Toys & Games
2025-11-03 13:06:42,670 - INFO - [PROGRESS] Category 6/7
2025-11-03 13:06:42,671 - INFO - 
======================================================================
2025-11-03 13:06:42,672 - INFO - [COLLECT] Health & Personal Care (ID: 1350384031)
2025-11-03 13:06:42,672 - INFO - [PAGE] Fetching page 1/5...
2025-11-03 13:06:42,672 - INFO - [RapidAPI] Fetching products: category=1350384031, page=1, country=IN
2025-11-03 13:06:45,291 - INFO - [RapidAPI] ✓ Success: 24 products (total available: 75665)
2025-11-03 13:06:45,934 - INFO - [DB] ✓ Saved 24 products with analytics
2025-11-03 13:06:45,934 - INFO - [SAVED] 24 products from page 1
2025-11-03 13:06:47,935 - INFO - [PAGE] Fetching page 2/5...
2025-11-03 13:06:47,936 - INFO - [RapidAPI] Fetching products: category=1350384031, page=2, country=IN
2025-11-03 13:06:52,037 - INFO - [RapidAPI] ✓ Success: 24 products (total available: 75665)
2025-11-03 13:06:52,780 - INFO - [DB] ✓ Saved 24 products with analytics
2025-11-03 13:06:52,781 - INFO - [SAVED] 24 products from page 2
2025-11-03 13:06:54,783 - INFO - [PAGE] Fetching page 3/5...
2025-11-03 13:06:54,784 - INFO - [RapidAPI] Fetching products: category=1350384031, page=3, country=IN
2025-11-03 13:06:57,294 - INFO - [RapidAPI] ✓ Success: 24 products (total available: 75665)
2025-11-03 13:06:57,956 - INFO - [DB] ✓ Saved 24 products with analytics
2025-11-03 13:06:57,956 - INFO - [SAVED] 24 products from page 3
2025-11-03 13:06:59,957 - INFO - [PAGE] Fetching page 4/5...
2025-11-03 13:06:59,957 - INFO - [RapidAPI] Fetching products: category=1350384031, page=4, country=IN
2025-11-03 13:07:02,622 - INFO - [RapidAPI] ✓ Success: 24 products (total available: 75665)
2025-11-03 13:07:03,284 - INFO - [DB] ✓ Saved 24 products with analytics
2025-11-03 13:07:03,284 - INFO - [SAVED] 24 products from page 4
2025-11-03 13:07:05,285 - INFO - [PAGE] Fetching page 5/5...
2025-11-03 13:07:05,286 - INFO - [RapidAPI] Fetching products: category=1350384031, page=5, country=IN
2025-11-03 13:07:08,103 - INFO - [RapidAPI] ✓ Success: 24 products (total available: 74728)
2025-11-03 13:07:08,761 - INFO - [DB] ✓ Saved 24 products with analytics
2025-11-03 13:07:08,763 - INFO - [SAVED] 24 products from page 5
2025-11-03 13:07:08,764 - INFO - [RESULT] Saved 120 products for Health & Personal Care
2025-11-03 13:07:11,765 - INFO - [PROGRESS] Category 7/7
2025-11-03 13:07:11,766 - INFO - 
======================================================================
2025-11-03 13:07:11,766 - INFO - [COLLECT] Home & Kitchen (ID: 976442031)
2025-11-03 13:07:11,767 - INFO - [PAGE] Fetching page 1/5...
2025-11-03 13:07:11,768 - INFO - [RapidAPI] Fetching products: category=976442031, page=1, country=IN
2025-11-03 13:07:14,460 - INFO - [RapidAPI] ✓ Success: 24 products (total available: 81771)
2025-11-03 13:07:15,117 - INFO - [DB] ✓ Saved 24 products with analytics
2025-11-03 13:07:15,118 - INFO - [SAVED] 24 products from page 1
2025-11-03 13:07:17,118 - INFO - [PAGE] Fetching page 2/5...
2025-11-03 13:07:17,119 - INFO - [RapidAPI] Fetching products: category=976442031, page=2, country=IN
2025-11-03 13:07:19,821 - INFO - [RapidAPI] ✓ Success: 24 products (total available: 81771)
2025-11-03 13:07:20,525 - INFO - [DB] ✓ Saved 24 products with analytics
2025-11-03 13:07:20,526 - INFO - [SAVED] 24 products from page 2
2025-11-03 13:07:22,527 - INFO - [PAGE] Fetching page 3/5...
2025-11-03 13:07:22,534 - INFO - [RapidAPI] Fetching products: category=976442031, page=3, country=IN
2025-11-03 13:07:25,222 - INFO - [RapidAPI] ✓ Success: 24 products (total available: 81771)
2025-11-03 13:07:25,899 - INFO - [DB] ✓ Saved 24 products with analytics
2025-11-03 13:07:25,905 - INFO - [SAVED] 24 products from page 3
2025-11-03 13:07:27,911 - INFO - [PAGE] Fetching page 4/5...
2025-11-03 13:07:27,917 - INFO - [RapidAPI] Fetching products: category=976442031, page=4, country=IN
2025-11-03 13:07:30,929 - INFO - [RapidAPI] ✓ Success: 24 products (total available: 81771)
2025-11-03 13:07:31,561 - INFO - [DB] ✓ Saved 24 products with analytics
2025-11-03 13:07:31,562 - INFO - [SAVED] 24 products from page 4
2025-11-03 13:07:33,565 - INFO - [PAGE] Fetching page 5/5...
2025-11-03 13:07:33,565 - INFO - [RapidAPI] Fetching products: category=976442031, page=5, country=IN
2025-11-03 13:07:36,419 - INFO - [RapidAPI] ✓ Success: 24 products (total available: 79372)
2025-11-03 13:07:37,293 - INFO - [DB] ✓ Saved 24 products with analytics
2025-11-03 13:07:37,294 - INFO - [SAVED] 24 products from page 5
2025-11-03 13:07:37,295 - INFO - [RESULT] Saved 120 products for Home & Kitchen
2025-11-03 13:07:37,320 - INFO - [DB STATS] Products: 1078, Unique ASINs: 1002, Categories: 7
2025-11-03 13:07:37,322 - INFO - [ANALYTICS] Overall Avg Price: ₹947.80
2025-11-03 13:07:37,322 - INFO - [ANALYTICS] Products with analytics: 1063
2025-11-03 13:07:37,323 - INFO - [COMPLETE] Collected 960 products; 7/7 categories succeeded
2025-11-03 13:07:37,324 - INFO - [OUTPUT] Data saved to DB with analytics columns
2025-11-03 13:07:37,326 - INFO - [DB] Disconnected
2025-11-03 14:37:37,055 - INFO - [CONFIG] ✓ Loaded
2025-11-03 14:37:37,055 - INFO - [RapidAPI] Client initialized for host: real-time-amazon-data.p.rapidapi.com
2025-11-03 14:37:37,055 - INFO - [START] Collection starting
2025-11-03 14:37:37,056 - INFO - [DB] Connecting (1/3)...
2025-11-03 14:37:37,163 - INFO - [DB] ✓ Connected
2025-11-03 14:37:37,214 - INFO - [DB] ✓ Tables ready
2025-11-03 14:37:37,214 - INFO - [MODE] Using DATABASE
2025-11-03 14:37:37,215 - INFO - 
[PROGRESS] Category 1/7
2025-11-03 14:37:37,215 - INFO - 
======================================================================
[COLLECT] Baby Products
2025-11-03 14:37:37,215 - INFO - [PAGE] 1/5...
2025-11-03 14:37:37,216 - INFO - [RapidAPI] Fetching products: category=1350380031, page=1, country=IN
2025-11-03 14:37:40,059 - INFO - [RapidAPI] ✓ Success: 24 products (total available: 71741)
2025-11-03 14:37:40,125 - INFO - [DB] ✓ Saved 24 products with analytics
2025-11-03 14:37:40,126 - INFO - [SAVED] ✓ 24 products
2025-11-03 14:37:42,126 - INFO - [PAGE] 2/5...
2025-11-03 14:37:42,126 - INFO - [RapidAPI] Fetching products: category=1350380031, page=2, country=IN
2025-11-03 14:37:45,322 - INFO - [RapidAPI] ✓ Success: 24 products (total available: 71741)
2025-11-03 14:37:45,363 - INFO - [DB] ✓ Saved 24 products with analytics
2025-11-03 14:37:45,364 - INFO - [SAVED] ✓ 24 products
2025-11-03 14:37:47,364 - INFO - [PAGE] 3/5...
2025-11-03 14:37:47,364 - INFO - [RapidAPI] Fetching products: category=1350380031, page=3, country=IN
2025-11-03 14:37:50,356 - INFO - [RapidAPI] ✓ Success: 24 products (total available: 71722)
2025-11-03 14:37:50,414 - INFO - [DB] ✓ Saved 24 products with analytics
2025-11-03 14:37:50,414 - INFO - [SAVED] ✓ 24 products
2025-11-03 14:37:52,415 - INFO - [PAGE] 4/5...
2025-11-03 14:37:52,415 - INFO - [RapidAPI] Fetching products: category=1350380031, page=4, country=IN
2025-11-03 14:37:55,244 - INFO - [RapidAPI] ✓ Success: 24 products (total available: 72464)
2025-11-03 14:37:55,285 - INFO - [DB] ✓ Saved 24 products with analytics
2025-11-03 14:37:55,285 - INFO - [SAVED] ✓ 24 products
2025-11-03 14:37:57,286 - INFO - [PAGE] 5/5...
2025-11-03 14:37:57,286 - INFO - [RapidAPI] Fetching products: category=1350380031, page=5, country=IN
2025-11-03 14:38:00,133 - INFO - [RapidAPI] ✓ Success: 24 products (total available: 71709)
2025-11-03 14:38:00,180 - INFO - [DB] ✓ Saved 24 products with analytics
2025-11-03 14:38:00,182 - INFO - [SAVED] ✓ 24 products
2025-11-03 14:38:00,183 - INFO - [RESULT] 120 products saved
2025-11-03 14:38:03,184 - INFO - 
[PROGRESS] Category 2/7
2025-11-03 14:38:03,185 - INFO - 
======================================================================
[COLLECT] Electronics
2025-11-03 14:38:03,186 - INFO - [PAGE] 1/5...
2025-11-03 14:38:03,186 - INFO - [RapidAPI] Fetching products: category=976419031, page=1, country=IN
2025-11-03 14:38:05,891 - INFO - [RapidAPI] ✓ Success: 24 products (total available: 77195)
2025-11-03 14:38:05,940 - INFO - [DB] ✓ Saved 24 products with analytics
2025-11-03 14:38:05,941 - INFO - [SAVED] ✓ 24 products
2025-11-03 14:38:07,941 - INFO - [PAGE] 2/5...
2025-11-03 14:38:07,943 - INFO - [RapidAPI] Fetching products: category=976419031, page=2, country=IN
2025-11-03 14:38:10,581 - INFO - [RapidAPI] ✓ Success: 24 products (total available: 79197)
2025-11-03 14:38:10,630 - INFO - [DB] ✓ Saved 24 products with analytics
2025-11-03 14:38:10,632 - INFO - [SAVED] ✓ 24 products
2025-11-03 14:38:12,637 - INFO - [PAGE] 3/5...
2025-11-03 14:38:12,638 - INFO - [RapidAPI] Fetching products: category=976419031, page=3, country=IN
2025-11-03 14:38:15,110 - INFO - [RapidAPI] ✓ Success: 24 products (total available: 79197)
2025-11-03 14:38:15,158 - INFO - [DB] ✓ Saved 24 products with analytics
2025-11-03 14:38:15,160 - INFO - [SAVED] ✓ 24 products
2025-11-03 14:38:17,160 - INFO - [PAGE] 4/5...
2025-11-03 14:38:17,161 - INFO - [RapidAPI] Fetching products: category=976419031, page=4, country=IN
2025-11-03 14:38:19,870 - INFO - [RapidAPI] ✓ Success: 24 products (total available: 79197)
2025-11-03 14:38:19,922 - INFO - [DB] ✓ Saved 24 products with analytics
2025-11-03 14:38:19,922 - INFO - [SAVED] ✓ 24 products
2025-11-03 14:38:21,924 - INFO - [PAGE] 5/5...
2025-11-03 14:38:21,924 - INFO - [RapidAPI] Fetching products: category=976419031, page=5, country=IN
2025-11-03 14:38:24,778 - INFO - [RapidAPI] ✓ Success: 24 products (total available: 76715)
2025-11-03 14:38:24,829 - INFO - [DB] ✓ Saved 24 products with analytics
2025-11-03 14:38:24,829 - INFO - [SAVED] ✓ 24 products
2025-11-03 14:38:24,829 - INFO - [RESULT] 120 products saved
2025-11-03 14:38:27,830 - INFO - 
[PROGRESS] Category 3/7
2025-11-03 14:38:27,831 - INFO - 
======================================================================
[COLLECT] Computers & Accessories
2025-11-03 14:38:27,831 - INFO - [PAGE] 1/5...
2025-11-03 14:38:27,832 - INFO - [RapidAPI] Fetching products: category=976392031, page=1, country=IN
2025-11-03 14:38:30,824 - INFO - [RapidAPI] ✓ Success: 24 products (total available: 76288)
2025-11-03 14:38:30,906 - INFO - [DB] ✓ Saved 24 products with analytics
2025-11-03 14:38:30,908 - INFO - [SAVED] ✓ 24 products
2025-11-03 14:38:32,912 - INFO - [PAGE] 2/5...
2025-11-03 14:38:32,913 - INFO - [RapidAPI] Fetching products: category=976392031, page=2, country=IN
2025-11-03 14:38:35,657 - INFO - [RapidAPI] ✓ Success: 24 products (total available: 76288)
2025-11-03 14:38:35,726 - INFO - [DB] ✓ Saved 24 products with analytics
2025-11-03 14:38:35,726 - INFO - [SAVED] ✓ 24 products
2025-11-03 14:38:37,727 - INFO - [PAGE] 3/5...
2025-11-03 14:38:37,728 - INFO - [RapidAPI] Fetching products: category=976392031, page=3, country=IN
2025-11-03 14:38:40,325 - INFO - [RapidAPI] ✓ Success: 24 products (total available: 76288)
2025-11-03 14:38:40,370 - INFO - [DB] ✓ Saved 24 products with analytics
2025-11-03 14:38:40,371 - INFO - [SAVED] ✓ 24 products
2025-11-03 14:38:42,373 - INFO - [PAGE] 4/5...
2025-11-03 14:38:42,373 - INFO - [RapidAPI] Fetching products: category=976392031, page=4, country=IN
2025-11-03 14:38:44,973 - INFO - [RapidAPI] ✓ Success: 24 products (total available: 76288)
2025-11-03 14:38:45,022 - INFO - [DB] ✓ Saved 24 products with analytics
2025-11-03 14:38:45,023 - INFO - [SAVED] ✓ 24 products
2025-11-03 14:38:47,023 - INFO - [PAGE] 5/5...
2025-11-03 14:38:47,024 - INFO - [RapidAPI] Fetching products: category=976392031, page=5, country=IN
2025-11-03 14:38:49,783 - INFO - [RapidAPI] ✓ Success: 24 products (total available: 75732)
2025-11-03 14:38:49,839 - INFO - [DB] ✓ Saved 24 products with analytics
2025-11-03 14:38:49,839 - INFO - [SAVED] ✓ 24 products
2025-11-03 14:38:49,840 - INFO - [RESULT] 120 products saved
2025-11-03 14:38:52,840 - INFO - 
[PROGRESS] Category 4/7
2025-11-03 14:38:52,841 - INFO - 
======================================================================
[COLLECT] Cell Phones
2025-11-03 14:38:52,842 - INFO - [PAGE] 1/5...
2025-11-03 14:38:52,843 - INFO - [RapidAPI] Fetching products: category=1389401031, page=1, country=IN
2025-11-03 14:38:55,608 - INFO - [RapidAPI] ✓ Success: 24 products (total available: 77205)
2025-11-03 14:38:55,655 - INFO - [DB] ✓ Saved 24 products with analytics
2025-11-03 14:38:55,655 - INFO - [SAVED] ✓ 24 products
2025-11-03 14:38:57,656 - INFO - [PAGE] 2/5...
2025-11-03 14:38:57,657 - INFO - [RapidAPI] Fetching products: category=1389401031, page=2, country=IN
2025-11-03 14:39:00,068 - INFO - [RapidAPI] ✓ Success: 24 products (total available: 77205)
2025-11-03 14:39:00,117 - INFO - [DB] ✓ Saved 24 products with analytics
2025-11-03 14:39:00,118 - INFO - [SAVED] ✓ 24 products
2025-11-03 14:39:02,119 - INFO - [PAGE] 3/5...
2025-11-03 14:39:02,121 - INFO - [RapidAPI] Fetching products: category=1389401031, page=3, country=IN
2025-11-03 14:39:04,789 - INFO - [RapidAPI] ✓ Success: 24 products (total available: 77205)
2025-11-03 14:39:04,841 - INFO - [DB] ✓ Saved 24 products with analytics
2025-11-03 14:39:04,849 - INFO - [SAVED] ✓ 24 products
2025-11-03 14:39:06,850 - INFO - [PAGE] 4/5...
2025-11-03 14:39:06,851 - INFO - [RapidAPI] Fetching products: category=1389401031, page=4, country=IN
2025-11-03 14:39:11,561 - INFO - [RapidAPI] ✓ Success: 24 products (total available: 67393)
2025-11-03 14:39:11,608 - INFO - [DB] ✓ Saved 24 products with analytics
2025-11-03 14:39:11,609 - INFO - [SAVED] ✓ 24 products
2025-11-03 14:39:13,610 - INFO - [PAGE] 5/5...
2025-11-03 14:39:13,616 - INFO - [RapidAPI] Fetching products: category=1389401031, page=5, country=IN
2025-11-03 14:39:16,272 - INFO - [RapidAPI] ✓ Success: 24 products (total available: 74966)
2025-11-03 14:39:16,331 - INFO - [DB] ✓ Saved 24 products with analytics
2025-11-03 14:39:16,332 - INFO - [SAVED] ✓ 24 products
2025-11-03 14:39:16,333 - INFO - [RESULT] 120 products saved
2025-11-03 14:39:19,333 - INFO - 
[PROGRESS] Category 5/7
2025-11-03 14:39:19,334 - INFO - 
======================================================================
[COLLECT] Toys & Games
2025-11-03 14:39:19,335 - INFO - [PAGE] 1/5...
2025-11-03 14:39:19,336 - INFO - [RapidAPI] Fetching products: category=1350387031, page=1, country=IN
2025-11-03 14:39:22,118 - INFO - [RapidAPI] ✓ Success: 48 products (total available: 38586)
2025-11-03 14:39:22,172 - INFO - [DB] ✓ Saved 48 products with analytics
2025-11-03 14:39:22,173 - INFO - [SAVED] ✓ 48 products
2025-11-03 14:39:24,174 - INFO - [PAGE] 2/5...
2025-11-03 14:39:24,176 - INFO - [RapidAPI] Fetching products: category=1350387031, page=2, country=IN
2025-11-03 14:39:27,053 - INFO - [RapidAPI] ✓ Success: 48 products (total available: 38586)
2025-11-03 14:39:27,112 - INFO - [DB] ✓ Saved 48 products with analytics
2025-11-03 14:39:27,112 - INFO - [SAVED] ✓ 48 products
2025-11-03 14:39:29,113 - INFO - [PAGE] 3/5...
2025-11-03 14:39:29,114 - INFO - [RapidAPI] Fetching products: category=1350387031, page=3, country=IN
2025-11-03 14:39:31,893 - INFO - [RapidAPI] ✓ Success: 48 products (total available: 37434)
2025-11-03 14:39:31,946 - INFO - [DB] ✓ Saved 48 products with analytics
2025-11-03 14:39:31,946 - INFO - [SAVED] ✓ 48 products
2025-11-03 14:39:33,947 - INFO - [PAGE] 4/5...
2025-11-03 14:39:33,948 - INFO - [RapidAPI] Fetching products: category=1350387031, page=4, country=IN
2025-11-03 14:39:37,005 - INFO - [RapidAPI] ✓ Success: 48 products (total available: 38807)
2025-11-03 14:39:37,077 - INFO - [DB] ✓ Saved 48 products with analytics
2025-11-03 14:39:37,078 - INFO - [SAVED] ✓ 48 products
2025-11-03 14:39:39,079 - INFO - [PAGE] 5/5...
2025-11-03 14:39:39,079 - INFO - [RapidAPI] Fetching products: category=1350387031, page=5, country=IN
2025-11-03 14:39:41,841 - INFO - [RapidAPI] ✓ Success: 48 products (total available: 41379)
2025-11-03 14:39:41,901 - INFO - [DB] ✓ Saved 48 products with analytics
2025-11-03 14:39:41,901 - INFO - [SAVED] ✓ 48 products
2025-11-03 14:39:41,902 - INFO - [RESULT] 240 products saved
2025-11-03 14:39:44,903 - INFO - 
[PROGRESS] Category 6/7
2025-11-03 14:39:44,903 - INFO - 
======================================================================
[COLLECT] Health & Personal Care
2025-11-03 14:39:44,904 - INFO - [PAGE] 1/5...
2025-11-03 14:39:44,905 - INFO - [RapidAPI] Fetching products: category=1350384031, page=1, country=IN
2025-11-03 14:39:47,691 - INFO - [RapidAPI] ✓ Success: 24 products (total available: 71905)
2025-11-03 14:39:47,739 - INFO - [DB] ✓ Saved 24 products with analytics
2025-11-03 14:39:47,740 - INFO - [SAVED] ✓ 24 products
2025-11-03 14:39:49,740 - INFO - [PAGE] 2/5...
2025-11-03 14:39:49,741 - INFO - [RapidAPI] Fetching products: category=1350384031, page=2, country=IN
2025-11-03 14:39:52,488 - INFO - [RapidAPI] ✓ Success: 24 products (total available: 72894)
2025-11-03 14:39:52,532 - INFO - [DB] ✓ Saved 24 products with analytics
2025-11-03 14:39:52,533 - INFO - [SAVED] ✓ 24 products
2025-11-03 14:39:54,533 - INFO - [PAGE] 3/5...
2025-11-03 14:39:54,534 - INFO - [RapidAPI] Fetching products: category=1350384031, page=3, country=IN
2025-11-03 14:39:57,120 - INFO - [RapidAPI] ✓ Success: 24 products (total available: 72894)
2025-11-03 14:39:57,166 - INFO - [DB] ✓ Saved 24 products with analytics
2025-11-03 14:39:57,166 - INFO - [SAVED] ✓ 24 products
2025-11-03 14:39:59,167 - INFO - [PAGE] 4/5...
2025-11-03 14:39:59,167 - INFO - [RapidAPI] Fetching products: category=1350384031, page=4, country=IN
2025-11-03 14:40:01,963 - INFO - [RapidAPI] ✓ Success: 24 products (total available: 71905)
2025-11-03 14:40:02,015 - INFO - [DB] ✓ Saved 24 products with analytics
2025-11-03 14:40:02,015 - INFO - [SAVED] ✓ 24 products
2025-11-03 14:40:04,016 - INFO - [PAGE] 5/5...
2025-11-03 14:40:04,016 - INFO - [RapidAPI] Fetching products: category=1350384031, page=5, country=IN
2025-11-03 14:40:06,697 - INFO - [RapidAPI] ✓ Success: 24 products (total available: 73579)
2025-11-03 14:40:06,741 - INFO - [DB] ✓ Saved 24 products with analytics
2025-11-03 14:40:06,742 - INFO - [SAVED] ✓ 24 products
2025-11-03 14:40:06,742 - INFO - [RESULT] 120 products saved
2025-11-03 14:40:09,743 - INFO - 
[PROGRESS] Category 7/7
2025-11-03 14:40:09,743 - INFO - 
======================================================================
[COLLECT] Home & Kitchen
2025-11-03 14:40:09,744 - INFO - [PAGE] 1/5...
2025-11-03 14:40:09,744 - INFO - [RapidAPI] Fetching products: category=976442031, page=1, country=IN
2025-11-03 14:40:12,626 - INFO - [RapidAPI] ✓ Success: 24 products (total available: 75120)
2025-11-03 14:40:12,673 - INFO - [DB] ✓ Saved 24 products with analytics
2025-11-03 14:40:12,674 - INFO - [SAVED] ✓ 24 products
2025-11-03 14:40:14,674 - INFO - [PAGE] 2/5...
2025-11-03 14:40:14,675 - INFO - [RapidAPI] Fetching products: category=976442031, page=2, country=IN
2025-11-03 14:40:17,720 - INFO - [RapidAPI] ✓ Success: 24 products (total available: 76037)
2025-11-03 14:40:17,782 - INFO - [DB] ✓ Saved 24 products with analytics
2025-11-03 14:40:17,782 - INFO - [SAVED] ✓ 24 products
2025-11-03 14:40:19,783 - INFO - [PAGE] 3/5...
2025-11-03 14:40:19,786 - INFO - [RapidAPI] Fetching products: category=976442031, page=3, country=IN
2025-11-03 14:40:22,546 - INFO - [RapidAPI] ✓ Success: 24 products (total available: 75830)
2025-11-03 14:40:22,596 - INFO - [DB] ✓ Saved 24 products with analytics
2025-11-03 14:40:22,599 - INFO - [SAVED] ✓ 24 products
2025-11-03 14:40:24,600 - INFO - [PAGE] 4/5...
2025-11-03 14:40:24,602 - INFO - [RapidAPI] Fetching products: category=976442031, page=4, country=IN
2025-11-03 14:40:27,386 - INFO - [RapidAPI] ✓ Success: 24 products (total available: 76037)
2025-11-03 14:40:27,442 - INFO - [DB] ✓ Saved 24 products with analytics
2025-11-03 14:40:27,443 - INFO - [SAVED] ✓ 24 products
2025-11-03 14:40:29,444 - INFO - [PAGE] 5/5...
2025-11-03 14:40:29,444 - INFO - [RapidAPI] Fetching products: category=976442031, page=5, country=IN
2025-11-03 14:40:32,210 - INFO - [RapidAPI] ✓ Success: 24 products (total available: 75650)
2025-11-03 14:40:32,255 - INFO - [DB] ✓ Saved 24 products with analytics
2025-11-03 14:40:32,255 - INFO - [SAVED] ✓ 24 products
2025-11-03 14:40:32,256 - INFO - [RESULT] 120 products saved
2025-11-03 14:40:32,287 - INFO - 
[STATS] Products: 1098, ASINs: 1019
2025-11-03 14:40:32,288 - INFO - [ANALYTICS] Avg Price: ₹1371.87
2025-11-03 14:40:32,288 - INFO - [ANALYTICS] Avg Sales: 154,914,474
2025-11-03 14:40:32,289 - INFO - [COMPLETE] 960 products collected
2025-11-03 14:40:32,290 - INFO - [DB] Disconnected
2025-11-04 13:00:00,527 - INFO - [CONFIG] ✓ Loaded
2025-11-04 13:00:00,560 - INFO - [RapidAPI] Client initialized for host: real-time-amazon-data.p.rapidapi.com
2025-11-04 13:00:00,560 - INFO - [START] Collection starting
2025-11-04 13:00:00,560 - INFO - [DB] Connecting (1/3)...
2025-11-04 13:00:00,643 - INFO - [DB] ✓ Connected
2025-11-04 13:00:00,698 - INFO - [DB] ✓ Tables ready
2025-11-04 13:00:00,699 - INFO - [MODE] Using DATABASE
2025-11-04 13:00:00,699 - INFO - 
[PROGRESS] Category 1/7
2025-11-04 13:00:00,699 - INFO - 
======================================================================
[COLLECT] Baby Products
2025-11-04 13:00:00,699 - INFO - [PAGE] 1/5...
2025-11-04 13:00:00,699 - INFO - [RapidAPI] Fetching products: category=1350380031, page=1, country=IN
2025-11-04 13:00:03,652 - INFO - [RapidAPI] ✓ Success: 24 products (total available: 72066)
2025-11-04 13:00:03,736 - INFO - [DB] ✓ Saved 24 products with analytics
2025-11-04 13:00:03,737 - INFO - [SAVED] ✓ 24 products
2025-11-04 13:00:05,739 - INFO - [PAGE] 2/5...
2025-11-04 13:00:05,740 - INFO - [RapidAPI] Fetching products: category=1350380031, page=2, country=IN
2025-11-04 13:00:08,366 - INFO - [RapidAPI] ✓ Success: 24 products (total available: 70829)
2025-11-04 13:00:08,409 - INFO - [DB] ✓ Saved 24 products with analytics
2025-11-04 13:00:08,410 - INFO - [SAVED] ✓ 24 products
2025-11-04 13:00:10,411 - INFO - [PAGE] 3/5...
2025-11-04 13:00:10,411 - INFO - [RapidAPI] Fetching products: category=1350380031, page=3, country=IN
2025-11-04 13:00:13,201 - INFO - [RapidAPI] ✓ Success: 24 products (total available: 72066)
2025-11-04 13:00:13,243 - INFO - [DB] ✓ Saved 24 products with analytics
2025-11-04 13:00:13,244 - INFO - [SAVED] ✓ 24 products
2025-11-04 13:00:15,246 - INFO - [PAGE] 4/5...
2025-11-04 13:00:15,246 - INFO - [RapidAPI] Fetching products: category=1350380031, page=4, country=IN
2025-11-04 13:00:17,715 - INFO - [RapidAPI] ✓ Success: 24 products (total available: 71207)
2025-11-04 13:00:17,763 - INFO - [DB] ✓ Saved 24 products with analytics
2025-11-04 13:00:17,764 - INFO - [SAVED] ✓ 24 products
2025-11-04 13:00:19,765 - INFO - [PAGE] 5/5...
2025-11-04 13:00:19,765 - INFO - [RapidAPI] Fetching products: category=1350380031, page=5, country=IN
2025-11-04 13:00:22,458 - INFO - [RapidAPI] ✓ Success: 24 products (total available: 70927)
2025-11-04 13:00:22,502 - INFO - [DB] ✓ Saved 24 products with analytics
2025-11-04 13:00:22,504 - INFO - [SAVED] ✓ 24 products
2025-11-04 13:00:22,505 - INFO - [RESULT] 120 products saved
2025-11-04 13:00:25,505 - INFO - 
[PROGRESS] Category 2/7
2025-11-04 13:00:25,506 - INFO - 
======================================================================
[COLLECT] Electronics
2025-11-04 13:00:25,506 - INFO - [PAGE] 1/5...
2025-11-04 13:00:25,506 - INFO - [RapidAPI] Fetching products: category=976419031, page=1, country=IN
2025-11-04 13:00:28,277 - INFO - [RapidAPI] ✓ Success: 24 products (total available: 69884)
2025-11-04 13:00:28,329 - INFO - [DB] ✓ Saved 24 products with analytics
2025-11-04 13:00:28,330 - INFO - [SAVED] ✓ 24 products
2025-11-04 13:00:30,331 - INFO - [PAGE] 2/5...
2025-11-04 13:00:30,331 - INFO - [RapidAPI] Fetching products: category=976419031, page=2, country=IN
2025-11-04 13:00:33,013 - INFO - [RapidAPI] ✓ Success: 24 products (total available: 69062)
2025-11-04 13:00:33,061 - INFO - [DB] ✓ Saved 24 products with analytics
2025-11-04 13:00:33,064 - INFO - [SAVED] ✓ 24 products
2025-11-04 13:00:35,066 - INFO - [PAGE] 3/5...
2025-11-04 13:00:35,066 - INFO - [RapidAPI] Fetching products: category=976419031, page=3, country=IN
2025-11-04 13:00:37,631 - INFO - [RapidAPI] ✓ Success: 24 products (total available: 69884)
2025-11-04 13:00:37,677 - INFO - [DB] ✓ Saved 24 products with analytics
2025-11-04 13:00:37,679 - INFO - [SAVED] ✓ 24 products
2025-11-04 13:00:39,681 - INFO - [PAGE] 4/5...
2025-11-04 13:00:39,682 - INFO - [RapidAPI] Fetching products: category=976419031, page=4, country=IN
2025-11-04 13:00:42,388 - INFO - [RapidAPI] ✓ Success: 24 products (total available: 69884)
2025-11-04 13:00:42,449 - INFO - [DB] ✓ Saved 24 products with analytics
2025-11-04 13:00:42,450 - INFO - [SAVED] ✓ 24 products
2025-11-04 13:00:44,451 - INFO - [PAGE] 5/5...
2025-11-04 13:00:44,451 - INFO - [RapidAPI] Fetching products: category=976419031, page=5, country=IN
2025-11-04 13:00:46,996 - INFO - [RapidAPI] ✓ Success: 24 products (total available: 76556)
2025-11-04 13:00:47,050 - INFO - [DB] ✓ Saved 24 products with analytics
2025-11-04 13:00:47,052 - INFO - [SAVED] ✓ 24 products
2025-11-04 13:00:47,054 - INFO - [RESULT] 120 products saved
2025-11-04 13:00:50,055 - INFO - 
[PROGRESS] Category 3/7
2025-11-04 13:00:50,055 - INFO - 
======================================================================
[COLLECT] Computers & Accessories
2025-11-04 13:00:50,056 - INFO - [PAGE] 1/5...
2025-11-04 13:00:50,056 - INFO - [RapidAPI] Fetching products: category=976392031, page=1, country=IN
2025-11-04 13:00:53,019 - INFO - [RapidAPI] ✓ Success: 24 products (total available: 69854)
2025-11-04 13:00:53,067 - INFO - [DB] ✓ Saved 24 products with analytics
2025-11-04 13:00:53,068 - INFO - [SAVED] ✓ 24 products
2025-11-04 13:00:55,070 - INFO - [PAGE] 2/5...
2025-11-04 13:00:55,071 - INFO - [RapidAPI] Fetching products: category=976392031, page=2, country=IN
2025-11-04 13:00:57,632 - INFO - [RapidAPI] ✓ Success: 24 products (total available: 69854)
2025-11-04 13:00:57,680 - INFO - [DB] ✓ Saved 24 products with analytics
2025-11-04 13:00:57,682 - INFO - [SAVED] ✓ 24 products
2025-11-04 13:00:59,684 - INFO - [PAGE] 3/5...
2025-11-04 13:00:59,684 - INFO - [RapidAPI] Fetching products: category=976392031, page=3, country=IN
2025-11-04 13:01:02,332 - INFO - [RapidAPI] ✓ Success: 24 products (total available: 69983)
2025-11-04 13:01:02,381 - INFO - [DB] ✓ Saved 24 products with analytics
2025-11-04 13:01:02,383 - INFO - [SAVED] ✓ 24 products
2025-11-04 13:01:04,385 - INFO - [PAGE] 4/5...
2025-11-04 13:01:04,385 - INFO - [RapidAPI] Fetching products: category=976392031, page=4, country=IN
2025-11-04 13:01:07,107 - INFO - [RapidAPI] ✓ Success: 24 products (total available: 69473)
2025-11-04 13:01:07,152 - INFO - [DB] ✓ Saved 24 products with analytics
2025-11-04 13:01:07,153 - INFO - [SAVED] ✓ 24 products
2025-11-04 13:01:09,155 - INFO - [PAGE] 5/5...
2025-11-04 13:01:09,155 - INFO - [RapidAPI] Fetching products: category=976392031, page=5, country=IN
2025-11-04 13:01:11,588 - INFO - [RapidAPI] ✓ Success: 24 products (total available: 70287)
2025-11-04 13:01:11,680 - INFO - [DB] ✓ Saved 24 products with analytics
2025-11-04 13:01:11,683 - INFO - [SAVED] ✓ 24 products
2025-11-04 13:01:11,684 - INFO - [RESULT] 120 products saved
2025-11-04 13:01:14,685 - INFO - 
[PROGRESS] Category 4/7
2025-11-04 13:01:14,686 - INFO - 
======================================================================
[COLLECT] Cell Phones
2025-11-04 13:01:14,686 - INFO - [PAGE] 1/5...
2025-11-04 13:01:14,686 - INFO - [RapidAPI] Fetching products: category=1389401031, page=1, country=IN
2025-11-04 13:01:17,278 - INFO - [RapidAPI] ✓ Success: 24 products (total available: 74215)
2025-11-04 13:01:17,387 - INFO - [DB] ✓ Saved 24 products with analytics
2025-11-04 13:01:17,388 - INFO - [SAVED] ✓ 24 products
2025-11-04 13:01:19,389 - INFO - [PAGE] 2/5...
2025-11-04 13:01:19,389 - INFO - [RapidAPI] Fetching products: category=1389401031, page=2, country=IN
2025-11-04 13:01:21,711 - INFO - [RapidAPI] ✓ Success: 24 products (total available: 74215)
2025-11-04 13:01:21,753 - INFO - [DB] ✓ Saved 24 products with analytics
2025-11-04 13:01:21,754 - INFO - [SAVED] ✓ 24 products
2025-11-04 13:01:23,755 - INFO - [PAGE] 3/5...
2025-11-04 13:01:23,755 - INFO - [RapidAPI] Fetching products: category=1389401031, page=3, country=IN
2025-11-04 13:01:26,540 - INFO - [RapidAPI] ✓ Success: 24 products (total available: 74215)
2025-11-04 13:01:26,587 - INFO - [DB] ✓ Saved 24 products with analytics
2025-11-04 13:01:26,589 - INFO - [SAVED] ✓ 24 products
2025-11-04 13:01:28,590 - INFO - [PAGE] 4/5...
2025-11-04 13:01:28,590 - INFO - [RapidAPI] Fetching products: category=1389401031, page=4, country=IN
2025-11-04 13:01:31,039 - INFO - [RapidAPI] ✓ Success: 24 products (total available: 74215)
2025-11-04 13:01:31,085 - INFO - [DB] ✓ Saved 24 products with analytics
2025-11-04 13:01:31,086 - INFO - [SAVED] ✓ 24 products
2025-11-04 13:01:33,087 - INFO - [PAGE] 5/5...
2025-11-04 13:01:33,088 - INFO - [RapidAPI] Fetching products: category=1389401031, page=5, country=IN
2025-11-04 13:01:33,408 - ERROR - [RapidAPI] HTTP 429: Too Many Requests
2025-11-04 13:01:33,408 - ERROR - [RapidAPI] Response: {"message":"You have exceeded the MONTHLY quota for Requests on your current plan, BASIC. Upgrade your plan at https:\/\/rapidapi.com\/letscrape-6bRBa3QguO5\/api\/real-time-amazon-data"}
2025-11-04 13:01:33,409 - INFO - [RESULT] 96 products saved
2025-11-04 13:01:36,410 - INFO - 
[PROGRESS] Category 5/7
2025-11-04 13:01:36,410 - INFO - 
======================================================================
[COLLECT] Toys & Games
2025-11-04 13:01:36,410 - INFO - [PAGE] 1/5...
2025-11-04 13:01:36,410 - INFO - [RapidAPI] Fetching products: category=1350387031, page=1, country=IN
2025-11-04 13:01:36,856 - ERROR - [RapidAPI] HTTP 429: Too Many Requests
2025-11-04 13:01:36,856 - ERROR - [RapidAPI] Response: {"message":"You have exceeded the MONTHLY quota for Requests on your current plan, BASIC. Upgrade your plan at https:\/\/rapidapi.com\/letscrape-6bRBa3QguO5\/api\/real-time-amazon-data"}
2025-11-04 13:01:36,857 - INFO - [RESULT] 0 products saved
2025-11-04 13:01:39,857 - INFO - 
[PROGRESS] Category 6/7
2025-11-04 13:01:39,858 - INFO - 
======================================================================
[COLLECT] Health & Personal Care
2025-11-04 13:01:39,858 - INFO - [PAGE] 1/5...
2025-11-04 13:01:39,858 - INFO - [RapidAPI] Fetching products: category=1350384031, page=1, country=IN
2025-11-04 13:01:40,253 - ERROR - [RapidAPI] HTTP 429: Too Many Requests
2025-11-04 13:01:40,253 - ERROR - [RapidAPI] Response: {"message":"You have exceeded the MONTHLY quota for Requests on your current plan, BASIC. Upgrade your plan at https:\/\/rapidapi.com\/letscrape-6bRBa3QguO5\/api\/real-time-amazon-data"}
2025-11-04 13:01:40,253 - INFO - [RESULT] 0 products saved
2025-11-04 13:01:43,254 - INFO - 
[PROGRESS] Category 7/7
2025-11-04 13:01:43,254 - INFO - 
======================================================================
[COLLECT] Home & Kitchen
2025-11-04 13:01:43,254 - INFO - [PAGE] 1/5...
2025-11-04 13:01:43,254 - INFO - [RapidAPI] Fetching products: category=976442031, page=1, country=IN
2025-11-04 13:01:43,586 - ERROR - [RapidAPI] HTTP 429: Too Many Requests
2025-11-04 13:01:43,586 - ERROR - [RapidAPI] Response: {"message":"You have exceeded the MONTHLY quota for Requests on your current plan, BASIC. Upgrade your plan at https:\/\/rapidapi.com\/letscrape-6bRBa3QguO5\/api\/real-time-amazon-data"}
2025-11-04 13:01:43,586 - INFO - [RESULT] 0 products saved
2025-11-04 13:01:43,612 - INFO - 
[STATS] Products: 1112, ASINs: 1031
2025-11-04 13:01:43,613 - INFO - [ANALYTICS] Avg Price: ₹1392.91
2025-11-04 13:01:43,613 - INFO - [ANALYTICS] Avg Sales: 156,939,024
2025-11-04 13:01:43,613 - INFO - [COMPLETE] 456 products collected
2025-11-04 13:01:43,614 - INFO - [DB] Disconnected
2025-11-11 17:36:22,859 - WARNING - python-dotenv could not parse statement starting at line 6
2025-11-11 17:36:22,860 - INFO - [CONFIG] ✓ Loaded
2025-11-11 17:36:22,860 - INFO - [RapidAPI] Client initialized for host: real-time-amazon-data.p.rapidapi.com
2025-11-11 17:36:22,860 - INFO - [START] Collection starting
2025-11-11 17:36:22,860 - INFO - [DB] Connecting (1/3)...
2025-11-11 17:36:22,867 - INFO - [DB] ✓ Connected
2025-11-11 17:36:22,875 - INFO - [DB] ✓ Tables ready
2025-11-11 17:36:22,875 - INFO - [MODE] Using DATABASE
2025-11-11 17:36:22,875 - INFO - 
[PROGRESS] Category 1/6
2025-11-11 17:36:22,875 - INFO - 
======================================================================
[COLLECT] Baby Products
2025-11-11 17:36:22,875 - INFO - [PAGE] 1/5...
2025-11-11 17:36:22,875 - INFO - [RapidAPI] Fetching products: category=1350380031, page=1, country=IN
2025-11-11 17:36:23,735 - ERROR - [RapidAPI] HTTP 403: Forbidden
2025-11-11 17:36:23,736 - ERROR - [RapidAPI] Response: {"message":"You are not subscribed to this API."}
2025-11-11 17:36:23,736 - INFO - [RESULT] 0 products saved
2025-11-11 17:36:26,737 - INFO - 
[PROGRESS] Category 2/6
2025-11-11 17:36:26,737 - INFO - 
======================================================================
[COLLECT] Electronics
2025-11-11 17:36:26,737 - INFO - [PAGE] 1/5...
2025-11-11 17:36:26,737 - INFO - [RapidAPI] Fetching products: category=976419031, page=1, country=IN
2025-11-11 17:36:27,577 - ERROR - [RapidAPI] HTTP 403: Forbidden
2025-11-11 17:36:27,577 - ERROR - [RapidAPI] Response: {"message":"You are not subscribed to this API."}
2025-11-11 17:36:27,578 - INFO - [RESULT] 0 products saved
2025-11-11 17:36:30,439 - INFO - 
[STOP] Interrupted
2025-11-11 17:36:30,439 - INFO - [DB] Disconnected
2025-11-11 17:38:27,176 - WARNING - python-dotenv could not parse statement starting at line 6
2025-11-11 17:38:27,176 - INFO - [CONFIG] ✓ Loaded
2025-11-11 17:38:27,176 - INFO - [RapidAPI] Client initialized for host: real-time-amazon-data.p.rapidapi.com
2025-11-11 17:38:27,177 - INFO - [START] Collection starting
2025-11-11 17:38:27,177 - INFO - [DB] Connecting (1/3)...
2025-11-11 17:38:27,183 - INFO - [DB] ✓ Connected
2025-11-11 17:38:27,188 - INFO - [DB] ✓ Tables ready
2025-11-11 17:38:27,188 - INFO - [MODE] Using DATABASE
2025-11-11 17:38:27,188 - INFO - 
[PROGRESS] Category 1/6
2025-11-11 17:38:27,188 - INFO - 
======================================================================
[COLLECT] Baby Products
2025-11-11 17:38:27,188 - INFO - [PAGE] 1/5...
2025-11-11 17:38:27,188 - INFO - [RapidAPI] Fetching products: category=1350380031, page=1, country=IN
2025-11-11 17:38:28,031 - ERROR - [RapidAPI] HTTP 403: Forbidden
2025-11-11 17:38:28,031 - ERROR - [RapidAPI] Response: {"message":"You are not subscribed to this API."}
2025-11-11 17:38:28,032 - INFO - [RESULT] 0 products saved
2025-11-11 17:38:30,666 - INFO - 
[STOP] Interrupted
2025-11-11 17:38:30,666 - INFO - [DB] Disconnected
2025-11-11 17:58:38,963 - INFO - [CONFIG] ✓ Loaded
2025-11-11 17:58:38,963 - INFO - [RapidAPI] Client initialized for host: real-time-amazon-data.p.rapidapi.com
2025-11-11 17:58:38,963 - INFO - [START] Collection starting
2025-11-11 17:58:38,963 - INFO - [DB] Connecting (1/3)...
2025-11-11 17:58:38,970 - INFO - [DB] ✓ Connected
2025-11-11 17:58:38,974 - INFO - [DB] ✓ Tables ready
2025-11-11 17:58:38,975 - INFO - [MODE] Using DATABASE
2025-11-11 17:58:38,975 - INFO - 
[PROGRESS] Category 1/6
2025-11-11 17:58:38,975 - INFO - 
======================================================================
[COLLECT] Baby Products
2025-11-11 17:58:38,975 - INFO - [PAGE] 1/5...
2025-11-11 17:58:38,975 - INFO - [RapidAPI] Fetching products: category=1350380031, page=1, country=IN
2025-11-11 17:58:39,972 - ERROR - [RapidAPI] HTTP 403: Forbidden
2025-11-11 17:58:39,972 - ERROR - [RapidAPI] Response: {"message":"You are not subscribed to this API."}
2025-11-11 17:58:39,972 - INFO - [RESULT] 0 products saved
2025-11-11 17:58:42,973 - INFO - 
[PROGRESS] Category 2/6
2025-11-11 17:58:42,973 - INFO - 
======================================================================
[COLLECT] Electronics
2025-11-11 17:58:42,973 - INFO - [PAGE] 1/5...
2025-11-11 17:58:42,973 - INFO - [RapidAPI] Fetching products: category=976419031, page=1, country=IN
2025-11-11 17:58:43,839 - ERROR - [RapidAPI] HTTP 403: Forbidden
2025-11-11 17:58:45,836 - INFO - 
[STOP] Interrupted
2025-11-11 17:58:45,837 - INFO - [DB] Disconnected
2025-11-11 18:02:50,392 - INFO - [CONFIG] ✓ Loaded
2025-11-11 18:02:50,392 - INFO - [RapidAPI] Client initialized for host: real-time-amazon-data.p.rapidapi.com
2025-11-11 18:02:50,393 - INFO - [START] Collection starting
2025-11-11 18:02:50,393 - INFO - [DB] Connecting (1/3)...
2025-11-11 18:02:50,399 - INFO - [DB] ✓ Connected
2025-11-11 18:02:50,404 - INFO - [DB] ✓ Tables ready
2025-11-11 18:02:50,404 - INFO - [MODE] Using DATABASE
2025-11-11 18:02:50,404 - INFO - 
[PROGRESS] Category 1/6
2025-11-11 18:02:50,404 - INFO - 
======================================================================
[COLLECT] Baby Products
2025-11-11 18:02:50,404 - INFO - [PAGE] 1/3...
2025-11-11 18:02:50,404 - INFO - [RapidAPI] Fetching products: category=1350380031, page=1, country=IN
2025-11-11 18:02:51,360 - ERROR - [RapidAPI] HTTP 403: Forbidden
2025-11-11 18:02:51,360 - ERROR - [RapidAPI] Response: {"message":"You are not subscribed to this API."}
2025-11-11 18:02:51,361 - INFO - [RESULT] 0 products saved
2025-11-11 18:02:52,697 - INFO - 
[STOP] Interrupted
2025-11-11 18:02:52,697 - INFO - [DB] Disconnected
2025-11-11 18:05:19,596 - INFO - [CONFIG] ✓ Loaded
2025-11-11 18:05:19,596 - INFO - [RapidAPI] Client initialized for host: real-time-amazon-data.p.rapidapi.com
2025-11-11 18:05:19,596 - INFO - [START] Collection starting
2025-11-11 18:05:19,596 - INFO - [DB] Connecting (1/3)...
2025-11-11 18:05:19,603 - INFO - [DB] ✓ Connected
2025-11-11 18:05:19,608 - INFO - [DB] ✓ Tables ready
2025-11-11 18:05:19,608 - INFO - [MODE] Using DATABASE
2025-11-11 18:05:19,608 - INFO - 
[PROGRESS] Category 1/6
2025-11-11 18:05:19,608 - INFO - 
======================================================================
[COLLECT] Baby Products
2025-11-11 18:05:19,608 - INFO - [PAGE] 1/3...
2025-11-11 18:05:19,608 - INFO - [RapidAPI] Fetching products: category=1350380031, page=1, country=IN
2025-11-11 18:05:23,022 - INFO - [RapidAPI] ✓ Success: 24 products (total available: 76078)
2025-11-11 18:05:23,040 - INFO - [DB] ✓ Saved 24 products with analytics
2025-11-11 18:05:23,040 - INFO - [SAVED] ✓ 24 products
2025-11-11 18:05:25,040 - INFO - [PAGE] 2/3...
2025-11-11 18:05:25,040 - INFO - [RapidAPI] Fetching products: category=1350380031, page=2, country=IN
2025-11-11 18:05:27,623 - INFO - [RapidAPI] ✓ Success: 24 products (total available: 73565)
2025-11-11 18:05:27,630 - INFO - [DB] ✓ Saved 24 products with analytics
2025-11-11 18:05:27,630 - INFO - [SAVED] ✓ 24 products
2025-11-11 18:05:29,630 - INFO - [PAGE] 3/3...
2025-11-11 18:05:29,631 - INFO - [RapidAPI] Fetching products: category=1350380031, page=3, country=IN
2025-11-11 18:05:32,283 - INFO - [RapidAPI] ✓ Success: 24 products (total available: 76078)
2025-11-11 18:05:32,290 - INFO - [DB] ✓ Saved 24 products with analytics
2025-11-11 18:05:32,290 - INFO - [SAVED] ✓ 24 products
2025-11-11 18:05:32,291 - INFO - [RESULT] 72 products saved
2025-11-11 18:05:35,291 - INFO - 
[PROGRESS] Category 2/6
2025-11-11 18:05:35,291 - INFO - 
======================================================================
[COLLECT] Electronics
2025-11-11 18:05:35,291 - INFO - [PAGE] 1/3...
2025-11-11 18:05:35,291 - INFO - [RapidAPI] Fetching products: category=976419031, page=1, country=IN
2025-11-11 18:05:37,811 - INFO - [RapidAPI] ✓ Success: 24 products (total available: 69493)
2025-11-11 18:05:37,817 - INFO - [DB] ✓ Saved 24 products with analytics
2025-11-11 18:05:37,817 - INFO - [SAVED] ✓ 24 products
2025-11-11 18:05:39,817 - INFO - [PAGE] 2/3...
2025-11-11 18:05:39,818 - INFO - [RapidAPI] Fetching products: category=976419031, page=2, country=IN
2025-11-11 18:05:42,433 - INFO - [RapidAPI] ✓ Success: 24 products (total available: 69493)
2025-11-11 18:05:42,439 - INFO - [DB] ✓ Saved 24 products with analytics
2025-11-11 18:05:42,439 - INFO - [SAVED] ✓ 24 products
2025-11-11 18:05:44,439 - INFO - [PAGE] 3/3...
2025-11-11 18:05:44,440 - INFO - [RapidAPI] Fetching products: category=976419031, page=3, country=IN
2025-11-11 18:05:47,108 - INFO - [RapidAPI] ✓ Success: 24 products (total available: 69493)
2025-11-11 18:05:47,115 - INFO - [DB] ✓ Saved 24 products with analytics
2025-11-11 18:05:47,115 - INFO - [SAVED] ✓ 24 products
2025-11-11 18:05:47,115 - INFO - [RESULT] 72 products saved
2025-11-11 18:05:50,115 - INFO - 
[PROGRESS] Category 3/6
2025-11-11 18:05:50,115 - INFO - 
======================================================================
[COLLECT] Computers & Accessories
2025-11-11 18:05:50,115 - INFO - [PAGE] 1/3...
2025-11-11 18:05:50,115 - INFO - [RapidAPI] Fetching products: category=976392031, page=1, country=IN
2025-11-11 18:05:52,850 - INFO - [RapidAPI] ✓ Success: 24 products (total available: 73474)
2025-11-11 18:05:52,856 - INFO - [DB] ✓ Saved 24 products with analytics
2025-11-11 18:05:52,857 - INFO - [SAVED] ✓ 24 products
2025-11-11 18:05:54,857 - INFO - [PAGE] 2/3...
2025-11-11 18:05:54,857 - INFO - [RapidAPI] Fetching products: category=976392031, page=2, country=IN
2025-11-11 18:05:57,404 - INFO - [RapidAPI] ✓ Success: 24 products (total available: 73474)
2025-11-11 18:05:57,411 - INFO - [DB] ✓ Saved 24 products with analytics
2025-11-11 18:05:57,411 - INFO - [SAVED] ✓ 24 products
2025-11-11 18:05:59,411 - INFO - [PAGE] 3/3...
2025-11-11 18:05:59,411 - INFO - [RapidAPI] Fetching products: category=976392031, page=3, country=IN
2025-11-11 18:06:02,436 - INFO - [RapidAPI] ✓ Success: 24 products (total available: 73474)
2025-11-11 18:06:02,442 - INFO - [DB] ✓ Saved 24 products with analytics
2025-11-11 18:06:02,442 - INFO - [SAVED] ✓ 24 products
2025-11-11 18:06:02,442 - INFO - [RESULT] 72 products saved
2025-11-11 18:06:05,443 - INFO - 
[PROGRESS] Category 4/6
2025-11-11 18:06:05,443 - INFO - 
======================================================================
[COLLECT] Cell Phones
2025-11-11 18:06:05,443 - INFO - [PAGE] 1/3...
2025-11-11 18:06:05,443 - INFO - [RapidAPI] Fetching products: category=1389401031, page=1, country=IN
2025-11-11 18:06:06,717 - INFO - 
[STOP] Interrupted
2025-11-11 18:06:06,718 - INFO - [DB] Disconnected
2025-11-12 15:41:17,764 - INFO - [CONFIG] ✓ Loaded
2025-11-12 15:41:17,764 - INFO - [RapidAPI] Client initialized for host: real-time-amazon-data.p.rapidapi.com
2025-11-12 15:41:17,765 - INFO - [START] Collection starting
2025-11-12 15:41:17,765 - INFO - [DB] Connecting (1/3)...
2025-11-12 15:41:17,774 - INFO - [DB] ✓ Connected
2025-11-12 15:41:17,780 - INFO - [DB] ✓ Tables ready
2025-11-12 15:41:17,780 - INFO - [MODE] Using DATABASE
2025-11-12 15:41:17,781 - INFO - 
[PROGRESS] Category 1/6
2025-11-12 15:41:17,781 - INFO - 
======================================================================
[COLLECT] Baby Products
2025-11-12 15:41:17,781 - INFO - [PAGE] 1/3...
2025-11-12 15:41:17,781 - INFO - [RapidAPI] Fetching products: category=1350380031, page=1, country=IN
2025-11-12 15:41:21,263 - INFO - [RapidAPI] ✓ Success: 24 products (total available: 70303)
2025-11-12 15:41:21,276 - INFO - [DB] ✓ Saved 24 products with analytics
2025-11-12 15:41:21,276 - INFO - [SAVED] ✓ 24 products
2025-11-12 15:41:23,276 - INFO - [PAGE] 2/3...
2025-11-12 15:41:23,276 - INFO - [RapidAPI] Fetching products: category=1350380031, page=2, country=IN
2025-11-12 15:41:25,888 - INFO - [RapidAPI] ✓ Success: 24 products (total available: 69713)
2025-11-12 15:41:25,897 - INFO - [DB] ✓ Saved 24 products with analytics
2025-11-12 15:41:25,897 - INFO - [SAVED] ✓ 24 products
2025-11-12 15:41:27,897 - INFO - [PAGE] 3/3...
2025-11-12 15:41:27,897 - INFO - [RapidAPI] Fetching products: category=1350380031, page=3, country=IN
2025-11-12 15:41:29,231 - INFO - 
[STOP] Interrupted
2025-11-12 15:41:29,232 - INFO - [DB] Disconnected
2025-11-12 16:09:45,281 - INFO - [CONFIG] ✓ Loaded
2025-11-12 16:09:45,281 - INFO - [RapidAPI] Client initialized for host: real-time-amazon-data.p.rapidapi.com
2025-11-12 16:09:45,281 - INFO - [START] Collection starting
2025-11-12 16:09:45,281 - INFO - [DB] Connecting (1/3)...
2025-11-12 16:09:45,290 - INFO - [DB] ✓ Connected
2025-11-12 16:09:45,294 - INFO - [DB] ✓ Tables ready
2025-11-12 16:09:45,294 - INFO - [MODE] Using DATABASE
2025-11-12 16:09:45,294 - INFO - 
[PROGRESS] Category 1/6
2025-11-12 16:09:45,294 - INFO - 
======================================================================
[COLLECT] Baby Products
2025-11-12 16:09:45,294 - INFO - [PAGE] 1/3...
2025-11-12 16:09:45,294 - INFO - [RapidAPI] Fetching products: category=1350380031, page=1, country=IN
2025-11-12 16:09:48,779 - INFO - [RapidAPI] ✓ Success: 24 products (total available: 71543)
2025-11-12 16:09:48,787 - INFO - [DB] ✓ Saved 24 products with analytics
2025-11-12 16:09:48,787 - INFO - [SAVED] ✓ 24 products
2025-11-12 16:09:50,788 - INFO - [PAGE] 2/3...
2025-11-12 16:09:50,788 - INFO - [RapidAPI] Fetching products: category=1350380031, page=2, country=IN
2025-11-12 16:09:53,396 - INFO - [RapidAPI] ✓ Success: 24 products (total available: 71543)
2025-11-12 16:09:53,402 - INFO - [DB] ✓ Saved 24 products with analytics
2025-11-12 16:09:53,403 - INFO - [SAVED] ✓ 24 products
2025-11-12 16:09:55,403 - INFO - [PAGE] 3/3...
2025-11-12 16:09:55,403 - INFO - [RapidAPI] Fetching products: category=1350380031, page=3, country=IN
2025-11-12 16:09:57,997 - INFO - [RapidAPI] ✓ Success: 24 products (total available: 71543)
2025-11-12 16:09:58,004 - INFO - [DB] ✓ Saved 24 products with analytics
2025-11-12 16:09:58,004 - INFO - [SAVED] ✓ 24 products
2025-11-12 16:09:58,004 - INFO - [RESULT] 72 products saved
2025-11-12 16:10:01,004 - INFO - 
[PROGRESS] Category 2/6
2025-11-12 16:10:01,004 - INFO - 
======================================================================
[COLLECT] Electronics
2025-11-12 16:10:01,004 - INFO - [PAGE] 1/3...
2025-11-12 16:10:01,004 - INFO - [RapidAPI] Fetching products: category=976419031, page=1, country=IN
2025-11-12 16:10:03,486 - INFO - [RapidAPI] ✓ Success: 24 products (total available: 69809)
2025-11-12 16:10:03,493 - INFO - [DB] ✓ Saved 24 products with analytics
2025-11-12 16:10:03,493 - INFO - [SAVED] ✓ 24 products
2025-11-12 16:10:05,493 - INFO - [PAGE] 2/3...
2025-11-12 16:10:05,493 - INFO - [RapidAPI] Fetching products: category=976419031, page=2, country=IN
2025-11-12 16:10:07,944 - INFO - [RapidAPI] ✓ Success: 24 products (total available: 69809)
2025-11-12 16:10:07,951 - INFO - [DB] ✓ Saved 24 products with analytics
2025-11-12 16:10:07,951 - INFO - [SAVED] ✓ 24 products
2025-11-12 16:10:09,951 - INFO - [PAGE] 3/3...
2025-11-12 16:10:09,951 - INFO - [RapidAPI] Fetching products: category=976419031, page=3, country=IN
2025-11-12 16:10:12,688 - INFO - [RapidAPI] ✓ Success: 24 products (total available: 69809)
2025-11-12 16:10:12,697 - INFO - [DB] ✓ Saved 24 products with analytics
2025-11-12 16:10:12,697 - INFO - [SAVED] ✓ 24 products
2025-11-12 16:10:12,697 - INFO - [RESULT] 72 products saved
2025-11-12 16:10:15,697 - INFO - 
[PROGRESS] Category 3/6
2025-11-12 16:10:15,697 - INFO - 
======================================================================
[COLLECT] Computers & Accessories
2025-11-12 16:10:15,697 - INFO - [PAGE] 1/3...
2025-11-12 16:10:15,697 - INFO - [RapidAPI] Fetching products: category=976392031, page=1, country=IN
2025-11-12 16:10:18,904 - INFO - [RapidAPI] ✓ Success: 24 products (total available: 74830)
2025-11-12 16:10:18,911 - INFO - [DB] ✓ Saved 24 products with analytics
2025-11-12 16:10:18,911 - INFO - [SAVED] ✓ 24 products
2025-11-12 16:10:20,911 - INFO - [PAGE] 2/3...
2025-11-12 16:10:20,911 - INFO - [RapidAPI] Fetching products: category=976392031, page=2, country=IN
2025-11-12 16:10:23,476 - INFO - [RapidAPI] ✓ Success: 24 products (total available: 74830)
2025-11-12 16:10:23,482 - INFO - [DB] ✓ Saved 24 products with analytics
2025-11-12 16:10:23,482 - INFO - [SAVED] ✓ 24 products
2025-11-12 16:10:25,483 - INFO - [PAGE] 3/3...
2025-11-12 16:10:25,483 - INFO - [RapidAPI] Fetching products: category=976392031, page=3, country=IN
2025-11-12 16:10:27,859 - INFO - [RapidAPI] ✓ Success: 24 products (total available: 74830)
2025-11-12 16:10:27,867 - INFO - [DB] ✓ Saved 24 products with analytics
2025-11-12 16:10:27,867 - INFO - [SAVED] ✓ 24 products
2025-11-12 16:10:27,867 - INFO - [RESULT] 72 products saved
2025-11-12 16:10:30,868 - INFO - 
[PROGRESS] Category 4/6
2025-11-12 16:10:30,868 - INFO - 
======================================================================
[COLLECT] Cell Phones
2025-11-12 16:10:30,868 - INFO - [PAGE] 1/3...
2025-11-12 16:10:30,868 - INFO - [RapidAPI] Fetching products: category=1389401031, page=1, country=IN
2025-11-12 16:10:33,345 - INFO - [RapidAPI] ✓ Success: 24 products (total available: 70470)
2025-11-12 16:10:33,352 - INFO - [DB] ✓ Saved 24 products with analytics
2025-11-12 16:10:33,352 - INFO - [SAVED] ✓ 24 products
2025-11-12 16:10:35,352 - INFO - [PAGE] 2/3...
2025-11-12 16:10:35,352 - INFO - [RapidAPI] Fetching products: category=1389401031, page=2, country=IN
2025-11-12 16:10:37,954 - INFO - [RapidAPI] ✓ Success: 24 products (total available: 70470)
2025-11-12 16:10:37,960 - INFO - [DB] ✓ Saved 24 products with analytics
2025-11-12 16:10:37,960 - INFO - [SAVED] ✓ 24 products
2025-11-12 16:10:39,961 - INFO - [PAGE] 3/3...
2025-11-12 16:10:39,961 - INFO - [RapidAPI] Fetching products: category=1389401031, page=3, country=IN
2025-11-12 16:10:42,611 - INFO - [RapidAPI] ✓ Success: 24 products (total available: 70227)
2025-11-12 16:10:42,617 - INFO - [DB] ✓ Saved 24 products with analytics
2025-11-12 16:10:42,617 - INFO - [SAVED] ✓ 24 products
2025-11-12 16:10:42,617 - INFO - [RESULT] 72 products saved
2025-11-12 16:10:45,617 - INFO - 
[PROGRESS] Category 5/6
2025-11-12 16:10:45,617 - INFO - 
======================================================================
[COLLECT] Toys & Games
2025-11-12 16:10:45,617 - INFO - [PAGE] 1/3...
2025-11-12 16:10:45,618 - INFO - [RapidAPI] Fetching products: category=1350387031, page=1, country=IN
2025-11-12 16:10:48,193 - INFO - [RapidAPI] ✓ Success: 48 products (total available: 39195)
2025-11-12 16:10:48,202 - INFO - [DB] ✓ Saved 48 products with analytics
2025-11-12 16:10:48,202 - INFO - [SAVED] ✓ 48 products
2025-11-12 16:10:50,202 - INFO - [PAGE] 2/3...
2025-11-12 16:10:50,202 - INFO - [RapidAPI] Fetching products: category=1350387031, page=2, country=IN
2025-11-12 16:10:57,069 - INFO - [RapidAPI] ✓ Success: 48 products (total available: 39195)
2025-11-12 16:10:57,077 - INFO - [DB] ✓ Saved 48 products with analytics
2025-11-12 16:10:57,078 - INFO - [SAVED] ✓ 48 products
2025-11-12 16:10:59,078 - INFO - [PAGE] 3/3...
2025-11-12 16:10:59,078 - INFO - [RapidAPI] Fetching products: category=1350387031, page=3, country=IN
2025-11-12 16:11:01,945 - INFO - [RapidAPI] ✓ Success: 48 products (total available: 38037)
2025-11-12 16:11:01,953 - INFO - [DB] ✓ Saved 48 products with analytics
2025-11-12 16:11:01,953 - INFO - [SAVED] ✓ 48 products
2025-11-12 16:11:01,953 - INFO - [RESULT] 144 products saved
2025-11-12 16:11:02,476 - INFO - 
[STOP] Interrupted
2025-11-12 16:11:02,476 - INFO - [DB] Disconnected
2025-11-12 16:20:00,603 - INFO - [CONFIG] ✓ Loaded
2025-11-12 16:20:00,603 - INFO - [RapidAPI] Client initialized for host: real-time-amazon-data.p.rapidapi.com
2025-11-12 16:20:00,603 - INFO - [START] Collection starting
2025-11-12 16:20:00,603 - INFO - [DB] Connecting (1/3)...
2025-11-12 16:20:00,611 - INFO - [DB] ✓ Connected
2025-11-12 16:20:00,616 - INFO - [DB] ✓ Tables ready
2025-11-12 16:20:00,616 - INFO - [MODE] Using DATABASE
2025-11-12 16:20:00,616 - INFO - 
[PROGRESS] Category 1/6
2025-11-12 16:20:00,616 - INFO - 
======================================================================
[COLLECT] Baby Products
2025-11-12 16:20:00,616 - INFO - [PAGE] 1/3...
2025-11-12 16:20:00,616 - INFO - [RapidAPI] Fetching products: category=1350380031, page=1, country=IN
2025-11-12 16:20:03,416 - INFO - [RapidAPI] ✓ Success: 24 products (total available: 77822)
2025-11-12 16:20:03,424 - INFO - [DB] ✓ Saved 24 products with analytics
2025-11-12 16:20:03,424 - INFO - [SAVED] ✓ 24 products
2025-11-12 16:20:05,424 - INFO - [PAGE] 2/3...
2025-11-12 16:20:05,425 - INFO - [RapidAPI] Fetching products: category=1350380031, page=2, country=IN
2025-11-12 16:20:07,952 - INFO - [RapidAPI] ✓ Success: 24 products (total available: 70328)
2025-11-12 16:20:07,959 - INFO - [DB] ✓ Saved 24 products with analytics
2025-11-12 16:20:07,960 - INFO - [SAVED] ✓ 24 products
2025-11-12 16:20:09,960 - INFO - [PAGE] 3/3...
2025-11-12 16:20:09,960 - INFO - [RapidAPI] Fetching products: category=1350380031, page=3, country=IN
2025-11-12 16:20:12,844 - INFO - [RapidAPI] ✓ Success: 24 products (total available: 70328)
2025-11-12 16:20:12,851 - INFO - [DB] ✓ Saved 24 products with analytics
2025-11-12 16:20:12,851 - INFO - [SAVED] ✓ 24 products
2025-11-12 16:20:12,851 - INFO - [RESULT] 72 products saved
2025-11-12 16:20:15,851 - INFO - 
[PROGRESS] Category 2/6
2025-11-12 16:20:15,851 - INFO - 
======================================================================
[COLLECT] Electronics
2025-11-12 16:20:15,851 - INFO - [PAGE] 1/3...
2025-11-12 16:20:15,851 - INFO - [RapidAPI] Fetching products: category=976419031, page=1, country=IN
2025-11-12 16:20:18,530 - INFO - [RapidAPI] ✓ Success: 24 products (total available: 69400)
2025-11-12 16:20:18,537 - INFO - [DB] ✓ Saved 24 products with analytics
2025-11-12 16:20:18,537 - INFO - [SAVED] ✓ 24 products
2025-11-12 16:20:20,538 - INFO - [PAGE] 2/3...
2025-11-12 16:20:20,538 - INFO - [RapidAPI] Fetching products: category=976419031, page=2, country=IN
2025-11-12 16:20:23,245 - INFO - [RapidAPI] ✓ Success: 24 products (total available: 69400)
2025-11-12 16:20:23,252 - INFO - [DB] ✓ Saved 24 products with analytics
2025-11-12 16:20:23,252 - INFO - [SAVED] ✓ 24 products
2025-11-12 16:20:25,252 - INFO - [PAGE] 3/3...
2025-11-12 16:20:25,252 - INFO - [RapidAPI] Fetching products: category=976419031, page=3, country=IN
2025-11-12 16:20:27,912 - INFO - [RapidAPI] ✓ Success: 24 products (total available: 69400)
2025-11-12 16:20:27,919 - INFO - [DB] ✓ Saved 24 products with analytics
2025-11-12 16:20:27,920 - INFO - [SAVED] ✓ 24 products
2025-11-12 16:20:27,920 - INFO - [RESULT] 72 products saved
2025-11-12 16:20:30,920 - INFO - 
[PROGRESS] Category 3/6
2025-11-12 16:20:30,920 - INFO - 
======================================================================
[COLLECT] Computers & Accessories
2025-11-12 16:20:30,920 - INFO - [PAGE] 1/3...
2025-11-12 16:20:30,920 - INFO - [RapidAPI] Fetching products: category=976392031, page=1, country=IN
2025-11-12 16:20:33,630 - INFO - [RapidAPI] ✓ Success: 24 products (total available: 72429)
2025-11-12 16:20:33,637 - INFO - [DB] ✓ Saved 24 products with analytics
2025-11-12 16:20:33,637 - INFO - [SAVED] ✓ 24 products
2025-11-12 16:20:35,637 - INFO - [PAGE] 2/3...
2025-11-12 16:20:35,637 - INFO - [RapidAPI] Fetching products: category=976392031, page=2, country=IN
2025-11-12 16:20:38,216 - INFO - [RapidAPI] ✓ Success: 24 products (total available: 72429)
2025-11-12 16:20:38,222 - INFO - [DB] ✓ Saved 24 products with analytics
2025-11-12 16:20:38,222 - INFO - [SAVED] ✓ 24 products
2025-11-12 16:20:40,222 - INFO - [PAGE] 3/3...
2025-11-12 16:20:40,222 - INFO - [RapidAPI] Fetching products: category=976392031, page=3, country=IN
2025-11-12 16:20:42,796 - INFO - [RapidAPI] ✓ Success: 24 products (total available: 72429)
2025-11-12 16:20:42,802 - INFO - [DB] ✓ Saved 24 products with analytics
2025-11-12 16:20:42,802 - INFO - [SAVED] ✓ 24 products
2025-11-12 16:20:42,802 - INFO - [RESULT] 72 products saved
2025-11-12 16:20:45,803 - INFO - 
[PROGRESS] Category 4/6
2025-11-12 16:20:45,803 - INFO - 
======================================================================
[COLLECT] Cell Phones
2025-11-12 16:20:45,803 - INFO - [PAGE] 1/3...
2025-11-12 16:20:45,803 - INFO - [RapidAPI] Fetching products: category=1389401031, page=1, country=IN
2025-11-12 16:20:49,369 - INFO - [RapidAPI] ✓ Success: 24 products (total available: 66682)
2025-11-12 16:20:49,375 - INFO - [DB] ✓ Saved 24 products with analytics
2025-11-12 16:20:49,375 - INFO - [SAVED] ✓ 24 products
2025-11-12 16:20:51,376 - INFO - [PAGE] 2/3...
2025-11-12 16:20:51,376 - INFO - [RapidAPI] Fetching products: category=1389401031, page=2, country=IN
2025-11-12 16:20:54,070 - INFO - [RapidAPI] ✓ Success: 24 products (total available: 66682)
2025-11-12 16:20:54,076 - INFO - [DB] ✓ Saved 24 products with analytics
2025-11-12 16:20:54,077 - INFO - [SAVED] ✓ 24 products
2025-11-12 16:20:56,077 - INFO - [PAGE] 3/3...
2025-11-12 16:20:56,077 - INFO - [RapidAPI] Fetching products: category=1389401031, page=3, country=IN
2025-11-12 16:20:59,098 - INFO - [RapidAPI] ✓ Success: 24 products (total available: 66682)
2025-11-12 16:20:59,103 - INFO - [DB] ✓ Saved 24 products with analytics
2025-11-12 16:20:59,103 - INFO - [SAVED] ✓ 24 products
2025-11-12 16:20:59,103 - INFO - [RESULT] 72 products saved
2025-11-12 16:21:02,104 - INFO - 
[PROGRESS] Category 5/6
2025-11-12 16:21:02,104 - INFO - 
======================================================================
[COLLECT] Toys & Games
2025-11-12 16:21:02,104 - INFO - [PAGE] 1/3...
2025-11-12 16:21:02,104 - INFO - [RapidAPI] Fetching products: category=1350387031, page=1, country=IN
2025-11-12 16:21:07,134 - INFO - [RapidAPI] ✓ Success: 48 products (total available: 41660)
2025-11-12 16:21:07,143 - INFO - [DB] ✓ Saved 48 products with analytics
2025-11-12 16:21:07,143 - INFO - [SAVED] ✓ 48 products
2025-11-12 16:21:09,143 - INFO - [PAGE] 2/3...
2025-11-12 16:21:09,143 - INFO - [RapidAPI] Fetching products: category=1350387031, page=2, country=IN
2025-11-12 16:21:11,691 - INFO - [RapidAPI] ✓ Success: 48 products (total available: 41660)
2025-11-12 16:21:11,703 - INFO - [DB] ✓ Saved 48 products with analytics
2025-11-12 16:21:11,703 - INFO - [SAVED] ✓ 48 products
2025-11-12 16:21:13,703 - INFO - [PAGE] 3/3...
2025-11-12 16:21:13,703 - INFO - [RapidAPI] Fetching products: category=1350387031, page=3, country=IN
2025-11-12 16:21:16,245 - INFO - [RapidAPI] ✓ Success: 48 products (total available: 38433)
2025-11-12 16:21:16,254 - INFO - [DB] ✓ Saved 48 products with analytics
2025-11-12 16:21:16,254 - INFO - [SAVED] ✓ 48 products
2025-11-12 16:21:16,254 - INFO - [RESULT] 144 products saved
2025-11-12 16:21:19,254 - INFO - 
[PROGRESS] Category 6/6
2025-11-12 16:21:19,254 - INFO - 
======================================================================
[COLLECT] Health & Personal Care
2025-11-12 16:21:19,254 - INFO - [PAGE] 1/3...
2025-11-12 16:21:19,254 - INFO - [RapidAPI] Fetching products: category=1350384031, page=1, country=IN
2025-11-12 16:21:21,687 - INFO - [RapidAPI] ✓ Success: 24 products (total available: 73160)
2025-11-12 16:21:21,694 - INFO - [DB] ✓ Saved 24 products with analytics
2025-11-12 16:21:21,694 - INFO - [SAVED] ✓ 24 products
2025-11-12 16:21:23,695 - INFO - [PAGE] 2/3...
2025-11-12 16:21:23,695 - INFO - [RapidAPI] Fetching products: category=1350384031, page=2, country=IN
2025-11-12 16:21:26,607 - INFO - [RapidAPI] ✓ Success: 24 products (total available: 73160)
2025-11-12 16:21:26,613 - INFO - [DB] ✓ Saved 24 products with analytics
2025-11-12 16:21:26,614 - INFO - [SAVED] ✓ 24 products
2025-11-12 16:21:28,614 - INFO - [PAGE] 3/3...
2025-11-12 16:21:28,614 - INFO - [RapidAPI] Fetching products: category=1350384031, page=3, country=IN
2025-11-12 16:21:31,072 - INFO - [RapidAPI] ✓ Success: 24 products (total available: 73160)
2025-11-12 16:21:31,080 - INFO - [DB] ✓ Saved 24 products with analytics
2025-11-12 16:21:31,080 - INFO - [SAVED] ✓ 24 products
2025-11-12 16:21:31,080 - INFO - [RESULT] 72 products saved
2025-11-12 16:21:31,083 - INFO - 
[STATS] Products: 1225, ASINs: 1125
2025-11-12 16:21:31,083 - INFO - [ANALYTICS] Avg Price: ₹1581.58
2025-11-12 16:21:31,083 - INFO - [ANALYTICS] Avg Sales: 159,816,695
2025-11-12 16:21:31,083 - INFO - [COMPLETE] 504 products collected
2025-11-12 16:21:31,083 - INFO - [DB] Disconnected
2025-11-12 16:31:51,068 - INFO - [CONFIG] ✓ Loaded
2025-11-12 16:31:51,068 - INFO - [RapidAPI] Client initialized for host: real-time-amazon-data.p.rapidapi.com
2025-11-12 16:31:51,068 - INFO - [START] Collection starting
2025-11-12 16:31:51,068 - INFO - [DB] Connecting (1/3)...
2025-11-12 16:31:51,077 - INFO - [DB] ✓ Connected
2025-11-12 16:31:51,081 - INFO - [DB] ✓ Tables ready
2025-11-12 16:31:51,081 - INFO - [MODE] Using DATABASE
2025-11-12 16:31:51,081 - INFO - 
[PROGRESS] Category 1/6
2025-11-12 16:31:51,081 - INFO - 
======================================================================
[COLLECT] Baby Products
2025-11-12 16:31:51,081 - INFO - [PAGE] 1/3...
2025-11-12 16:31:51,081 - INFO - [RapidAPI] Fetching products: category=1350380031, page=1, country=IN
2025-11-12 16:31:53,825 - INFO - [RapidAPI] ✓ Success: 24 products (total available: 69545)
2025-11-12 16:31:53,833 - INFO - [DB] ✓ Saved 24 products with analytics
2025-11-12 16:31:53,833 - INFO - [SAVED] ✓ 24 products
2025-11-12 16:31:55,833 - INFO - [PAGE] 2/3...
2025-11-12 16:31:55,833 - INFO - [RapidAPI] Fetching products: category=1350380031, page=2, country=IN
2025-11-12 16:31:58,188 - INFO - [RapidAPI] ✓ Success: 24 products (total available: 69545)
2025-11-12 16:31:58,195 - INFO - [DB] ✓ Saved 24 products with analytics
2025-11-12 16:31:58,195 - INFO - [SAVED] ✓ 24 products
2025-11-12 16:32:00,195 - INFO - [PAGE] 3/3...
2025-11-12 16:32:00,195 - INFO - [RapidAPI] Fetching products: category=1350380031, page=3, country=IN
2025-11-12 16:32:02,998 - INFO - [RapidAPI] ✓ Success: 24 products (total available: 69207)
2025-11-12 16:32:03,005 - INFO - [DB] ✓ Saved 24 products with analytics
2025-11-12 16:32:03,005 - INFO - [SAVED] ✓ 24 products
2025-11-12 16:32:03,005 - INFO - [RESULT] 72 products saved
2025-11-12 16:32:06,005 - INFO - 
[PROGRESS] Category 2/6
2025-11-12 16:32:06,005 - INFO - 
======================================================================
[COLLECT] Electronics
2025-11-12 16:32:06,005 - INFO - [PAGE] 1/3...
2025-11-12 16:32:06,005 - INFO - [RapidAPI] Fetching products: category=976419031, page=1, country=IN
2025-11-12 16:32:08,678 - INFO - [RapidAPI] ✓ Success: 24 products (total available: 68323)
2025-11-12 16:32:08,685 - INFO - [DB] ✓ Saved 24 products with analytics
2025-11-12 16:32:08,685 - INFO - [SAVED] ✓ 24 products
2025-11-12 16:32:10,686 - INFO - [PAGE] 2/3...
2025-11-12 16:32:10,686 - INFO - [RapidAPI] Fetching products: category=976419031, page=2, country=IN
2025-11-12 16:32:13,169 - INFO - [RapidAPI] ✓ Success: 24 products (total available: 67861)
2025-11-12 16:32:13,176 - INFO - [DB] ✓ Saved 24 products with analytics
2025-11-12 16:32:13,176 - INFO - [SAVED] ✓ 24 products
2025-11-12 16:32:15,176 - INFO - [PAGE] 3/3...
2025-11-12 16:32:15,176 - INFO - [RapidAPI] Fetching products: category=976419031, page=3, country=IN
2025-11-12 16:32:17,756 - INFO - [RapidAPI] ✓ Success: 24 products (total available: 72766)
2025-11-12 16:32:17,763 - INFO - [DB] ✓ Saved 24 products with analytics
2025-11-12 16:32:17,764 - INFO - [SAVED] ✓ 24 products
2025-11-12 16:32:17,764 - INFO - [RESULT] 72 products saved
2025-11-12 16:32:20,764 - INFO - 
[PROGRESS] Category 3/6
2025-11-12 16:32:20,764 - INFO - 
======================================================================
[COLLECT] Computers & Accessories
2025-11-12 16:32:20,764 - INFO - [PAGE] 1/3...
2025-11-12 16:32:20,764 - INFO - [RapidAPI] Fetching products: category=976392031, page=1, country=IN
2025-11-12 16:32:23,597 - INFO - [RapidAPI] ✓ Success: 24 products (total available: 71135)
2025-11-12 16:32:23,603 - INFO - [DB] ✓ Saved 24 products with analytics
2025-11-12 16:32:23,603 - INFO - [SAVED] ✓ 24 products
2025-11-12 16:32:25,604 - INFO - [PAGE] 2/3...
2025-11-12 16:32:25,604 - INFO - [RapidAPI] Fetching products: category=976392031, page=2, country=IN
2025-11-12 16:32:28,121 - INFO - [RapidAPI] ✓ Success: 24 products (total available: 73726)
2025-11-12 16:32:28,128 - INFO - [DB] ✓ Saved 24 products with analytics
2025-11-12 16:32:28,128 - INFO - [SAVED] ✓ 24 products
2025-11-12 16:32:30,129 - INFO - [PAGE] 3/3...
2025-11-12 16:32:30,129 - INFO - [RapidAPI] Fetching products: category=976392031, page=3, country=IN
2025-11-12 16:32:32,648 - INFO - [RapidAPI] ✓ Success: 24 products (total available: 71135)
2025-11-12 16:32:32,655 - INFO - [DB] ✓ Saved 24 products with analytics
2025-11-12 16:32:32,655 - INFO - [SAVED] ✓ 24 products
2025-11-12 16:32:32,655 - INFO - [RESULT] 72 products saved
2025-11-12 16:32:35,655 - INFO - 
[PROGRESS] Category 4/6
2025-11-12 16:32:35,655 - INFO - 
======================================================================
[COLLECT] Cell Phones
2025-11-12 16:32:35,655 - INFO - [PAGE] 1/3...
2025-11-12 16:32:35,655 - INFO - [RapidAPI] Fetching products: category=1389401031, page=1, country=IN
2025-11-12 16:32:38,021 - INFO - [RapidAPI] ✓ Success: 24 products (total available: 65899)
2025-11-12 16:32:38,028 - INFO - [DB] ✓ Saved 24 products with analytics
2025-11-12 16:32:38,028 - INFO - [SAVED] ✓ 24 products
2025-11-12 16:32:40,028 - INFO - [PAGE] 2/3...
2025-11-12 16:32:40,028 - INFO - [RapidAPI] Fetching products: category=1389401031, page=2, country=IN
2025-11-12 16:32:42,383 - INFO - [RapidAPI] ✓ Success: 24 products (total available: 65899)
2025-11-12 16:32:42,390 - INFO - [DB] ✓ Saved 24 products with analytics
2025-11-12 16:32:42,390 - INFO - [SAVED] ✓ 24 products
2025-11-12 16:32:44,390 - INFO - [PAGE] 3/3...
2025-11-12 16:32:44,390 - INFO - [RapidAPI] Fetching products: category=1389401031, page=3, country=IN
2025-11-12 16:32:47,033 - INFO - [RapidAPI] ✓ Success: 24 products (total available: 65899)
2025-11-12 16:32:47,040 - INFO - [DB] ✓ Saved 24 products with analytics
2025-11-12 16:32:47,040 - INFO - [SAVED] ✓ 24 products
2025-11-12 16:32:47,040 - INFO - [RESULT] 72 products saved
2025-11-12 16:32:50,040 - INFO - 
[PROGRESS] Category 5/6
2025-11-12 16:32:50,040 - INFO - 
======================================================================
[COLLECT] Toys & Games
2025-11-12 16:32:50,040 - INFO - [PAGE] 1/3...
2025-11-12 16:32:50,040 - INFO - [RapidAPI] Fetching products: category=1350387031, page=1, country=IN
2025-11-12 16:32:52,508 - INFO - [RapidAPI] ✓ Success: 48 products (total available: 39426)
2025-11-12 16:32:52,519 - INFO - [DB] ✓ Saved 48 products with analytics
2025-11-12 16:32:52,519 - INFO - [SAVED] ✓ 48 products
2025-11-12 16:32:54,519 - INFO - [PAGE] 2/3...
2025-11-12 16:32:54,520 - INFO - [RapidAPI] Fetching products: category=1350387031, page=2, country=IN
2025-11-12 16:32:57,111 - INFO - [RapidAPI] ✓ Success: 48 products (total available: 39426)
2025-11-12 16:32:57,120 - INFO - [DB] ✓ Saved 48 products with analytics
2025-11-12 16:32:57,120 - INFO - [SAVED] ✓ 48 products
2025-11-12 16:32:59,121 - INFO - [PAGE] 3/3...
2025-11-12 16:32:59,121 - INFO - [RapidAPI] Fetching products: category=1350387031, page=3, country=IN
2025-11-12 16:33:01,581 - INFO - [RapidAPI] ✓ Success: 48 products (total available: 46197)
2025-11-12 16:33:01,590 - INFO - [DB] ✓ Saved 48 products with analytics
2025-11-12 16:33:01,590 - INFO - [SAVED] ✓ 48 products
2025-11-12 16:33:01,590 - INFO - [RESULT] 144 products saved
2025-11-12 16:33:04,590 - INFO - 
[PROGRESS] Category 6/6
2025-11-12 16:33:04,590 - INFO - 
======================================================================
[COLLECT] Health & Personal Care
2025-11-12 16:33:04,590 - INFO - [PAGE] 1/3...
2025-11-12 16:33:04,590 - INFO - [RapidAPI] Fetching products: category=1350384031, page=1, country=IN
2025-11-12 16:33:07,102 - INFO - [RapidAPI] ✓ Success: 24 products (total available: 73282)
2025-11-12 16:33:07,109 - INFO - [DB] ✓ Saved 24 products with analytics
2025-11-12 16:33:07,109 - INFO - [SAVED] ✓ 24 products
2025-11-12 16:33:09,109 - INFO - [PAGE] 2/3...
2025-11-12 16:33:09,110 - INFO - [RapidAPI] Fetching products: category=1350384031, page=2, country=IN
2025-11-12 16:33:11,530 - INFO - [RapidAPI] ✓ Success: 24 products (total available: 74060)
2025-11-12 16:33:11,536 - INFO - [DB] ✓ Saved 24 products with analytics
2025-11-12 16:33:11,536 - INFO - [SAVED] ✓ 24 products
2025-11-12 16:33:13,536 - INFO - [PAGE] 3/3...
2025-11-12 16:33:13,537 - INFO - [RapidAPI] Fetching products: category=1350384031, page=3, country=IN
2025-11-12 16:33:16,039 - INFO - [RapidAPI] ✓ Success: 24 products (total available: 73282)
2025-11-12 16:33:16,045 - INFO - [DB] ✓ Saved 24 products with analytics
2025-11-12 16:33:16,045 - INFO - [SAVED] ✓ 24 products
2025-11-12 16:33:16,045 - INFO - [RESULT] 72 products saved
2025-11-12 16:33:16,049 - INFO - 
[STATS] Products: 1227, ASINs: 1127
2025-11-12 16:33:16,049 - INFO - [ANALYTICS] Avg Price: ₹1585.29
2025-11-12 16:33:16,049 - INFO - [ANALYTICS] Avg Sales: 159,975,945
2025-11-12 16:33:16,049 - INFO - [COMPLETE] 504 products collected
2025-11-12 16:33:16,049 - INFO - [DB] Disconnected
2025-11-13 15:55:02,042 - INFO - [CONFIG] ✓ Loaded
2025-11-13 15:55:02,043 - INFO - [RapidAPI] Client initialized for host: real-time-amazon-data.p.rapidapi.com
2025-11-13 15:55:02,043 - INFO - [START] Collection starting
2025-11-13 15:55:02,043 - INFO - [DB] Connecting (1/3)...
2025-11-13 15:55:02,065 - INFO - [DB] ✓ Connected
2025-11-13 15:55:02,069 - INFO - [DB] ✓ Tables ready
2025-11-13 15:55:02,069 - INFO - [MODE] Using DATABASE
2025-11-13 15:55:02,069 - INFO - 
[PROGRESS] Category 1/6
2025-11-13 15:55:02,069 - INFO - 
======================================================================
[COLLECT] Baby Products
2025-11-13 15:55:02,069 - INFO - [PAGE] 1/3...
2025-11-13 15:55:02,069 - INFO - [RapidAPI] Fetching products: category=1350380031, page=1, country=IN
2025-11-13 15:55:02,471 - ERROR - [RapidAPI] HTTP 429: Too Many Requests
2025-11-13 15:55:02,471 - ERROR - [RapidAPI] Response: {"message":"You have exceeded the MONTHLY quota for Requests on your current plan, BASIC. Upgrade your plan at https:\/\/rapidapi.com\/letscrape-6bRBa3QguO5\/api\/real-time-amazon-data"}
2025-11-13 15:55:02,472 - INFO - [RESULT] 0 products saved
2025-11-13 15:55:05,472 - INFO - 
[PROGRESS] Category 2/6
2025-11-13 15:55:05,472 - INFO - 
======================================================================
[COLLECT] Electronics
2025-11-13 15:55:05,472 - INFO - [PAGE] 1/3...
2025-11-13 15:55:05,472 - INFO - [RapidAPI] Fetching products: category=976419031, page=1, country=IN
2025-11-13 15:55:05,832 - ERROR - [RapidAPI] HTTP 429: Too Many Requests
2025-11-13 15:55:05,832 - ERROR - [RapidAPI] Response: {"message":"You have exceeded the MONTHLY quota for Requests on your current plan, BASIC. Upgrade your plan at https:\/\/rapidapi.com\/letscrape-6bRBa3QguO5\/api\/real-time-amazon-data"}
2025-11-13 15:55:05,833 - INFO - [RESULT] 0 products saved
2025-11-13 15:55:08,833 - INFO - 
[PROGRESS] Category 3/6
2025-11-13 15:55:08,833 - INFO - 
======================================================================
[COLLECT] Computers & Accessories
2025-11-13 15:55:08,833 - INFO - [PAGE] 1/3...
2025-11-13 15:55:08,833 - INFO - [RapidAPI] Fetching products: category=976392031, page=1, country=IN
2025-11-13 15:55:09,161 - ERROR - [RapidAPI] HTTP 429: Too Many Requests
2025-11-13 15:55:09,161 - ERROR - [RapidAPI] Response: {"message":"You have exceeded the MONTHLY quota for Requests on your current plan, BASIC. Upgrade your plan at https:\/\/rapidapi.com\/letscrape-6bRBa3QguO5\/api\/real-time-amazon-data"}
2025-11-13 15:55:09,162 - INFO - [RESULT] 0 products saved
2025-11-13 15:55:12,162 - INFO - 
[PROGRESS] Category 4/6
2025-11-13 15:55:12,163 - INFO - 
======================================================================
[COLLECT] Cell Phones
2025-11-13 15:55:12,163 - INFO - [PAGE] 1/3...
2025-11-13 15:55:12,163 - INFO - [RapidAPI] Fetching products: category=1389401031, page=1, country=IN
2025-11-13 15:55:12,475 - ERROR - [RapidAPI] HTTP 429: Too Many Requests
2025-11-13 15:55:12,475 - ERROR - [RapidAPI] Response: {"message":"You have exceeded the MONTHLY quota for Requests on your current plan, BASIC. Upgrade your plan at https:\/\/rapidapi.com\/letscrape-6bRBa3QguO5\/api\/real-time-amazon-data"}
2025-11-13 15:55:12,476 - INFO - [RESULT] 0 products saved
2025-11-13 15:55:15,476 - INFO - 
[PROGRESS] Category 5/6
2025-11-13 15:55:15,476 - INFO - 
======================================================================
[COLLECT] Toys & Games
2025-11-13 15:55:15,476 - INFO - [PAGE] 1/3...
2025-11-13 15:55:15,476 - INFO - [RapidAPI] Fetching products: category=1350387031, page=1, country=IN
2025-11-13 15:55:15,792 - ERROR - [RapidAPI] HTTP 429: Too Many Requests
2025-11-13 15:55:15,792 - ERROR - [RapidAPI] Response: {"message":"You have exceeded the MONTHLY quota for Requests on your current plan, BASIC. Upgrade your plan at https:\/\/rapidapi.com\/letscrape-6bRBa3QguO5\/api\/real-time-amazon-data"}
2025-11-13 15:55:15,793 - INFO - [RESULT] 0 products saved
2025-11-13 15:55:18,793 - INFO - 
[PROGRESS] Category 6/6
2025-11-13 15:55:18,793 - INFO - 
======================================================================
[COLLECT] Health & Personal Care
2025-11-13 15:55:18,793 - INFO - [PAGE] 1/3...
2025-11-13 15:55:18,793 - INFO - [RapidAPI] Fetching products: category=1350384031, page=1, country=IN
2025-11-13 15:55:19,164 - ERROR - [RapidAPI] HTTP 429: Too Many Requests
2025-11-13 15:55:19,164 - ERROR - [RapidAPI] Response: {"message":"You have exceeded the MONTHLY quota for Requests on your current plan, BASIC. Upgrade your plan at https:\/\/rapidapi.com\/letscrape-6bRBa3QguO5\/api\/real-time-amazon-data"}
2025-11-13 15:55:19,164 - INFO - [RESULT] 0 products saved
2025-11-13 15:55:19,168 - INFO - 
[STATS] Products: 1227, ASINs: 1127
2025-11-13 15:55:19,168 - INFO - [ANALYTICS] Avg Price: ₹1585.29
2025-11-13 15:55:19,168 - INFO - [ANALYTICS] Avg Sales: 159,975,945
2025-11-13 15:55:19,169 - INFO - [COMPLETE] 0 products collected
2025-11-13 15:55:19,169 - INFO - [DB] Disconnected
2025-11-14 15:55:01,287 - INFO - [CONFIG] ✓ Loaded
2025-11-14 15:55:01,287 - INFO - [RapidAPI] Client initialized for host: real-time-amazon-data.p.rapidapi.com
2025-11-14 15:55:01,288 - INFO - [START] Collection starting
2025-11-14 15:55:01,288 - INFO - [DB] Connecting (1/3)...
2025-11-14 15:55:01,296 - INFO - [DB] ✓ Connected
2025-11-14 15:55:01,301 - INFO - [DB] ✓ Tables ready
2025-11-14 15:55:01,301 - INFO - [MODE] Using DATABASE
2025-11-14 15:55:01,301 - INFO - 
[PROGRESS] Category 1/6
2025-11-14 15:55:01,301 - INFO - 
======================================================================
[COLLECT] Baby Products
2025-11-14 15:55:01,301 - INFO - [PAGE] 1/3...
2025-11-14 15:55:01,301 - INFO - [RapidAPI] Fetching products: category=1350380031, page=1, country=IN
2025-11-14 15:55:01,711 - ERROR - [RapidAPI] HTTP 429: Too Many Requests
2025-11-14 15:55:01,711 - ERROR - [RapidAPI] Response: {"message":"You have exceeded the MONTHLY quota for Requests on your current plan, BASIC. Upgrade your plan at https:\/\/rapidapi.com\/letscrape-6bRBa3QguO5\/api\/real-time-amazon-data"}
2025-11-14 15:55:01,711 - INFO - [RESULT] 0 products saved
2025-11-14 15:55:04,712 - INFO - 
[PROGRESS] Category 2/6
2025-11-14 15:55:04,712 - INFO - 
======================================================================
[COLLECT] Electronics
2025-11-14 15:55:04,712 - INFO - [PAGE] 1/3...
2025-11-14 15:55:04,712 - INFO - [RapidAPI] Fetching products: category=976419031, page=1, country=IN
2025-11-14 15:55:05,069 - ERROR - [RapidAPI] HTTP 429: Too Many Requests
2025-11-14 15:55:05,069 - ERROR - [RapidAPI] Response: {"message":"You have exceeded the MONTHLY quota for Requests on your current plan, BASIC. Upgrade your plan at https:\/\/rapidapi.com\/letscrape-6bRBa3QguO5\/api\/real-time-amazon-data"}
2025-11-14 15:55:05,070 - INFO - [RESULT] 0 products saved
2025-11-14 15:55:08,070 - INFO - 
[PROGRESS] Category 3/6
2025-11-14 15:55:08,070 - INFO - 
======================================================================
[COLLECT] Computers & Accessories
2025-11-14 15:55:08,070 - INFO - [PAGE] 1/3...
2025-11-14 15:55:08,070 - INFO - [RapidAPI] Fetching products: category=976392031, page=1, country=IN
2025-11-14 15:55:08,421 - ERROR - [RapidAPI] HTTP 429: Too Many Requests
2025-11-14 15:55:08,421 - ERROR - [RapidAPI] Response: {"message":"You have exceeded the MONTHLY quota for Requests on your current plan, BASIC. Upgrade your plan at https:\/\/rapidapi.com\/letscrape-6bRBa3QguO5\/api\/real-time-amazon-data"}
2025-11-14 15:55:08,422 - INFO - [RESULT] 0 products saved
2025-11-14 15:55:11,423 - INFO - 
[PROGRESS] Category 4/6
2025-11-14 15:55:11,423 - INFO - 
======================================================================
[COLLECT] Cell Phones
2025-11-14 15:55:11,423 - INFO - [PAGE] 1/3...
2025-11-14 15:55:11,423 - INFO - [RapidAPI] Fetching products: category=1389401031, page=1, country=IN
2025-11-14 15:55:11,841 - ERROR - [RapidAPI] HTTP 429: Too Many Requests
2025-11-14 15:55:11,841 - ERROR - [RapidAPI] Response: {"message":"You have exceeded the MONTHLY quota for Requests on your current plan, BASIC. Upgrade your plan at https:\/\/rapidapi.com\/letscrape-6bRBa3QguO5\/api\/real-time-amazon-data"}
2025-11-14 15:55:11,842 - INFO - [RESULT] 0 products saved
2025-11-14 15:55:14,842 - INFO - 
[PROGRESS] Category 5/6
2025-11-14 15:55:14,843 - INFO - 
======================================================================
[COLLECT] Toys & Games
2025-11-14 15:55:14,843 - INFO - [PAGE] 1/3...
2025-11-14 15:55:14,843 - INFO - [RapidAPI] Fetching products: category=1350387031, page=1, country=IN
2025-11-14 15:55:15,186 - ERROR - [RapidAPI] HTTP 429: Too Many Requests
2025-11-14 15:55:15,186 - ERROR - [RapidAPI] Response: {"message":"You have exceeded the MONTHLY quota for Requests on your current plan, BASIC. Upgrade your plan at https:\/\/rapidapi.com\/letscrape-6bRBa3QguO5\/api\/real-time-amazon-data"}
2025-11-14 15:55:15,187 - INFO - [RESULT] 0 products saved
2025-11-14 15:55:18,187 - INFO - 
[PROGRESS] Category 6/6
2025-11-14 15:55:18,187 - INFO - 
======================================================================
[COLLECT] Health & Personal Care
2025-11-14 15:55:18,188 - INFO - [PAGE] 1/3...
2025-11-14 15:55:18,188 - INFO - [RapidAPI] Fetching products: category=1350384031, page=1, country=IN
2025-11-14 15:55:18,549 - ERROR - [RapidAPI] HTTP 429: Too Many Requests
2025-11-14 15:55:18,549 - ERROR - [RapidAPI] Response: {"message":"You have exceeded the MONTHLY quota for Requests on your current plan, BASIC. Upgrade your plan at https:\/\/rapidapi.com\/letscrape-6bRBa3QguO5\/api\/real-time-amazon-data"}
2025-11-14 15:55:18,549 - INFO - [RESULT] 0 products saved
2025-11-14 15:55:18,553 - INFO - 
[STATS] Products: 1227, ASINs: 1127
2025-11-14 15:55:18,553 - INFO - [ANALYTICS] Avg Price: ₹1585.29
2025-11-14 15:55:18,553 - INFO - [ANALYTICS] Avg Sales: 159,975,945
2025-11-14 15:55:18,553 - INFO - [COMPLETE] 0 products collected
2025-11-14 15:55:18,554 - INFO - [DB] Disconnected
2025-11-15 15:55:01,677 - INFO - [CONFIG] ✓ Loaded
2025-11-15 15:55:01,677 - INFO - [RapidAPI] Client initialized for host: real-time-amazon-data.p.rapidapi.com
2025-11-15 15:55:01,677 - INFO - [START] Collection starting
2025-11-15 15:55:01,677 - INFO - [DB] Connecting (1/3)...
2025-11-15 15:55:01,699 - INFO - [DB] ✓ Connected
2025-11-15 15:55:01,711 - INFO - [DB] ✓ Tables ready
2025-11-15 15:55:01,711 - INFO - [MODE] Using DATABASE
2025-11-15 15:55:01,711 - INFO - 
[PROGRESS] Category 1/6
2025-11-15 15:55:01,711 - INFO - 
======================================================================
[COLLECT] Baby Products
2025-11-15 15:55:01,711 - INFO - [PAGE] 1/3...
2025-11-15 15:55:01,711 - INFO - [RapidAPI] Fetching products: category=1350380031, page=1, country=IN
2025-11-15 15:55:02,866 - ERROR - [RapidAPI] HTTP 429: Too Many Requests
2025-11-15 15:55:02,866 - ERROR - [RapidAPI] Response: {"message":"You have exceeded the MONTHLY quota for Requests on your current plan, BASIC. Upgrade your plan at https:\/\/rapidapi.com\/letscrape-6bRBa3QguO5\/api\/real-time-amazon-data"}
2025-11-15 15:55:02,867 - INFO - [RESULT] 0 products saved
2025-11-15 15:55:05,867 - INFO - 
[PROGRESS] Category 2/6
2025-11-15 15:55:05,867 - INFO - 
======================================================================
[COLLECT] Electronics
2025-11-15 15:55:05,867 - INFO - [PAGE] 1/3...
2025-11-15 15:55:05,867 - INFO - [RapidAPI] Fetching products: category=976419031, page=1, country=IN
2025-11-15 15:55:06,196 - ERROR - [RapidAPI] HTTP 429: Too Many Requests
2025-11-15 15:55:06,196 - ERROR - [RapidAPI] Response: {"message":"You have exceeded the MONTHLY quota for Requests on your current plan, BASIC. Upgrade your plan at https:\/\/rapidapi.com\/letscrape-6bRBa3QguO5\/api\/real-time-amazon-data"}
2025-11-15 15:55:06,196 - INFO - [RESULT] 0 products saved
2025-11-15 15:55:09,197 - INFO - 
[PROGRESS] Category 3/6
2025-11-15 15:55:09,197 - INFO - 
======================================================================
[COLLECT] Computers & Accessories
2025-11-15 15:55:09,197 - INFO - [PAGE] 1/3...
2025-11-15 15:55:09,197 - INFO - [RapidAPI] Fetching products: category=976392031, page=1, country=IN
2025-11-15 15:55:09,574 - ERROR - [RapidAPI] HTTP 429: Too Many Requests
2025-11-15 15:55:09,574 - ERROR - [RapidAPI] Response: {"message":"You have exceeded the MONTHLY quota for Requests on your current plan, BASIC. Upgrade your plan at https:\/\/rapidapi.com\/letscrape-6bRBa3QguO5\/api\/real-time-amazon-data"}
2025-11-15 15:55:09,575 - INFO - [RESULT] 0 products saved
2025-11-15 15:55:12,575 - INFO - 
[PROGRESS] Category 4/6
2025-11-15 15:55:12,575 - INFO - 
======================================================================
[COLLECT] Cell Phones
2025-11-15 15:55:12,575 - INFO - [PAGE] 1/3...
2025-11-15 15:55:12,575 - INFO - [RapidAPI] Fetching products: category=1389401031, page=1, country=IN
2025-11-15 15:55:12,926 - ERROR - [RapidAPI] HTTP 429: Too Many Requests
2025-11-15 15:55:12,926 - ERROR - [RapidAPI] Response: {"message":"You have exceeded the MONTHLY quota for Requests on your current plan, BASIC. Upgrade your plan at https:\/\/rapidapi.com\/letscrape-6bRBa3QguO5\/api\/real-time-amazon-data"}
2025-11-15 15:55:12,926 - INFO - [RESULT] 0 products saved
2025-11-15 15:55:15,927 - INFO - 
[PROGRESS] Category 5/6
2025-11-15 15:55:15,927 - INFO - 
======================================================================
[COLLECT] Toys & Games
2025-11-15 15:55:15,927 - INFO - [PAGE] 1/3...
2025-11-15 15:55:15,927 - INFO - [RapidAPI] Fetching products: category=1350387031, page=1, country=IN
2025-11-15 15:55:16,261 - ERROR - [RapidAPI] HTTP 429: Too Many Requests
2025-11-15 15:55:16,261 - ERROR - [RapidAPI] Response: {"message":"You have exceeded the MONTHLY quota for Requests on your current plan, BASIC. Upgrade your plan at https:\/\/rapidapi.com\/letscrape-6bRBa3QguO5\/api\/real-time-amazon-data"}
2025-11-15 15:55:16,262 - INFO - [RESULT] 0 products saved
2025-11-15 15:55:19,262 - INFO - 
[PROGRESS] Category 6/6
2025-11-15 15:55:19,262 - INFO - 
======================================================================
[COLLECT] Health & Personal Care
2025-11-15 15:55:19,262 - INFO - [PAGE] 1/3...
2025-11-15 15:55:19,262 - INFO - [RapidAPI] Fetching products: category=1350384031, page=1, country=IN
2025-11-15 15:55:19,604 - ERROR - [RapidAPI] HTTP 429: Too Many Requests
2025-11-15 15:55:19,604 - ERROR - [RapidAPI] Response: {"message":"You have exceeded the MONTHLY quota for Requests on your current plan, BASIC. Upgrade your plan at https:\/\/rapidapi.com\/letscrape-6bRBa3QguO5\/api\/real-time-amazon-data"}
2025-11-15 15:55:19,604 - INFO - [RESULT] 0 products saved
2025-11-15 15:55:19,608 - INFO - 
[STATS] Products: 1227, ASINs: 1127
2025-11-15 15:55:19,608 - INFO - [ANALYTICS] Avg Price: ₹1585.29
2025-11-15 15:55:19,608 - INFO - [ANALYTICS] Avg Sales: 159,975,945
2025-11-15 15:55:19,608 - INFO - [COMPLETE] 0 products collected
2025-11-15 15:55:19,608 - INFO - [DB] Disconnected
2025-11-17 15:55:01,502 - INFO - [CONFIG] ✓ Loaded
2025-11-17 15:55:01,502 - INFO - [RapidAPI] Client initialized for host: real-time-amazon-data.p.rapidapi.com
2025-11-17 15:55:01,502 - INFO - [START] Collection starting
2025-11-17 15:55:01,502 - INFO - [DB] Connecting (1/3)...
2025-11-17 15:55:01,525 - INFO - [DB] ✓ Connected
2025-11-17 15:55:01,533 - INFO - [DB] ✓ Tables ready
2025-11-17 15:55:01,533 - INFO - [MODE] Using DATABASE
2025-11-17 15:55:01,533 - INFO - 
[PROGRESS] Category 1/6
2025-11-17 15:55:01,533 - INFO - 
======================================================================
[COLLECT] Baby Products
2025-11-17 15:55:01,533 - INFO - [PAGE] 1/3...
2025-11-17 15:55:01,533 - INFO - [RapidAPI] Fetching products: category=1350380031, page=1, country=IN
2025-11-17 15:55:01,943 - ERROR - [RapidAPI] HTTP 429: Too Many Requests
2025-11-17 15:55:01,943 - ERROR - [RapidAPI] Response: {"message":"You have exceeded the MONTHLY quota for Requests on your current plan, BASIC. Upgrade your plan at https:\/\/rapidapi.com\/letscrape-6bRBa3QguO5\/api\/real-time-amazon-data"}
2025-11-17 15:55:01,944 - INFO - [RESULT] 0 products saved
2025-11-17 15:55:04,945 - INFO - 
[PROGRESS] Category 2/6
2025-11-17 15:55:04,945 - INFO - 
======================================================================
[COLLECT] Electronics
2025-11-17 15:55:04,945 - INFO - [PAGE] 1/3...
2025-11-17 15:55:04,945 - INFO - [RapidAPI] Fetching products: category=976419031, page=1, country=IN
2025-11-17 15:55:05,337 - ERROR - [RapidAPI] HTTP 429: Too Many Requests
2025-11-17 15:55:05,337 - ERROR - [RapidAPI] Response: {"message":"You have exceeded the MONTHLY quota for Requests on your current plan, BASIC. Upgrade your plan at https:\/\/rapidapi.com\/letscrape-6bRBa3QguO5\/api\/real-time-amazon-data"}
2025-11-17 15:55:05,338 - INFO - [RESULT] 0 products saved
2025-11-17 15:55:08,338 - INFO - 
[PROGRESS] Category 3/6
2025-11-17 15:55:08,339 - INFO - 
======================================================================
[COLLECT] Computers & Accessories
2025-11-17 15:55:08,339 - INFO - [PAGE] 1/3...
2025-11-17 15:55:08,339 - INFO - [RapidAPI] Fetching products: category=976392031, page=1, country=IN
2025-11-17 15:55:08,662 - ERROR - [RapidAPI] HTTP 429: Too Many Requests
2025-11-17 15:55:08,662 - ERROR - [RapidAPI] Response: {"message":"You have exceeded the MONTHLY quota for Requests on your current plan, BASIC. Upgrade your plan at https:\/\/rapidapi.com\/letscrape-6bRBa3QguO5\/api\/real-time-amazon-data"}
2025-11-17 15:55:08,662 - INFO - [RESULT] 0 products saved
2025-11-17 15:55:11,663 - INFO - 
[PROGRESS] Category 4/6
2025-11-17 15:55:11,663 - INFO - 
======================================================================
[COLLECT] Cell Phones
2025-11-17 15:55:11,663 - INFO - [PAGE] 1/3...
2025-11-17 15:55:11,663 - INFO - [RapidAPI] Fetching products: category=1389401031, page=1, country=IN
2025-11-17 15:55:11,986 - ERROR - [RapidAPI] HTTP 429: Too Many Requests
2025-11-17 15:55:11,986 - ERROR - [RapidAPI] Response: {"message":"You have exceeded the MONTHLY quota for Requests on your current plan, BASIC. Upgrade your plan at https:\/\/rapidapi.com\/letscrape-6bRBa3QguO5\/api\/real-time-amazon-data"}
2025-11-17 15:55:11,986 - INFO - [RESULT] 0 products saved
2025-11-17 15:55:14,987 - INFO - 
[PROGRESS] Category 5/6
2025-11-17 15:55:14,987 - INFO - 
======================================================================
[COLLECT] Toys & Games
2025-11-17 15:55:14,987 - INFO - [PAGE] 1/3...
2025-11-17 15:55:14,987 - INFO - [RapidAPI] Fetching products: category=1350387031, page=1, country=IN
2025-11-17 15:55:15,291 - ERROR - [RapidAPI] HTTP 429: Too Many Requests
2025-11-17 15:55:15,291 - ERROR - [RapidAPI] Response: {"message":"You have exceeded the MONTHLY quota for Requests on your current plan, BASIC. Upgrade your plan at https:\/\/rapidapi.com\/letscrape-6bRBa3QguO5\/api\/real-time-amazon-data"}
2025-11-17 15:55:15,292 - INFO - [RESULT] 0 products saved
2025-11-17 15:55:18,292 - INFO - 
[PROGRESS] Category 6/6
2025-11-17 15:55:18,293 - INFO - 
======================================================================
[COLLECT] Health & Personal Care
2025-11-17 15:55:18,293 - INFO - [PAGE] 1/3...
2025-11-17 15:55:18,293 - INFO - [RapidAPI] Fetching products: category=1350384031, page=1, country=IN
2025-11-17 15:55:18,613 - ERROR - [RapidAPI] HTTP 429: Too Many Requests
2025-11-17 15:55:18,613 - ERROR - [RapidAPI] Response: {"message":"You have exceeded the MONTHLY quota for Requests on your current plan, BASIC. Upgrade your plan at https:\/\/rapidapi.com\/letscrape-6bRBa3QguO5\/api\/real-time-amazon-data"}
2025-11-17 15:55:18,614 - INFO - [RESULT] 0 products saved
2025-11-17 15:55:18,618 - INFO - 
[STATS] Products: 1227, ASINs: 1127
2025-11-17 15:55:18,618 - INFO - [ANALYTICS] Avg Price: ₹1585.29
2025-11-17 15:55:18,618 - INFO - [ANALYTICS] Avg Sales: 159,975,945
2025-11-17 15:55:18,618 - INFO - [COMPLETE] 0 products collected
2025-11-17 15:55:18,618 - INFO - [DB] Disconnected
2025-11-18 15:55:01,714 - INFO - [CONFIG] ✓ Loaded
2025-11-18 15:55:01,714 - INFO - [RapidAPI] Client initialized for host: real-time-amazon-data.p.rapidapi.com
2025-11-18 15:55:01,714 - INFO - [START] Collection starting
2025-11-18 15:55:01,714 - INFO - [DB] Connecting (1/3)...
2025-11-18 15:55:01,723 - INFO - [DB] ✓ Connected
2025-11-18 15:55:01,727 - INFO - [DB] ✓ Tables ready
2025-11-18 15:55:01,727 - INFO - [MODE] Using DATABASE
2025-11-18 15:55:01,728 - INFO - 
[PROGRESS] Category 1/6
2025-11-18 15:55:01,728 - INFO - 
======================================================================
[COLLECT] Baby Products
2025-11-18 15:55:01,728 - INFO - [PAGE] 1/3...
2025-11-18 15:55:01,728 - INFO - [RapidAPI] Fetching products: category=1350380031, page=1, country=IN
2025-11-18 15:55:02,146 - ERROR - [RapidAPI] HTTP 429: Too Many Requests
2025-11-18 15:55:02,146 - ERROR - [RapidAPI] Response: {"message":"You have exceeded the MONTHLY quota for Requests on your current plan, BASIC. Upgrade your plan at https:\/\/rapidapi.com\/letscrape-6bRBa3QguO5\/api\/real-time-amazon-data"}
2025-11-18 15:55:02,147 - INFO - [RESULT] 0 products saved
2025-11-18 15:55:05,147 - INFO - 
[PROGRESS] Category 2/6
2025-11-18 15:55:05,147 - INFO - 
======================================================================
[COLLECT] Electronics
2025-11-18 15:55:05,147 - INFO - [PAGE] 1/3...
2025-11-18 15:55:05,147 - INFO - [RapidAPI] Fetching products: category=976419031, page=1, country=IN
2025-11-18 15:55:05,503 - ERROR - [RapidAPI] HTTP 429: Too Many Requests
2025-11-18 15:55:05,503 - ERROR - [RapidAPI] Response: {"message":"You have exceeded the MONTHLY quota for Requests on your current plan, BASIC. Upgrade your plan at https:\/\/rapidapi.com\/letscrape-6bRBa3QguO5\/api\/real-time-amazon-data"}
2025-11-18 15:55:05,504 - INFO - [RESULT] 0 products saved
2025-11-18 15:55:08,504 - INFO - 
[PROGRESS] Category 3/6
2025-11-18 15:55:08,504 - INFO - 
======================================================================
[COLLECT] Computers & Accessories
2025-11-18 15:55:08,504 - INFO - [PAGE] 1/3...
2025-11-18 15:55:08,504 - INFO - [RapidAPI] Fetching products: category=976392031, page=1, country=IN
2025-11-18 15:55:08,858 - ERROR - [RapidAPI] HTTP 429: Too Many Requests
2025-11-18 15:55:08,858 - ERROR - [RapidAPI] Response: {"message":"You have exceeded the MONTHLY quota for Requests on your current plan, BASIC. Upgrade your plan at https:\/\/rapidapi.com\/letscrape-6bRBa3QguO5\/api\/real-time-amazon-data"}
2025-11-18 15:55:08,858 - INFO - [RESULT] 0 products saved
2025-11-18 15:55:11,859 - INFO - 
[PROGRESS] Category 4/6
2025-11-18 15:55:11,859 - INFO - 
======================================================================
[COLLECT] Cell Phones
2025-11-18 15:55:11,859 - INFO - [PAGE] 1/3...
2025-11-18 15:55:11,859 - INFO - [RapidAPI] Fetching products: category=1389401031, page=1, country=IN
2025-11-18 15:55:12,262 - ERROR - [RapidAPI] HTTP 429: Too Many Requests
2025-11-18 15:55:12,262 - ERROR - [RapidAPI] Response: {"message":"You have exceeded the MONTHLY quota for Requests on your current plan, BASIC. Upgrade your plan at https:\/\/rapidapi.com\/letscrape-6bRBa3QguO5\/api\/real-time-amazon-data"}
2025-11-18 15:55:12,263 - INFO - [RESULT] 0 products saved
2025-11-18 15:55:15,263 - INFO - 
[PROGRESS] Category 5/6
2025-11-18 15:55:15,264 - INFO - 
======================================================================
[COLLECT] Toys & Games
2025-11-18 15:55:15,264 - INFO - [PAGE] 1/3...
2025-11-18 15:55:15,264 - INFO - [RapidAPI] Fetching products: category=1350387031, page=1, country=IN
2025-11-18 15:55:15,721 - ERROR - [RapidAPI] HTTP 429: Too Many Requests
2025-11-18 15:55:15,721 - ERROR - [RapidAPI] Response: {"message":"You have exceeded the MONTHLY quota for Requests on your current plan, BASIC. Upgrade your plan at https:\/\/rapidapi.com\/letscrape-6bRBa3QguO5\/api\/real-time-amazon-data"}
2025-11-18 15:55:15,721 - INFO - [RESULT] 0 products saved
2025-11-18 15:55:18,722 - INFO - 
[PROGRESS] Category 6/6
2025-11-18 15:55:18,722 - INFO - 
======================================================================
[COLLECT] Health & Personal Care
2025-11-18 15:55:18,722 - INFO - [PAGE] 1/3...
2025-11-18 15:55:18,722 - INFO - [RapidAPI] Fetching products: category=1350384031, page=1, country=IN
2025-11-18 15:55:19,064 - ERROR - [RapidAPI] HTTP 429: Too Many Requests
2025-11-18 15:55:19,064 - ERROR - [RapidAPI] Response: {"message":"You have exceeded the MONTHLY quota for Requests on your current plan, BASIC. Upgrade your plan at https:\/\/rapidapi.com\/letscrape-6bRBa3QguO5\/api\/real-time-amazon-data"}
2025-11-18 15:55:19,065 - INFO - [RESULT] 0 products saved
2025-11-18 15:55:19,069 - INFO - 
[STATS] Products: 1227, ASINs: 1127
2025-11-18 15:55:19,069 - INFO - [ANALYTICS] Avg Price: ₹1585.29
2025-11-18 15:55:19,069 - INFO - [ANALYTICS] Avg Sales: 159,975,945
2025-11-18 15:55:19,069 - INFO - [COMPLETE] 0 products collected
2025-11-18 15:55:19,069 - INFO - [DB] Disconnected
2025-11-19 15:55:01,176 - INFO - [CONFIG] ✓ Loaded
2025-11-19 15:55:01,177 - INFO - [RapidAPI] Client initialized for host: real-time-amazon-data.p.rapidapi.com
2025-11-19 15:55:01,177 - INFO - [START] Collection starting
2025-11-19 15:55:01,177 - INFO - [DB] Connecting (1/3)...
2025-11-19 15:55:01,186 - INFO - [DB] ✓ Connected
2025-11-19 15:55:01,191 - INFO - [DB] ✓ Tables ready
2025-11-19 15:55:01,191 - INFO - [MODE] Using DATABASE
2025-11-19 15:55:01,191 - INFO - 
[PROGRESS] Category 1/6
2025-11-19 15:55:01,191 - INFO - 
======================================================================
[COLLECT] Baby Products
2025-11-19 15:55:01,191 - INFO - [PAGE] 1/3...
2025-11-19 15:55:01,191 - INFO - [RapidAPI] Fetching products: category=1350380031, page=1, country=IN
2025-11-19 15:55:01,586 - ERROR - [RapidAPI] HTTP 429: Too Many Requests
2025-11-19 15:55:01,586 - ERROR - [RapidAPI] Response: {"message":"You have exceeded the MONTHLY quota for Requests on your current plan, BASIC. Upgrade your plan at https:\/\/rapidapi.com\/letscrape-6bRBa3QguO5\/api\/real-time-amazon-data"}
2025-11-19 15:55:01,586 - INFO - [RESULT] 0 products saved
2025-11-19 15:55:04,587 - INFO - 
[PROGRESS] Category 2/6
2025-11-19 15:55:04,587 - INFO - 
======================================================================
[COLLECT] Electronics
2025-11-19 15:55:04,587 - INFO - [PAGE] 1/3...
2025-11-19 15:55:04,587 - INFO - [RapidAPI] Fetching products: category=976419031, page=1, country=IN
2025-11-19 15:55:04,914 - ERROR - [RapidAPI] HTTP 429: Too Many Requests
2025-11-19 15:55:04,914 - ERROR - [RapidAPI] Response: {"message":"You have exceeded the MONTHLY quota for Requests on your current plan, BASIC. Upgrade your plan at https:\/\/rapidapi.com\/letscrape-6bRBa3QguO5\/api\/real-time-amazon-data"}
2025-11-19 15:55:04,914 - INFO - [RESULT] 0 products saved
2025-11-19 15:55:07,915 - INFO - 
[PROGRESS] Category 3/6
2025-11-19 15:55:07,915 - INFO - 
======================================================================
[COLLECT] Computers & Accessories
2025-11-19 15:55:07,915 - INFO - [PAGE] 1/3...
2025-11-19 15:55:07,915 - INFO - [RapidAPI] Fetching products: category=976392031, page=1, country=IN
2025-11-19 15:55:08,306 - ERROR - [RapidAPI] HTTP 429: Too Many Requests
2025-11-19 15:55:08,306 - ERROR - [RapidAPI] Response: {"message":"You have exceeded the MONTHLY quota for Requests on your current plan, BASIC. Upgrade your plan at https:\/\/rapidapi.com\/letscrape-6bRBa3QguO5\/api\/real-time-amazon-data"}
2025-11-19 15:55:08,307 - INFO - [RESULT] 0 products saved
2025-11-19 15:55:11,307 - INFO - 
[PROGRESS] Category 4/6
2025-11-19 15:55:11,307 - INFO - 
======================================================================
[COLLECT] Cell Phones
2025-11-19 15:55:11,307 - INFO - [PAGE] 1/3...
2025-11-19 15:55:11,307 - INFO - [RapidAPI] Fetching products: category=1389401031, page=1, country=IN
2025-11-19 15:55:11,645 - ERROR - [RapidAPI] HTTP 429: Too Many Requests
2025-11-19 15:55:11,645 - ERROR - [RapidAPI] Response: {"message":"You have exceeded the MONTHLY quota for Requests on your current plan, BASIC. Upgrade your plan at https:\/\/rapidapi.com\/letscrape-6bRBa3QguO5\/api\/real-time-amazon-data"}
2025-11-19 15:55:11,646 - INFO - [RESULT] 0 products saved
2025-11-19 15:55:14,646 - INFO - 
[PROGRESS] Category 5/6
2025-11-19 15:55:14,646 - INFO - 
======================================================================
[COLLECT] Toys & Games
2025-11-19 15:55:14,646 - INFO - [PAGE] 1/3...
2025-11-19 15:55:14,647 - INFO - [RapidAPI] Fetching products: category=1350387031, page=1, country=IN
2025-11-19 15:55:14,970 - ERROR - [RapidAPI] HTTP 429: Too Many Requests
2025-11-19 15:55:14,970 - ERROR - [RapidAPI] Response: {"message":"You have exceeded the MONTHLY quota for Requests on your current plan, BASIC. Upgrade your plan at https:\/\/rapidapi.com\/letscrape-6bRBa3QguO5\/api\/real-time-amazon-data"}
2025-11-19 15:55:14,971 - INFO - [RESULT] 0 products saved
2025-11-19 15:55:17,971 - INFO - 
[PROGRESS] Category 6/6
2025-11-19 15:55:17,972 - INFO - 
======================================================================
[COLLECT] Health & Personal Care
2025-11-19 15:55:17,972 - INFO - [PAGE] 1/3...
2025-11-19 15:55:17,972 - INFO - [RapidAPI] Fetching products: category=1350384031, page=1, country=IN
2025-11-19 15:55:18,302 - ERROR - [RapidAPI] HTTP 429: Too Many Requests
2025-11-19 15:55:18,303 - ERROR - [RapidAPI] Response: {"message":"You have exceeded the MONTHLY quota for Requests on your current plan, BASIC. Upgrade your plan at https:\/\/rapidapi.com\/letscrape-6bRBa3QguO5\/api\/real-time-amazon-data"}
2025-11-19 15:55:18,303 - INFO - [RESULT] 0 products saved
2025-11-19 15:55:18,308 - INFO - 
[STATS] Products: 1227, ASINs: 1127
2025-11-19 15:55:18,308 - INFO - [ANALYTICS] Avg Price: ₹1585.29
2025-11-19 15:55:18,308 - INFO - [ANALYTICS] Avg Sales: 159,975,945
2025-11-19 15:55:18,308 - INFO - [COMPLETE] 0 products collected
2025-11-19 15:55:18,308 - INFO - [DB] Disconnected
2025-11-28 15:55:01,848 - INFO - [CONFIG] ✓ Loaded
2025-11-28 15:55:01,849 - INFO - [RapidAPI] Client initialized for host: real-time-amazon-data.p.rapidapi.com
2025-11-28 15:55:01,849 - INFO - [START] Collection starting
2025-11-28 15:55:01,849 - INFO - [DB] Connecting (1/3)...
2025-11-28 15:55:01,870 - INFO - [DB] ✓ Connected
2025-11-28 15:55:01,879 - INFO - [DB] ✓ Tables ready
2025-11-28 15:55:01,879 - INFO - [MODE] Using DATABASE
2025-11-28 15:55:01,879 - INFO - 
[PROGRESS] Category 1/6
2025-11-28 15:55:01,879 - INFO - 
======================================================================
[COLLECT] Baby Products
2025-11-28 15:55:01,879 - INFO - [PAGE] 1/3...
2025-11-28 15:55:01,879 - INFO - [RapidAPI] Fetching products: category=1350380031, page=1, country=IN
2025-11-28 15:55:03,095 - ERROR - [RapidAPI] HTTP 429: Too Many Requests
2025-11-28 15:55:03,095 - ERROR - [RapidAPI] Response: {"message":"You have exceeded the MONTHLY quota for Requests on your current plan, BASIC. Upgrade your plan at https:\/\/rapidapi.com\/letscrape-6bRBa3QguO5\/api\/real-time-amazon-data"}
2025-11-28 15:55:03,095 - INFO - [RESULT] 0 products saved
2025-11-28 15:55:06,096 - INFO - 
[PROGRESS] Category 2/6
2025-11-28 15:55:06,096 - INFO - 
======================================================================
[COLLECT] Electronics
2025-11-28 15:55:06,096 - INFO - [PAGE] 1/3...
2025-11-28 15:55:06,096 - INFO - [RapidAPI] Fetching products: category=976419031, page=1, country=IN
2025-11-28 15:55:06,470 - ERROR - [RapidAPI] HTTP 429: Too Many Requests
2025-11-28 15:55:06,470 - ERROR - [RapidAPI] Response: {"message":"You have exceeded the MONTHLY quota for Requests on your current plan, BASIC. Upgrade your plan at https:\/\/rapidapi.com\/letscrape-6bRBa3QguO5\/api\/real-time-amazon-data"}
2025-11-28 15:55:06,471 - INFO - [RESULT] 0 products saved
2025-11-28 15:55:09,471 - INFO - 
[PROGRESS] Category 3/6
2025-11-28 15:55:09,471 - INFO - 
======================================================================
[COLLECT] Computers & Accessories
2025-11-28 15:55:09,471 - INFO - [PAGE] 1/3...
2025-11-28 15:55:09,471 - INFO - [RapidAPI] Fetching products: category=976392031, page=1, country=IN
2025-11-28 15:55:09,850 - ERROR - [RapidAPI] HTTP 429: Too Many Requests
2025-11-28 15:55:09,851 - ERROR - [RapidAPI] Response: {"message":"You have exceeded the MONTHLY quota for Requests on your current plan, BASIC. Upgrade your plan at https:\/\/rapidapi.com\/letscrape-6bRBa3QguO5\/api\/real-time-amazon-data"}
2025-11-28 15:55:09,851 - INFO - [RESULT] 0 products saved
2025-11-28 15:55:12,851 - INFO - 
[PROGRESS] Category 4/6
2025-11-28 15:55:12,851 - INFO - 
======================================================================
[COLLECT] Cell Phones
2025-11-28 15:55:12,852 - INFO - [PAGE] 1/3...
2025-11-28 15:55:12,852 - INFO - [RapidAPI] Fetching products: category=1389401031, page=1, country=IN
2025-11-28 15:55:13,276 - ERROR - [RapidAPI] HTTP 429: Too Many Requests
2025-11-28 15:55:13,276 - ERROR - [RapidAPI] Response: {"message":"You have exceeded the MONTHLY quota for Requests on your current plan, BASIC. Upgrade your plan at https:\/\/rapidapi.com\/letscrape-6bRBa3QguO5\/api\/real-time-amazon-data"}
2025-11-28 15:55:13,277 - INFO - [RESULT] 0 products saved
2025-11-28 15:55:16,277 - INFO - 
[PROGRESS] Category 5/6
2025-11-28 15:55:16,277 - INFO - 
======================================================================
[COLLECT] Toys & Games
2025-11-28 15:55:16,277 - INFO - [PAGE] 1/3...
2025-11-28 15:55:16,277 - INFO - [RapidAPI] Fetching products: category=1350387031, page=1, country=IN
2025-11-28 15:55:16,646 - ERROR - [RapidAPI] HTTP 429: Too Many Requests
2025-11-28 15:55:16,646 - ERROR - [RapidAPI] Response: {"message":"You have exceeded the MONTHLY quota for Requests on your current plan, BASIC. Upgrade your plan at https:\/\/rapidapi.com\/letscrape-6bRBa3QguO5\/api\/real-time-amazon-data"}
2025-11-28 15:55:16,646 - INFO - [RESULT] 0 products saved
2025-11-28 15:55:19,647 - INFO - 
[PROGRESS] Category 6/6
2025-11-28 15:55:19,647 - INFO - 
======================================================================
[COLLECT] Health & Personal Care
2025-11-28 15:55:19,647 - INFO - [PAGE] 1/3...
2025-11-28 15:55:19,647 - INFO - [RapidAPI] Fetching products: category=1350384031, page=1, country=IN
2025-11-28 15:55:20,002 - ERROR - [RapidAPI] HTTP 429: Too Many Requests
2025-11-28 15:55:20,002 - ERROR - [RapidAPI] Response: {"message":"You have exceeded the MONTHLY quota for Requests on your current plan, BASIC. Upgrade your plan at https:\/\/rapidapi.com\/letscrape-6bRBa3QguO5\/api\/real-time-amazon-data"}
2025-11-28 15:55:20,002 - INFO - [RESULT] 0 products saved
2025-11-28 15:55:20,007 - INFO - 
[STATS] Products: 1227, ASINs: 1127
2025-11-28 15:55:20,007 - INFO - [ANALYTICS] Avg Price: ₹1585.29
2025-11-28 15:55:20,007 - INFO - [ANALYTICS] Avg Sales: 159,975,945
2025-11-28 15:55:20,007 - INFO - [COMPLETE] 0 products collected
2025-11-28 15:55:20,007 - INFO - [DB] Disconnected
2025-11-29 15:55:01,126 - INFO - [CONFIG] ✓ Loaded
2025-11-29 15:55:01,127 - INFO - [RapidAPI] Client initialized for host: real-time-amazon-data.p.rapidapi.com
2025-11-29 15:55:01,127 - INFO - [START] Collection starting
2025-11-29 15:55:01,127 - INFO - [DB] Connecting (1/3)...
2025-11-29 15:55:01,136 - INFO - [DB] ✓ Connected
2025-11-29 15:55:01,140 - INFO - [DB] ✓ Tables ready
2025-11-29 15:55:01,140 - INFO - [MODE] Using DATABASE
2025-11-29 15:55:01,140 - INFO - 
[PROGRESS] Category 1/6
2025-11-29 15:55:01,140 - INFO - 
======================================================================
[COLLECT] Baby Products
2025-11-29 15:55:01,140 - INFO - [PAGE] 1/3...
2025-11-29 15:55:01,140 - INFO - [RapidAPI] Fetching products: category=1350380031, page=1, country=IN
2025-11-29 15:55:02,309 - ERROR - [RapidAPI] HTTP 429: Too Many Requests
2025-11-29 15:55:02,309 - ERROR - [RapidAPI] Response: {"message":"You have exceeded the MONTHLY quota for Requests on your current plan, BASIC. Upgrade your plan at https:\/\/rapidapi.com\/letscrape-6bRBa3QguO5\/api\/real-time-amazon-data"}
2025-11-29 15:55:02,309 - INFO - [RESULT] 0 products saved
2025-11-29 15:55:05,310 - INFO - 
[PROGRESS] Category 2/6
2025-11-29 15:55:05,310 - INFO - 
======================================================================
[COLLECT] Electronics
2025-11-29 15:55:05,310 - INFO - [PAGE] 1/3...
2025-11-29 15:55:05,310 - INFO - [RapidAPI] Fetching products: category=976419031, page=1, country=IN
2025-11-29 15:55:05,617 - ERROR - [RapidAPI] HTTP 429: Too Many Requests
2025-11-29 15:55:05,617 - ERROR - [RapidAPI] Response: {"message":"You have exceeded the MONTHLY quota for Requests on your current plan, BASIC. Upgrade your plan at https:\/\/rapidapi.com\/letscrape-6bRBa3QguO5\/api\/real-time-amazon-data"}
2025-11-29 15:55:05,618 - INFO - [RESULT] 0 products saved
2025-11-29 15:55:08,618 - INFO - 
[PROGRESS] Category 3/6
2025-11-29 15:55:08,618 - INFO - 
======================================================================
[COLLECT] Computers & Accessories
2025-11-29 15:55:08,618 - INFO - [PAGE] 1/3...
2025-11-29 15:55:08,618 - INFO - [RapidAPI] Fetching products: category=976392031, page=1, country=IN
2025-11-29 15:55:08,977 - ERROR - [RapidAPI] HTTP 429: Too Many Requests
2025-11-29 15:55:08,977 - ERROR - [RapidAPI] Response: {"message":"You have exceeded the MONTHLY quota for Requests on your current plan, BASIC. Upgrade your plan at https:\/\/rapidapi.com\/letscrape-6bRBa3QguO5\/api\/real-time-amazon-data"}
2025-11-29 15:55:08,977 - INFO - [RESULT] 0 products saved
2025-11-29 15:55:11,977 - INFO - 
[PROGRESS] Category 4/6
2025-11-29 15:55:11,978 - INFO - 
======================================================================
[COLLECT] Cell Phones
2025-11-29 15:55:11,978 - INFO - [PAGE] 1/3...
2025-11-29 15:55:11,978 - INFO - [RapidAPI] Fetching products: category=1389401031, page=1, country=IN
2025-11-29 15:55:12,336 - ERROR - [RapidAPI] HTTP 429: Too Many Requests
2025-11-29 15:55:12,336 - ERROR - [RapidAPI] Response: {"message":"You have exceeded the MONTHLY quota for Requests on your current plan, BASIC. Upgrade your plan at https:\/\/rapidapi.com\/letscrape-6bRBa3QguO5\/api\/real-time-amazon-data"}
2025-11-29 15:55:12,336 - INFO - [RESULT] 0 products saved
2025-11-29 15:55:15,337 - INFO - 
[PROGRESS] Category 5/6
2025-11-29 15:55:15,337 - INFO - 
======================================================================
[COLLECT] Toys & Games
2025-11-29 15:55:15,337 - INFO - [PAGE] 1/3...
2025-11-29 15:55:15,337 - INFO - [RapidAPI] Fetching products: category=1350387031, page=1, country=IN
2025-11-29 15:55:15,703 - ERROR - [RapidAPI] HTTP 429: Too Many Requests
2025-11-29 15:55:15,703 - ERROR - [RapidAPI] Response: {"message":"You have exceeded the MONTHLY quota for Requests on your current plan, BASIC. Upgrade your plan at https:\/\/rapidapi.com\/letscrape-6bRBa3QguO5\/api\/real-time-amazon-data"}
2025-11-29 15:55:15,704 - INFO - [RESULT] 0 products saved
2025-11-29 15:55:18,704 - INFO - 
[PROGRESS] Category 6/6
2025-11-29 15:55:18,704 - INFO - 
======================================================================
[COLLECT] Health & Personal Care
2025-11-29 15:55:18,704 - INFO - [PAGE] 1/3...
2025-11-29 15:55:18,704 - INFO - [RapidAPI] Fetching products: category=1350384031, page=1, country=IN
2025-11-29 15:55:19,024 - ERROR - [RapidAPI] HTTP 429: Too Many Requests
2025-11-29 15:55:19,024 - ERROR - [RapidAPI] Response: {"message":"You have exceeded the MONTHLY quota for Requests on your current plan, BASIC. Upgrade your plan at https:\/\/rapidapi.com\/letscrape-6bRBa3QguO5\/api\/real-time-amazon-data"}
2025-11-29 15:55:19,024 - INFO - [RESULT] 0 products saved
2025-11-29 15:55:19,028 - INFO - 
[STATS] Products: 1227, ASINs: 1127
2025-11-29 15:55:19,028 - INFO - [ANALYTICS] Avg Price: ₹1585.29
2025-11-29 15:55:19,028 - INFO - [ANALYTICS] Avg Sales: 159,975,945
2025-11-29 15:55:19,029 - INFO - [COMPLETE] 0 products collected
2025-11-29 15:55:19,029 - INFO - [DB] Disconnected
2025-11-30 15:55:01,133 - INFO - [CONFIG] ✓ Loaded
2025-11-30 15:55:01,133 - INFO - [RapidAPI] Client initialized for host: real-time-amazon-data.p.rapidapi.com
2025-11-30 15:55:01,133 - INFO - [START] Collection starting
2025-11-30 15:55:01,133 - INFO - [DB] Connecting (1/3)...
2025-11-30 15:55:01,142 - INFO - [DB] ✓ Connected
2025-11-30 15:55:01,146 - INFO - [DB] ✓ Tables ready
2025-11-30 15:55:01,146 - INFO - [MODE] Using DATABASE
2025-11-30 15:55:01,146 - INFO - 
[PROGRESS] Category 1/6
2025-11-30 15:55:01,146 - INFO - 
======================================================================
[COLLECT] Baby Products
2025-11-30 15:55:01,146 - INFO - [PAGE] 1/3...
2025-11-30 15:55:01,146 - INFO - [RapidAPI] Fetching products: category=1350380031, page=1, country=IN
2025-11-30 15:55:01,617 - ERROR - [RapidAPI] HTTP 429: Too Many Requests
2025-11-30 15:55:01,617 - ERROR - [RapidAPI] Response: {"message":"You have exceeded the MONTHLY quota for Requests on your current plan, BASIC. Upgrade your plan at https:\/\/rapidapi.com\/letscrape-6bRBa3QguO5\/api\/real-time-amazon-data"}
2025-11-30 15:55:01,618 - INFO - [RESULT] 0 products saved
2025-11-30 15:55:04,618 - INFO - 
[PROGRESS] Category 2/6
2025-11-30 15:55:04,618 - INFO - 
======================================================================
[COLLECT] Electronics
2025-11-30 15:55:04,618 - INFO - [PAGE] 1/3...
2025-11-30 15:55:04,618 - INFO - [RapidAPI] Fetching products: category=976419031, page=1, country=IN
2025-11-30 15:55:04,928 - ERROR - [RapidAPI] HTTP 429: Too Many Requests
2025-11-30 15:55:04,929 - ERROR - [RapidAPI] Response: {"message":"You have exceeded the MONTHLY quota for Requests on your current plan, BASIC. Upgrade your plan at https:\/\/rapidapi.com\/letscrape-6bRBa3QguO5\/api\/real-time-amazon-data"}
2025-11-30 15:55:04,929 - INFO - [RESULT] 0 products saved
2025-11-30 15:55:07,929 - INFO - 
[PROGRESS] Category 3/6
2025-11-30 15:55:07,929 - INFO - 
======================================================================
[COLLECT] Computers & Accessories
2025-11-30 15:55:07,929 - INFO - [PAGE] 1/3...
2025-11-30 15:55:07,929 - INFO - [RapidAPI] Fetching products: category=976392031, page=1, country=IN
2025-11-30 15:55:08,248 - ERROR - [RapidAPI] HTTP 429: Too Many Requests
2025-11-30 15:55:08,248 - ERROR - [RapidAPI] Response: {"message":"You have exceeded the MONTHLY quota for Requests on your current plan, BASIC. Upgrade your plan at https:\/\/rapidapi.com\/letscrape-6bRBa3QguO5\/api\/real-time-amazon-data"}
2025-11-30 15:55:08,248 - INFO - [RESULT] 0 products saved
2025-11-30 15:55:11,249 - INFO - 
[PROGRESS] Category 4/6
2025-11-30 15:55:11,249 - INFO - 
======================================================================
[COLLECT] Cell Phones
2025-11-30 15:55:11,249 - INFO - [PAGE] 1/3...
2025-11-30 15:55:11,249 - INFO - [RapidAPI] Fetching products: category=1389401031, page=1, country=IN
2025-11-30 15:55:11,567 - ERROR - [RapidAPI] HTTP 429: Too Many Requests
2025-11-30 15:55:11,567 - ERROR - [RapidAPI] Response: {"message":"You have exceeded the MONTHLY quota for Requests on your current plan, BASIC. Upgrade your plan at https:\/\/rapidapi.com\/letscrape-6bRBa3QguO5\/api\/real-time-amazon-data"}
2025-11-30 15:55:11,568 - INFO - [RESULT] 0 products saved
2025-11-30 15:55:14,568 - INFO - 
[PROGRESS] Category 5/6
2025-11-30 15:55:14,568 - INFO - 
======================================================================
[COLLECT] Toys & Games
2025-11-30 15:55:14,568 - INFO - [PAGE] 1/3...
2025-11-30 15:55:14,568 - INFO - [RapidAPI] Fetching products: category=1350387031, page=1, country=IN
2025-11-30 15:55:14,947 - ERROR - [RapidAPI] HTTP 429: Too Many Requests
2025-11-30 15:55:14,947 - ERROR - [RapidAPI] Response: {"message":"You have exceeded the MONTHLY quota for Requests on your current plan, BASIC. Upgrade your plan at https:\/\/rapidapi.com\/letscrape-6bRBa3QguO5\/api\/real-time-amazon-data"}
2025-11-30 15:55:14,947 - INFO - [RESULT] 0 products saved
2025-11-30 15:55:17,948 - INFO - 
[PROGRESS] Category 6/6
2025-11-30 15:55:17,948 - INFO - 
======================================================================
[COLLECT] Health & Personal Care
2025-11-30 15:55:17,948 - INFO - [PAGE] 1/3...
2025-11-30 15:55:17,948 - INFO - [RapidAPI] Fetching products: category=1350384031, page=1, country=IN
2025-11-30 15:55:18,280 - ERROR - [RapidAPI] HTTP 429: Too Many Requests
2025-11-30 15:55:18,280 - ERROR - [RapidAPI] Response: {"message":"You have exceeded the MONTHLY quota for Requests on your current plan, BASIC. Upgrade your plan at https:\/\/rapidapi.com\/letscrape-6bRBa3QguO5\/api\/real-time-amazon-data"}
2025-11-30 15:55:18,281 - INFO - [RESULT] 0 products saved
2025-11-30 15:55:18,284 - INFO - 
[STATS] Products: 1227, ASINs: 1127
2025-11-30 15:55:18,285 - INFO - [ANALYTICS] Avg Price: ₹1585.29
2025-11-30 15:55:18,285 - INFO - [ANALYTICS] Avg Sales: 159,975,945
2025-11-30 15:55:18,285 - INFO - [COMPLETE] 0 products collected
2025-11-30 15:55:18,285 - INFO - [DB] Disconnected
2025-12-01 15:55:01,998 - INFO - [CONFIG] ✓ Loaded
2025-12-01 15:55:01,998 - INFO - [RapidAPI] Client initialized for host: real-time-amazon-data.p.rapidapi.com
2025-12-01 15:55:01,999 - INFO - [START] Collection starting
2025-12-01 15:55:01,999 - INFO - [DB] Connecting (1/3)...
2025-12-01 15:55:02,021 - INFO - [DB] ✓ Connected
2025-12-01 15:55:02,030 - INFO - [DB] ✓ Tables ready
2025-12-01 15:55:02,030 - INFO - [MODE] Using DATABASE
2025-12-01 15:55:02,030 - INFO - 
[PROGRESS] Category 1/6
2025-12-01 15:55:02,030 - INFO - 
======================================================================
[COLLECT] Baby Products
2025-12-01 15:55:02,030 - INFO - [PAGE] 1/3...
2025-12-01 15:55:02,030 - INFO - [RapidAPI] Fetching products: category=1350380031, page=1, country=IN
2025-12-01 15:55:02,499 - ERROR - [RapidAPI] HTTP 429: Too Many Requests
2025-12-01 15:55:02,499 - ERROR - [RapidAPI] Response: {"message":"You have exceeded the MONTHLY quota for Requests on your current plan, BASIC. Upgrade your plan at https:\/\/rapidapi.com\/letscrape-6bRBa3QguO5\/api\/real-time-amazon-data"}
2025-12-01 15:55:02,500 - INFO - [RESULT] 0 products saved
2025-12-01 15:55:05,500 - INFO - 
[PROGRESS] Category 2/6
2025-12-01 15:55:05,500 - INFO - 
======================================================================
[COLLECT] Electronics
2025-12-01 15:55:05,500 - INFO - [PAGE] 1/3...
2025-12-01 15:55:05,500 - INFO - [RapidAPI] Fetching products: category=976419031, page=1, country=IN
2025-12-01 15:55:05,821 - ERROR - [RapidAPI] HTTP 429: Too Many Requests
2025-12-01 15:55:05,821 - ERROR - [RapidAPI] Response: {"message":"You have exceeded the MONTHLY quota for Requests on your current plan, BASIC. Upgrade your plan at https:\/\/rapidapi.com\/letscrape-6bRBa3QguO5\/api\/real-time-amazon-data"}
2025-12-01 15:55:05,822 - INFO - [RESULT] 0 products saved
2025-12-01 15:55:08,822 - INFO - 
[PROGRESS] Category 3/6
2025-12-01 15:55:08,822 - INFO - 
======================================================================
[COLLECT] Computers & Accessories
2025-12-01 15:55:08,822 - INFO - [PAGE] 1/3...
2025-12-01 15:55:08,822 - INFO - [RapidAPI] Fetching products: category=976392031, page=1, country=IN
2025-12-01 15:55:09,181 - ERROR - [RapidAPI] HTTP 429: Too Many Requests
2025-12-01 15:55:09,181 - ERROR - [RapidAPI] Response: {"message":"You have exceeded the MONTHLY quota for Requests on your current plan, BASIC. Upgrade your plan at https:\/\/rapidapi.com\/letscrape-6bRBa3QguO5\/api\/real-time-amazon-data"}
2025-12-01 15:55:09,182 - INFO - [RESULT] 0 products saved
2025-12-01 15:55:12,182 - INFO - 
[PROGRESS] Category 4/6
2025-12-01 15:55:12,182 - INFO - 
======================================================================
[COLLECT] Cell Phones
2025-12-01 15:55:12,182 - INFO - [PAGE] 1/3...
2025-12-01 15:55:12,182 - INFO - [RapidAPI] Fetching products: category=1389401031, page=1, country=IN
2025-12-01 15:55:12,491 - ERROR - [RapidAPI] HTTP 429: Too Many Requests
2025-12-01 15:55:12,491 - ERROR - [RapidAPI] Response: {"message":"You have exceeded the MONTHLY quota for Requests on your current plan, BASIC. Upgrade your plan at https:\/\/rapidapi.com\/letscrape-6bRBa3QguO5\/api\/real-time-amazon-data"}
2025-12-01 15:55:12,492 - INFO - [RESULT] 0 products saved
2025-12-01 15:55:15,492 - INFO - 
[PROGRESS] Category 5/6
2025-12-01 15:55:15,492 - INFO - 
======================================================================
[COLLECT] Toys & Games
2025-12-01 15:55:15,492 - INFO - [PAGE] 1/3...
2025-12-01 15:55:15,492 - INFO - [RapidAPI] Fetching products: category=1350387031, page=1, country=IN
2025-12-01 15:55:15,830 - ERROR - [RapidAPI] HTTP 429: Too Many Requests
2025-12-01 15:55:15,830 - ERROR - [RapidAPI] Response: {"message":"You have exceeded the MONTHLY quota for Requests on your current plan, BASIC. Upgrade your plan at https:\/\/rapidapi.com\/letscrape-6bRBa3QguO5\/api\/real-time-amazon-data"}
2025-12-01 15:55:15,830 - INFO - [RESULT] 0 products saved
2025-12-01 15:55:18,831 - INFO - 
[PROGRESS] Category 6/6
2025-12-01 15:55:18,831 - INFO - 
======================================================================
[COLLECT] Health & Personal Care
2025-12-01 15:55:18,831 - INFO - [PAGE] 1/3...
2025-12-01 15:55:18,831 - INFO - [RapidAPI] Fetching products: category=1350384031, page=1, country=IN
2025-12-01 15:55:19,139 - ERROR - [RapidAPI] HTTP 429: Too Many Requests
2025-12-01 15:55:19,139 - ERROR - [RapidAPI] Response: {"message":"You have exceeded the MONTHLY quota for Requests on your current plan, BASIC. Upgrade your plan at https:\/\/rapidapi.com\/letscrape-6bRBa3QguO5\/api\/real-time-amazon-data"}
2025-12-01 15:55:19,140 - INFO - [RESULT] 0 products saved
2025-12-01 15:55:19,144 - INFO - 
[STATS] Products: 1227, ASINs: 1127
2025-12-01 15:55:19,144 - INFO - [ANALYTICS] Avg Price: ₹1585.29
2025-12-01 15:55:19,144 - INFO - [ANALYTICS] Avg Sales: 159,975,945
2025-12-01 15:55:19,144 - INFO - [COMPLETE] 0 products collected
2025-12-01 15:55:19,144 - INFO - [DB] Disconnected
2025-12-02 15:55:01,254 - INFO - [CONFIG] ✓ Loaded
2025-12-02 15:55:01,254 - INFO - [RapidAPI] Client initialized for host: real-time-amazon-data.p.rapidapi.com
2025-12-02 15:55:01,254 - INFO - [START] Collection starting
2025-12-02 15:55:01,254 - INFO - [DB] Connecting (1/3)...
2025-12-02 15:55:01,263 - INFO - [DB] ✓ Connected
2025-12-02 15:55:01,267 - INFO - [DB] ✓ Tables ready
2025-12-02 15:55:01,267 - INFO - [MODE] Using DATABASE
2025-12-02 15:55:01,267 - INFO - 
[PROGRESS] Category 1/6
2025-12-02 15:55:01,267 - INFO - 
======================================================================
[COLLECT] Baby Products
2025-12-02 15:55:01,267 - INFO - [PAGE] 1/3...
2025-12-02 15:55:01,267 - INFO - [RapidAPI] Fetching products: category=1350380031, page=1, country=IN
2025-12-02 15:55:01,713 - ERROR - [RapidAPI] HTTP 429: Too Many Requests
2025-12-02 15:55:01,713 - ERROR - [RapidAPI] Response: {"message":"You have exceeded the MONTHLY quota for Requests on your current plan, BASIC. Upgrade your plan at https:\/\/rapidapi.com\/letscrape-6bRBa3QguO5\/api\/real-time-amazon-data"}
2025-12-02 15:55:01,713 - INFO - [RESULT] 0 products saved
2025-12-02 15:55:04,713 - INFO - 
[PROGRESS] Category 2/6
2025-12-02 15:55:04,714 - INFO - 
======================================================================
[COLLECT] Electronics
2025-12-02 15:55:04,714 - INFO - [PAGE] 1/3...
2025-12-02 15:55:04,714 - INFO - [RapidAPI] Fetching products: category=976419031, page=1, country=IN
2025-12-02 15:55:05,153 - ERROR - [RapidAPI] HTTP 429: Too Many Requests
2025-12-02 15:55:05,153 - ERROR - [RapidAPI] Response: {"message":"You have exceeded the MONTHLY quota for Requests on your current plan, BASIC. Upgrade your plan at https:\/\/rapidapi.com\/letscrape-6bRBa3QguO5\/api\/real-time-amazon-data"}
2025-12-02 15:55:05,154 - INFO - [RESULT] 0 products saved
2025-12-02 15:55:08,154 - INFO - 
[PROGRESS] Category 3/6
2025-12-02 15:55:08,154 - INFO - 
======================================================================
[COLLECT] Computers & Accessories
2025-12-02 15:55:08,154 - INFO - [PAGE] 1/3...
2025-12-02 15:55:08,155 - INFO - [RapidAPI] Fetching products: category=976392031, page=1, country=IN
2025-12-02 15:55:08,532 - ERROR - [RapidAPI] HTTP 429: Too Many Requests
2025-12-02 15:55:08,532 - ERROR - [RapidAPI] Response: {"message":"You have exceeded the MONTHLY quota for Requests on your current plan, BASIC. Upgrade your plan at https:\/\/rapidapi.com\/letscrape-6bRBa3QguO5\/api\/real-time-amazon-data"}
2025-12-02 15:55:08,533 - INFO - [RESULT] 0 products saved
2025-12-02 15:55:11,534 - INFO - 
[PROGRESS] Category 4/6
2025-12-02 15:55:11,534 - INFO - 
======================================================================
[COLLECT] Cell Phones
2025-12-02 15:55:11,534 - INFO - [PAGE] 1/3...
2025-12-02 15:55:11,534 - INFO - [RapidAPI] Fetching products: category=1389401031, page=1, country=IN
2025-12-02 15:55:11,876 - ERROR - [RapidAPI] HTTP 429: Too Many Requests
2025-12-02 15:55:11,877 - ERROR - [RapidAPI] Response: {"message":"You have exceeded the MONTHLY quota for Requests on your current plan, BASIC. Upgrade your plan at https:\/\/rapidapi.com\/letscrape-6bRBa3QguO5\/api\/real-time-amazon-data"}
2025-12-02 15:55:11,878 - INFO - [RESULT] 0 products saved
2025-12-02 15:55:14,878 - INFO - 
[PROGRESS] Category 5/6
2025-12-02 15:55:14,878 - INFO - 
======================================================================
[COLLECT] Toys & Games
2025-12-02 15:55:14,878 - INFO - [PAGE] 1/3...
2025-12-02 15:55:14,878 - INFO - [RapidAPI] Fetching products: category=1350387031, page=1, country=IN
2025-12-02 15:55:15,317 - ERROR - [RapidAPI] HTTP 429: Too Many Requests
2025-12-02 15:55:15,317 - ERROR - [RapidAPI] Response: {"message":"You have exceeded the MONTHLY quota for Requests on your current plan, BASIC. Upgrade your plan at https:\/\/rapidapi.com\/letscrape-6bRBa3QguO5\/api\/real-time-amazon-data"}
2025-12-02 15:55:15,318 - INFO - [RESULT] 0 products saved
2025-12-02 15:55:18,319 - INFO - 
[PROGRESS] Category 6/6
2025-12-02 15:55:18,319 - INFO - 
======================================================================
[COLLECT] Health & Personal Care
2025-12-02 15:55:18,319 - INFO - [PAGE] 1/3...
2025-12-02 15:55:18,319 - INFO - [RapidAPI] Fetching products: category=1350384031, page=1, country=IN
2025-12-02 15:55:18,692 - ERROR - [RapidAPI] HTTP 429: Too Many Requests
2025-12-02 15:55:18,692 - ERROR - [RapidAPI] Response: {"message":"You have exceeded the MONTHLY quota for Requests on your current plan, BASIC. Upgrade your plan at https:\/\/rapidapi.com\/letscrape-6bRBa3QguO5\/api\/real-time-amazon-data"}
2025-12-02 15:55:18,693 - INFO - [RESULT] 0 products saved
2025-12-02 15:55:18,699 - INFO - 
[STATS] Products: 1227, ASINs: 1127
2025-12-02 15:55:18,699 - INFO - [ANALYTICS] Avg Price: ₹1585.29
2025-12-02 15:55:18,699 - INFO - [ANALYTICS] Avg Sales: 159,975,945
2025-12-02 15:55:18,699 - INFO - [COMPLETE] 0 products collected
2025-12-02 15:55:18,699 - INFO - [DB] Disconnected
2025-12-03 15:55:01,797 - INFO - [CONFIG] ✓ Loaded
2025-12-03 15:55:01,797 - INFO - [RapidAPI] Client initialized for host: real-time-amazon-data.p.rapidapi.com
2025-12-03 15:55:01,797 - INFO - [START] Collection starting
2025-12-03 15:55:01,797 - INFO - [DB] Connecting (1/3)...
2025-12-03 15:55:01,806 - INFO - [DB] ✓ Connected
2025-12-03 15:55:01,810 - INFO - [DB] ✓ Tables ready
2025-12-03 15:55:01,810 - INFO - [MODE] Using DATABASE
2025-12-03 15:55:01,810 - INFO - 
[PROGRESS] Category 1/6
2025-12-03 15:55:01,810 - INFO - 
======================================================================
[COLLECT] Baby Products
2025-12-03 15:55:01,810 - INFO - [PAGE] 1/3...
2025-12-03 15:55:01,811 - INFO - [RapidAPI] Fetching products: category=1350380031, page=1, country=IN
2025-12-03 15:55:02,341 - ERROR - [RapidAPI] HTTP 429: Too Many Requests
2025-12-03 15:55:02,341 - ERROR - [RapidAPI] Response: {"message":"You have exceeded the MONTHLY quota for Requests on your current plan, BASIC. Upgrade your plan at https:\/\/rapidapi.com\/letscrape-6bRBa3QguO5\/api\/real-time-amazon-data"}
2025-12-03 15:55:02,342 - INFO - [RESULT] 0 products saved
2025-12-03 15:55:05,342 - INFO - 
[PROGRESS] Category 2/6
2025-12-03 15:55:05,342 - INFO - 
======================================================================
[COLLECT] Electronics
2025-12-03 15:55:05,342 - INFO - [PAGE] 1/3...
2025-12-03 15:55:05,342 - INFO - [RapidAPI] Fetching products: category=976419031, page=1, country=IN
2025-12-03 15:55:05,765 - ERROR - [RapidAPI] HTTP 429: Too Many Requests
2025-12-03 15:55:05,765 - ERROR - [RapidAPI] Response: {"message":"You have exceeded the MONTHLY quota for Requests on your current plan, BASIC. Upgrade your plan at https:\/\/rapidapi.com\/letscrape-6bRBa3QguO5\/api\/real-time-amazon-data"}
2025-12-03 15:55:05,766 - INFO - [RESULT] 0 products saved
2025-12-03 15:55:08,766 - INFO - 
[PROGRESS] Category 3/6
2025-12-03 15:55:08,766 - INFO - 
======================================================================
[COLLECT] Computers & Accessories
2025-12-03 15:55:08,766 - INFO - [PAGE] 1/3...
2025-12-03 15:55:08,766 - INFO - [RapidAPI] Fetching products: category=976392031, page=1, country=IN
2025-12-03 15:55:09,077 - ERROR - [RapidAPI] HTTP 429: Too Many Requests
2025-12-03 15:55:09,077 - ERROR - [RapidAPI] Response: {"message":"You have exceeded the MONTHLY quota for Requests on your current plan, BASIC. Upgrade your plan at https:\/\/rapidapi.com\/letscrape-6bRBa3QguO5\/api\/real-time-amazon-data"}
2025-12-03 15:55:09,077 - INFO - [RESULT] 0 products saved
2025-12-03 15:55:12,078 - INFO - 
[PROGRESS] Category 4/6
2025-12-03 15:55:12,078 - INFO - 
======================================================================
[COLLECT] Cell Phones
2025-12-03 15:55:12,078 - INFO - [PAGE] 1/3...
2025-12-03 15:55:12,078 - INFO - [RapidAPI] Fetching products: category=1389401031, page=1, country=IN
2025-12-03 15:55:12,395 - ERROR - [RapidAPI] HTTP 429: Too Many Requests
2025-12-03 15:55:12,395 - ERROR - [RapidAPI] Response: {"message":"You have exceeded the MONTHLY quota for Requests on your current plan, BASIC. Upgrade your plan at https:\/\/rapidapi.com\/letscrape-6bRBa3QguO5\/api\/real-time-amazon-data"}
2025-12-03 15:55:12,396 - INFO - [RESULT] 0 products saved
2025-12-03 15:55:15,396 - INFO - 
[PROGRESS] Category 5/6
2025-12-03 15:55:15,396 - INFO - 
======================================================================
[COLLECT] Toys & Games
2025-12-03 15:55:15,396 - INFO - [PAGE] 1/3...
2025-12-03 15:55:15,396 - INFO - [RapidAPI] Fetching products: category=1350387031, page=1, country=IN
2025-12-03 15:55:15,715 - ERROR - [RapidAPI] HTTP 429: Too Many Requests
2025-12-03 15:55:15,715 - ERROR - [RapidAPI] Response: {"message":"You have exceeded the MONTHLY quota for Requests on your current plan, BASIC. Upgrade your plan at https:\/\/rapidapi.com\/letscrape-6bRBa3QguO5\/api\/real-time-amazon-data"}
2025-12-03 15:55:15,715 - INFO - [RESULT] 0 products saved
2025-12-03 15:55:18,716 - INFO - 
[PROGRESS] Category 6/6
2025-12-03 15:55:18,716 - INFO - 
======================================================================
[COLLECT] Health & Personal Care
2025-12-03 15:55:18,716 - INFO - [PAGE] 1/3...
2025-12-03 15:55:18,716 - INFO - [RapidAPI] Fetching products: category=1350384031, page=1, country=IN
2025-12-03 15:55:19,073 - ERROR - [RapidAPI] HTTP 429: Too Many Requests
2025-12-03 15:55:19,073 - ERROR - [RapidAPI] Response: {"message":"You have exceeded the MONTHLY quota for Requests on your current plan, BASIC. Upgrade your plan at https:\/\/rapidapi.com\/letscrape-6bRBa3QguO5\/api\/real-time-amazon-data"}
2025-12-03 15:55:19,073 - INFO - [RESULT] 0 products saved
2025-12-03 15:55:19,077 - INFO - 
[STATS] Products: 1227, ASINs: 1127
2025-12-03 15:55:19,077 - INFO - [ANALYTICS] Avg Price: ₹1585.29
2025-12-03 15:55:19,077 - INFO - [ANALYTICS] Avg Sales: 159,975,945
2025-12-03 15:55:19,077 - INFO - [COMPLETE] 0 products collected
2025-12-03 15:55:19,078 - INFO - [DB] Disconnected
2025-12-04 15:55:01,178 - INFO - [CONFIG] ✓ Loaded
2025-12-04 15:55:01,178 - INFO - [RapidAPI] Client initialized for host: real-time-amazon-data.p.rapidapi.com
2025-12-04 15:55:01,178 - INFO - [START] Collection starting
2025-12-04 15:55:01,178 - INFO - [DB] Connecting (1/3)...
2025-12-04 15:55:01,187 - INFO - [DB] ✓ Connected
2025-12-04 15:55:01,191 - INFO - [DB] ✓ Tables ready
2025-12-04 15:55:01,191 - INFO - [MODE] Using DATABASE
2025-12-04 15:55:01,191 - INFO - 
[PROGRESS] Category 1/6
2025-12-04 15:55:01,192 - INFO - 
======================================================================
[COLLECT] Baby Products
2025-12-04 15:55:01,192 - INFO - [PAGE] 1/3...
2025-12-04 15:55:01,192 - INFO - [RapidAPI] Fetching products: category=1350380031, page=1, country=IN
2025-12-04 15:55:06,930 - INFO - [RapidAPI] ✓ Success: 24 products (total available: 72350)
2025-12-04 15:55:06,947 - INFO - [DB] ✓ Saved 24 products with analytics
2025-12-04 15:55:06,948 - INFO - [SAVED] ✓ 24 products
2025-12-04 15:55:08,948 - INFO - [PAGE] 2/3...
2025-12-04 15:55:08,948 - INFO - [RapidAPI] Fetching products: category=1350380031, page=2, country=IN
2025-12-04 15:55:12,122 - INFO - [RapidAPI] ✓ Success: 24 products (total available: 72350)
2025-12-04 15:55:12,129 - INFO - [DB] ✓ Saved 24 products with analytics
2025-12-04 15:55:12,129 - INFO - [SAVED] ✓ 24 products
2025-12-04 15:55:14,129 - INFO - [PAGE] 3/3...
2025-12-04 15:55:14,129 - INFO - [RapidAPI] Fetching products: category=1350380031, page=3, country=IN
2025-12-04 15:55:17,205 - INFO - [RapidAPI] ✓ Success: 24 products (total available: 72350)
2025-12-04 15:55:17,212 - INFO - [DB] ✓ Saved 24 products with analytics
2025-12-04 15:55:17,213 - INFO - [SAVED] ✓ 24 products
2025-12-04 15:55:17,213 - INFO - [RESULT] 72 products saved
2025-12-04 15:55:20,213 - INFO - 
[PROGRESS] Category 2/6
2025-12-04 15:55:20,213 - INFO - 
======================================================================
[COLLECT] Electronics
2025-12-04 15:55:20,213 - INFO - [PAGE] 1/3...
2025-12-04 15:55:20,213 - INFO - [RapidAPI] Fetching products: category=976419031, page=1, country=IN
2025-12-04 15:55:23,182 - INFO - [RapidAPI] ✓ Success: 24 products (total available: 76161)
2025-12-04 15:55:23,191 - INFO - [DB] ✓ Saved 24 products with analytics
2025-12-04 15:55:23,191 - INFO - [SAVED] ✓ 24 products
2025-12-04 15:55:25,191 - INFO - [PAGE] 2/3...
2025-12-04 15:55:25,192 - INFO - [RapidAPI] Fetching products: category=976419031, page=2, country=IN
2025-12-04 15:55:28,176 - INFO - [RapidAPI] ✓ Success: 24 products (total available: 75441)
2025-12-04 15:55:28,183 - INFO - [DB] ✓ Saved 24 products with analytics
2025-12-04 15:55:28,183 - INFO - [SAVED] ✓ 24 products
2025-12-04 15:55:30,184 - INFO - [PAGE] 3/3...
2025-12-04 15:55:30,184 - INFO - [RapidAPI] Fetching products: category=976419031, page=3, country=IN
2025-12-04 15:55:33,078 - INFO - [RapidAPI] ✓ Success: 24 products (total available: 75441)
2025-12-04 15:55:33,085 - INFO - [DB] ✓ Saved 24 products with analytics
2025-12-04 15:55:33,085 - INFO - [SAVED] ✓ 24 products
2025-12-04 15:55:33,085 - INFO - [RESULT] 72 products saved
2025-12-04 15:55:36,085 - INFO - 
[PROGRESS] Category 3/6
2025-12-04 15:55:36,085 - INFO - 
======================================================================
[COLLECT] Computers & Accessories
2025-12-04 15:55:36,085 - INFO - [PAGE] 1/3...
2025-12-04 15:55:36,085 - INFO - [RapidAPI] Fetching products: category=976392031, page=1, country=IN
2025-12-04 15:55:39,312 - INFO - [RapidAPI] ✓ Success: 24 products (total available: 73876)
2025-12-04 15:55:39,319 - INFO - [DB] ✓ Saved 24 products with analytics
2025-12-04 15:55:39,319 - INFO - [SAVED] ✓ 24 products
2025-12-04 15:55:41,319 - INFO - [PAGE] 2/3...
2025-12-04 15:55:41,320 - INFO - [RapidAPI] Fetching products: category=976392031, page=2, country=IN
2025-12-04 15:55:44,203 - INFO - [RapidAPI] ✓ Success: 24 products (total available: 73876)
2025-12-04 15:55:44,210 - INFO - [DB] ✓ Saved 24 products with analytics
2025-12-04 15:55:44,210 - INFO - [SAVED] ✓ 24 products
2025-12-04 15:55:46,210 - INFO - [PAGE] 3/3...
2025-12-04 15:55:46,210 - INFO - [RapidAPI] Fetching products: category=976392031, page=3, country=IN
2025-12-04 15:55:49,461 - INFO - [RapidAPI] ✓ Success: 24 products (total available: 73876)
2025-12-04 15:55:49,468 - INFO - [DB] ✓ Saved 24 products with analytics
2025-12-04 15:55:49,468 - INFO - [SAVED] ✓ 24 products
2025-12-04 15:55:49,468 - INFO - [RESULT] 72 products saved
2025-12-04 15:55:52,468 - INFO - 
[PROGRESS] Category 4/6
2025-12-04 15:55:52,468 - INFO - 
======================================================================
[COLLECT] Cell Phones
2025-12-04 15:55:52,468 - INFO - [PAGE] 1/3...
2025-12-04 15:55:52,468 - INFO - [RapidAPI] Fetching products: category=1389401031, page=1, country=IN
2025-12-04 15:55:55,344 - INFO - [RapidAPI] ✓ Success: 24 products (total available: 72350)
2025-12-04 15:55:55,354 - INFO - [DB] ✓ Saved 24 products with analytics
2025-12-04 15:55:55,354 - INFO - [SAVED] ✓ 24 products
2025-12-04 15:55:57,354 - INFO - [PAGE] 2/3...
2025-12-04 15:55:57,354 - INFO - [RapidAPI] Fetching products: category=1389401031, page=2, country=IN
2025-12-04 15:56:00,316 - INFO - [RapidAPI] ✓ Success: 24 products (total available: 72350)
2025-12-04 15:56:00,322 - INFO - [DB] ✓ Saved 24 products with analytics
2025-12-04 15:56:00,322 - INFO - [SAVED] ✓ 24 products
2025-12-04 15:56:02,323 - INFO - [PAGE] 3/3...
2025-12-04 15:56:02,323 - INFO - [RapidAPI] Fetching products: category=1389401031, page=3, country=IN
2025-12-04 15:56:05,960 - INFO - [RapidAPI] ✓ Success: 24 products (total available: 72350)
2025-12-04 15:56:05,966 - INFO - [DB] ✓ Saved 24 products with analytics
2025-12-04 15:56:05,966 - INFO - [SAVED] ✓ 24 products
2025-12-04 15:56:05,966 - INFO - [RESULT] 72 products saved
2025-12-04 15:56:08,967 - INFO - 
[PROGRESS] Category 5/6
2025-12-04 15:56:08,967 - INFO - 
======================================================================
[COLLECT] Toys & Games
2025-12-04 15:56:08,967 - INFO - [PAGE] 1/3...
2025-12-04 15:56:08,967 - INFO - [RapidAPI] Fetching products: category=1350387031, page=1, country=IN
2025-12-04 15:56:12,798 - INFO - [RapidAPI] ✓ Success: 48 products (total available: 46976)
2025-12-04 15:56:12,807 - INFO - [DB] ✓ Saved 48 products with analytics
2025-12-04 15:56:12,807 - INFO - [SAVED] ✓ 48 products
2025-12-04 15:56:14,808 - INFO - [PAGE] 2/3...
2025-12-04 15:56:14,808 - INFO - [RapidAPI] Fetching products: category=1350387031, page=2, country=IN
2025-12-04 15:56:18,243 - INFO - [RapidAPI] ✓ Success: 48 products (total available: 46976)
2025-12-04 15:56:18,252 - INFO - [DB] ✓ Saved 48 products with analytics
2025-12-04 15:56:18,252 - INFO - [SAVED] ✓ 48 products
2025-12-04 15:56:20,252 - INFO - [PAGE] 3/3...
2025-12-04 15:56:20,253 - INFO - [RapidAPI] Fetching products: category=1350387031, page=3, country=IN
2025-12-04 15:56:23,768 - INFO - [RapidAPI] ✓ Success: 48 products (total available: 43671)
2025-12-04 15:56:23,776 - INFO - [DB] ✓ Saved 48 products with analytics
2025-12-04 15:56:23,777 - INFO - [SAVED] ✓ 48 products
2025-12-04 15:56:23,777 - INFO - [RESULT] 144 products saved
2025-12-04 15:56:26,777 - INFO - 
[PROGRESS] Category 6/6
2025-12-04 15:56:26,777 - INFO - 
======================================================================
[COLLECT] Health & Personal Care
2025-12-04 15:56:26,777 - INFO - [PAGE] 1/3...
2025-12-04 15:56:26,777 - INFO - [RapidAPI] Fetching products: category=1350384031, page=1, country=IN
2025-12-04 15:56:29,912 - INFO - [RapidAPI] ✓ Success: 24 products (total available: 76742)
2025-12-04 15:56:29,918 - INFO - [DB] ✓ Saved 24 products with analytics
2025-12-04 15:56:29,918 - INFO - [SAVED] ✓ 24 products
2025-12-04 15:56:31,919 - INFO - [PAGE] 2/3...
2025-12-04 15:56:31,919 - INFO - [RapidAPI] Fetching products: category=1350384031, page=2, country=IN
2025-12-04 15:56:34,927 - INFO - [RapidAPI] ✓ Success: 24 products (total available: 76742)
2025-12-04 15:56:34,934 - INFO - [DB] ✓ Saved 24 products with analytics
2025-12-04 15:56:34,934 - INFO - [SAVED] ✓ 24 products
2025-12-04 15:56:36,934 - INFO - [PAGE] 3/3...
2025-12-04 15:56:36,934 - INFO - [RapidAPI] Fetching products: category=1350384031, page=3, country=IN
2025-12-04 15:56:40,275 - INFO - [RapidAPI] ✓ Success: 24 products (total available: 76742)
2025-12-04 15:56:40,281 - INFO - [DB] ✓ Saved 24 products with analytics
2025-12-04 15:56:40,281 - INFO - [SAVED] ✓ 24 products
2025-12-04 15:56:40,281 - INFO - [RESULT] 72 products saved
2025-12-04 15:56:40,285 - INFO - 
[STATS] Products: 1346, ASINs: 1230
2025-12-04 15:56:40,285 - INFO - [ANALYTICS] Avg Price: ₹2119.01
2025-12-04 15:56:40,285 - INFO - [ANALYTICS] Avg Sales: 166,062,352
2025-12-04 15:56:40,285 - INFO - [COMPLETE] 504 products collected
2025-12-04 15:56:40,285 - INFO - [DB] Disconnected
2025-12-05 15:55:01,134 - INFO - [CONFIG] ✓ Loaded
2025-12-05 15:55:01,135 - INFO - [RapidAPI] Client initialized for host: real-time-amazon-data.p.rapidapi.com
2025-12-05 15:55:01,135 - INFO - [START] Collection starting
2025-12-05 15:55:01,135 - INFO - [DB] Connecting (1/3)...
2025-12-05 15:55:01,156 - INFO - [DB] ✓ Connected
2025-12-05 15:55:01,166 - INFO - [DB] ✓ Tables ready
2025-12-05 15:55:01,166 - INFO - [MODE] Using DATABASE
2025-12-05 15:55:01,166 - INFO - 
[PROGRESS] Category 1/6
2025-12-05 15:55:01,167 - INFO - 
======================================================================
[COLLECT] Baby Products
2025-12-05 15:55:01,167 - INFO - [PAGE] 1/3...
2025-12-05 15:55:01,167 - INFO - [RapidAPI] Fetching products: category=1350380031, page=1, country=IN
2025-12-05 15:55:04,793 - INFO - [RapidAPI] ✓ Success: 24 products (total available: 76423)
2025-12-05 15:55:04,807 - INFO - [DB] ✓ Saved 24 products with analytics
2025-12-05 15:55:04,807 - INFO - [SAVED] ✓ 24 products
2025-12-05 15:55:06,807 - INFO - [PAGE] 2/3...
2025-12-05 15:55:06,808 - INFO - [RapidAPI] Fetching products: category=1350380031, page=2, country=IN
2025-12-05 15:55:10,155 - INFO - [RapidAPI] ✓ Success: 24 products (total available: 76423)
2025-12-05 15:55:10,161 - INFO - [DB] ✓ Saved 24 products with analytics
2025-12-05 15:55:10,161 - INFO - [SAVED] ✓ 24 products
2025-12-05 15:55:12,161 - INFO - [PAGE] 3/3...
2025-12-05 15:55:12,161 - INFO - [RapidAPI] Fetching products: category=1350380031, page=3, country=IN
2025-12-05 15:55:15,340 - INFO - [RapidAPI] ✓ Success: 24 products (total available: 76423)
2025-12-05 15:55:15,347 - INFO - [DB] ✓ Saved 24 products with analytics
2025-12-05 15:55:15,347 - INFO - [SAVED] ✓ 24 products
2025-12-05 15:55:15,347 - INFO - [RESULT] 72 products saved
2025-12-05 15:55:18,347 - INFO - 
[PROGRESS] Category 2/6
2025-12-05 15:55:18,347 - INFO - 
======================================================================
[COLLECT] Electronics
2025-12-05 15:55:18,347 - INFO - [PAGE] 1/3...
2025-12-05 15:55:18,347 - INFO - [RapidAPI] Fetching products: category=976419031, page=1, country=IN
2025-12-05 15:55:21,469 - INFO - [RapidAPI] ✓ Success: 24 products (total available: 72488)
2025-12-05 15:55:21,476 - INFO - [DB] ✓ Saved 24 products with analytics
2025-12-05 15:55:21,476 - INFO - [SAVED] ✓ 24 products
2025-12-05 15:55:23,477 - INFO - [PAGE] 2/3...
2025-12-05 15:55:23,477 - INFO - [RapidAPI] Fetching products: category=976419031, page=2, country=IN
2025-12-05 15:55:26,657 - INFO - [RapidAPI] ✓ Success: 24 products (total available: 72488)
2025-12-05 15:55:26,664 - INFO - [DB] ✓ Saved 24 products with analytics
2025-12-05 15:55:26,664 - INFO - [SAVED] ✓ 24 products
2025-12-05 15:55:28,664 - INFO - [PAGE] 3/3...
2025-12-05 15:55:28,664 - INFO - [RapidAPI] Fetching products: category=976419031, page=3, country=IN
2025-12-05 15:55:32,076 - INFO - [RapidAPI] ✓ Success: 24 products (total available: 72488)
2025-12-05 15:55:32,083 - INFO - [DB] ✓ Saved 24 products with analytics
2025-12-05 15:55:32,083 - INFO - [SAVED] ✓ 24 products
2025-12-05 15:55:32,083 - INFO - [RESULT] 72 products saved
2025-12-05 15:55:35,083 - INFO - 
[PROGRESS] Category 3/6
2025-12-05 15:55:35,083 - INFO - 
======================================================================
[COLLECT] Computers & Accessories
2025-12-05 15:55:35,083 - INFO - [PAGE] 1/3...
2025-12-05 15:55:35,083 - INFO - [RapidAPI] Fetching products: category=976392031, page=1, country=IN
2025-12-05 15:55:38,426 - INFO - [RapidAPI] ✓ Success: 24 products (total available: 73444)
2025-12-05 15:55:38,434 - INFO - [DB] ✓ Saved 24 products with analytics
2025-12-05 15:55:38,435 - INFO - [SAVED] ✓ 24 products
2025-12-05 15:55:40,435 - INFO - [PAGE] 2/3...
2025-12-05 15:55:40,435 - INFO - [RapidAPI] Fetching products: category=976392031, page=2, country=IN
2025-12-05 15:55:43,660 - INFO - [RapidAPI] ✓ Success: 24 products (total available: 73444)
2025-12-05 15:55:43,666 - INFO - [DB] ✓ Saved 24 products with analytics
2025-12-05 15:55:43,666 - INFO - [SAVED] ✓ 24 products
2025-12-05 15:55:45,667 - INFO - [PAGE] 3/3...
2025-12-05 15:55:45,667 - INFO - [RapidAPI] Fetching products: category=976392031, page=3, country=IN
2025-12-05 15:55:49,496 - INFO - [RapidAPI] ✓ Success: 24 products (total available: 73444)
2025-12-05 15:55:49,503 - INFO - [DB] ✓ Saved 24 products with analytics
2025-12-05 15:55:49,503 - INFO - [SAVED] ✓ 24 products
2025-12-05 15:55:49,503 - INFO - [RESULT] 72 products saved
2025-12-05 15:55:52,504 - INFO - 
[PROGRESS] Category 4/6
2025-12-05 15:55:52,504 - INFO - 
======================================================================
[COLLECT] Cell Phones
2025-12-05 15:55:52,504 - INFO - [PAGE] 1/3...
2025-12-05 15:55:52,504 - INFO - [RapidAPI] Fetching products: category=1389401031, page=1, country=IN
2025-12-05 15:55:55,341 - INFO - [RapidAPI] ✓ Success: 24 products (total available: 70358)
2025-12-05 15:55:55,350 - INFO - [DB] ✓ Saved 24 products with analytics
2025-12-05 15:55:55,350 - INFO - [SAVED] ✓ 24 products
2025-12-05 15:55:57,351 - INFO - [PAGE] 2/3...
2025-12-05 15:55:57,351 - INFO - [RapidAPI] Fetching products: category=1389401031, page=2, country=IN
2025-12-05 15:56:00,430 - INFO - [RapidAPI] ✓ Success: 24 products (total available: 70358)
2025-12-05 15:56:00,436 - INFO - [DB] ✓ Saved 24 products with analytics
2025-12-05 15:56:00,436 - INFO - [SAVED] ✓ 24 products
2025-12-05 15:56:02,436 - INFO - [PAGE] 3/3...
2025-12-05 15:56:02,436 - INFO - [RapidAPI] Fetching products: category=1389401031, page=3, country=IN
2025-12-05 15:56:05,880 - INFO - [RapidAPI] ✓ Success: 24 products (total available: 70358)
2025-12-05 15:56:05,886 - INFO - [DB] ✓ Saved 24 products with analytics
2025-12-05 15:56:05,886 - INFO - [SAVED] ✓ 24 products
2025-12-05 15:56:05,886 - INFO - [RESULT] 72 products saved
2025-12-05 15:56:08,886 - INFO - 
[PROGRESS] Category 5/6
2025-12-05 15:56:08,886 - INFO - 
======================================================================
[COLLECT] Toys & Games
2025-12-05 15:56:08,886 - INFO - [PAGE] 1/3...
2025-12-05 15:56:08,886 - INFO - [RapidAPI] Fetching products: category=1350387031, page=1, country=IN
2025-12-05 15:56:12,910 - INFO - [RapidAPI] ✓ Success: 48 products (total available: 41252)
2025-12-05 15:56:12,918 - INFO - [DB] ✓ Saved 48 products with analytics
2025-12-05 15:56:12,918 - INFO - [SAVED] ✓ 48 products
2025-12-05 15:56:14,919 - INFO - [PAGE] 2/3...
2025-12-05 15:56:14,919 - INFO - [RapidAPI] Fetching products: category=1350387031, page=2, country=IN
2025-12-05 15:56:18,334 - INFO - [RapidAPI] ✓ Success: 48 products (total available: 41252)
2025-12-05 15:56:18,342 - INFO - [DB] ✓ Saved 48 products with analytics
2025-12-05 15:56:18,342 - INFO - [SAVED] ✓ 48 products
2025-12-05 15:56:20,343 - INFO - [PAGE] 3/3...
2025-12-05 15:56:20,343 - INFO - [RapidAPI] Fetching products: category=1350387031, page=3, country=IN
2025-12-05 15:56:23,868 - INFO - [RapidAPI] ✓ Success: 48 products (total available: 47784)
2025-12-05 15:56:23,877 - INFO - [DB] ✓ Saved 48 products with analytics
2025-12-05 15:56:23,877 - INFO - [SAVED] ✓ 48 products
2025-12-05 15:56:23,877 - INFO - [RESULT] 144 products saved
2025-12-05 15:56:26,877 - INFO - 
[PROGRESS] Category 6/6
2025-12-05 15:56:26,877 - INFO - 
======================================================================
[COLLECT] Health & Personal Care
2025-12-05 15:56:26,877 - INFO - [PAGE] 1/3...
2025-12-05 15:56:26,877 - INFO - [RapidAPI] Fetching products: category=1350384031, page=1, country=IN
2025-12-05 15:56:29,668 - INFO - [RapidAPI] ✓ Success: 24 products (total available: 77578)
2025-12-05 15:56:29,675 - INFO - [DB] ✓ Saved 24 products with analytics
2025-12-05 15:56:29,675 - INFO - [SAVED] ✓ 24 products
2025-12-05 15:56:31,675 - INFO - [PAGE] 2/3...
2025-12-05 15:56:31,675 - INFO - [RapidAPI] Fetching products: category=1350384031, page=2, country=IN
2025-12-05 15:56:35,232 - INFO - [RapidAPI] ✓ Success: 24 products (total available: 76816)
2025-12-05 15:56:35,238 - INFO - [DB] ✓ Saved 24 products with analytics
2025-12-05 15:56:35,238 - INFO - [SAVED] ✓ 24 products
2025-12-05 15:56:37,238 - INFO - [PAGE] 3/3...
2025-12-05 15:56:37,238 - INFO - [RapidAPI] Fetching products: category=1350384031, page=3, country=IN
2025-12-05 15:56:40,540 - INFO - [RapidAPI] ✓ Success: 24 products (total available: 77578)
2025-12-05 15:56:40,546 - INFO - [DB] ✓ Saved 24 products with analytics
2025-12-05 15:56:40,546 - INFO - [SAVED] ✓ 24 products
2025-12-05 15:56:40,546 - INFO - [RESULT] 72 products saved
2025-12-05 15:56:40,550 - INFO - 
[STATS] Products: 1379, ASINs: 1263
2025-12-05 15:56:40,550 - INFO - [ANALYTICS] Avg Price: ₹2132.02
2025-12-05 15:56:40,550 - INFO - [ANALYTICS] Avg Sales: 166,732,972
2025-12-05 15:56:40,550 - INFO - [COMPLETE] 504 products collected
2025-12-05 15:56:40,550 - INFO - [DB] Disconnected
2025-12-06 15:55:01,647 - INFO - [CONFIG] ✓ Loaded
2025-12-06 15:55:01,647 - INFO - [RapidAPI] Client initialized for host: real-time-amazon-data.p.rapidapi.com
2025-12-06 15:55:01,647 - INFO - [START] Collection starting
2025-12-06 15:55:01,647 - INFO - [DB] Connecting (1/3)...
2025-12-06 15:55:01,655 - INFO - [DB] ✓ Connected
2025-12-06 15:55:01,660 - INFO - [DB] ✓ Tables ready
2025-12-06 15:55:01,660 - INFO - [MODE] Using DATABASE
2025-12-06 15:55:01,660 - INFO - 
[PROGRESS] Category 1/6
2025-12-06 15:55:01,660 - INFO - 
======================================================================
[COLLECT] Baby Products
2025-12-06 15:55:01,660 - INFO - [PAGE] 1/3...
2025-12-06 15:55:01,660 - INFO - [RapidAPI] Fetching products: category=1350380031, page=1, country=IN
2025-12-06 15:55:05,770 - INFO - [RapidAPI] ✓ Success: 24 products (total available: 77481)
2025-12-06 15:55:05,777 - INFO - [DB] ✓ Saved 24 products with analytics
2025-12-06 15:55:05,777 - INFO - [SAVED] ✓ 24 products
2025-12-06 15:55:07,778 - INFO - [PAGE] 2/3...
2025-12-06 15:55:07,778 - INFO - [RapidAPI] Fetching products: category=1350380031, page=2, country=IN
2025-12-06 15:55:10,845 - INFO - [RapidAPI] ✓ Success: 24 products (total available: 77481)
2025-12-06 15:55:10,851 - INFO - [DB] ✓ Saved 24 products with analytics
2025-12-06 15:55:10,852 - INFO - [SAVED] ✓ 24 products
2025-12-06 15:55:12,852 - INFO - [PAGE] 3/3...
2025-12-06 15:55:12,852 - INFO - [RapidAPI] Fetching products: category=1350380031, page=3, country=IN
2025-12-06 15:55:16,119 - INFO - [RapidAPI] ✓ Success: 24 products (total available: 77481)
2025-12-06 15:55:16,126 - INFO - [DB] ✓ Saved 24 products with analytics
2025-12-06 15:55:16,126 - INFO - [SAVED] ✓ 24 products
2025-12-06 15:55:16,126 - INFO - [RESULT] 72 products saved
2025-12-06 15:55:19,126 - INFO - 
[PROGRESS] Category 2/6
2025-12-06 15:55:19,126 - INFO - 
======================================================================
[COLLECT] Electronics
2025-12-06 15:55:19,126 - INFO - [PAGE] 1/3...
2025-12-06 15:55:19,126 - INFO - [RapidAPI] Fetching products: category=976419031, page=1, country=IN
2025-12-06 15:55:23,211 - INFO - [RapidAPI] ✓ Success: 24 products (total available: 68827)
2025-12-06 15:55:23,218 - INFO - [DB] ✓ Saved 24 products with analytics
2025-12-06 15:55:23,218 - INFO - [SAVED] ✓ 24 products
2025-12-06 15:55:25,218 - INFO - [PAGE] 2/3...
2025-12-06 15:55:25,218 - INFO - [RapidAPI] Fetching products: category=976419031, page=2, country=IN
2025-12-06 15:55:28,267 - INFO - [RapidAPI] ✓ Success: 24 products (total available: 68827)
2025-12-06 15:55:28,273 - INFO - [DB] ✓ Saved 24 products with analytics
2025-12-06 15:55:28,273 - INFO - [SAVED] ✓ 24 products
2025-12-06 15:55:30,273 - INFO - [PAGE] 3/3...
2025-12-06 15:55:30,274 - INFO - [RapidAPI] Fetching products: category=976419031, page=3, country=IN
2025-12-06 15:55:33,180 - INFO - [RapidAPI] ✓ Success: 24 products (total available: 68827)
2025-12-06 15:55:33,186 - INFO - [DB] ✓ Saved 24 products with analytics
2025-12-06 15:55:33,187 - INFO - [SAVED] ✓ 24 products
2025-12-06 15:55:33,187 - INFO - [RESULT] 72 products saved
2025-12-06 15:55:36,187 - INFO - 
[PROGRESS] Category 3/6
2025-12-06 15:55:36,187 - INFO - 
======================================================================
[COLLECT] Computers & Accessories
2025-12-06 15:55:36,187 - INFO - [PAGE] 1/3...
2025-12-06 15:55:36,187 - INFO - [RapidAPI] Fetching products: category=976392031, page=1, country=IN
2025-12-06 15:55:39,250 - INFO - [RapidAPI] ✓ Success: 24 products (total available: 70583)
2025-12-06 15:55:39,257 - INFO - [DB] ✓ Saved 24 products with analytics
2025-12-06 15:55:39,257 - INFO - [SAVED] ✓ 24 products
2025-12-06 15:55:41,257 - INFO - [PAGE] 2/3...
2025-12-06 15:55:41,257 - INFO - [RapidAPI] Fetching products: category=976392031, page=2, country=IN
2025-12-06 15:55:44,490 - INFO - [RapidAPI] ✓ Success: 24 products (total available: 70583)
2025-12-06 15:55:44,497 - INFO - [DB] ✓ Saved 24 products with analytics
2025-12-06 15:55:44,497 - INFO - [SAVED] ✓ 24 products
2025-12-06 15:55:46,497 - INFO - [PAGE] 3/3...
2025-12-06 15:55:46,497 - INFO - [RapidAPI] Fetching products: category=976392031, page=3, country=IN
2025-12-06 15:55:49,624 - INFO - [RapidAPI] ✓ Success: 24 products (total available: 70583)
2025-12-06 15:55:49,631 - INFO - [DB] ✓ Saved 24 products with analytics
2025-12-06 15:55:49,631 - INFO - [SAVED] ✓ 24 products
2025-12-06 15:55:49,631 - INFO - [RESULT] 72 products saved
2025-12-06 15:55:52,631 - INFO - 
[PROGRESS] Category 4/6
2025-12-06 15:55:52,631 - INFO - 
======================================================================
[COLLECT] Cell Phones
2025-12-06 15:55:52,631 - INFO - [PAGE] 1/3...
2025-12-06 15:55:52,631 - INFO - [RapidAPI] Fetching products: category=1389401031, page=1, country=IN
2025-12-06 15:55:55,545 - INFO - [RapidAPI] ✓ Success: 24 products (total available: 65780)
2025-12-06 15:55:55,551 - INFO - [DB] ✓ Saved 24 products with analytics
2025-12-06 15:55:55,551 - INFO - [SAVED] ✓ 24 products
2025-12-06 15:55:57,551 - INFO - [PAGE] 2/3...
2025-12-06 15:55:57,551 - INFO - [RapidAPI] Fetching products: category=1389401031, page=2, country=IN
2025-12-06 15:56:00,839 - INFO - [RapidAPI] ✓ Success: 24 products (total available: 66983)
2025-12-06 15:56:00,844 - INFO - [DB] ✓ Saved 24 products with analytics
2025-12-06 15:56:00,845 - INFO - [SAVED] ✓ 24 products
2025-12-06 15:56:02,845 - INFO - [PAGE] 3/3...
2025-12-06 15:56:02,845 - INFO - [RapidAPI] Fetching products: category=1389401031, page=3, country=IN
2025-12-06 15:56:05,938 - INFO - [RapidAPI] ✓ Success: 24 products (total available: 65780)
2025-12-06 15:56:05,943 - INFO - [DB] ✓ Saved 24 products with analytics
2025-12-06 15:56:05,943 - INFO - [SAVED] ✓ 24 products
2025-12-06 15:56:05,943 - INFO - [RESULT] 72 products saved
2025-12-06 15:56:08,943 - INFO - 
[PROGRESS] Category 5/6
2025-12-06 15:56:08,943 - INFO - 
======================================================================
[COLLECT] Toys & Games
2025-12-06 15:56:08,944 - INFO - [PAGE] 1/3...
2025-12-06 15:56:08,944 - INFO - [RapidAPI] Fetching products: category=1350387031, page=1, country=IN
2025-12-06 15:56:12,325 - INFO - [RapidAPI] ✓ Success: 48 products (total available: 44139)
2025-12-06 15:56:12,334 - INFO - [DB] ✓ Saved 48 products with analytics
2025-12-06 15:56:12,334 - INFO - [SAVED] ✓ 48 products
2025-12-06 15:56:14,334 - INFO - [PAGE] 2/3...
2025-12-06 15:56:14,334 - INFO - [RapidAPI] Fetching products: category=1350387031, page=2, country=IN
2025-12-06 15:56:17,755 - INFO - [RapidAPI] ✓ Success: 48 products (total available: 44139)
2025-12-06 15:56:17,763 - INFO - [DB] ✓ Saved 48 products with analytics
2025-12-06 15:56:17,763 - INFO - [SAVED] ✓ 48 products
2025-12-06 15:56:19,763 - INFO - [PAGE] 3/3...
2025-12-06 15:56:19,763 - INFO - [RapidAPI] Fetching products: category=1350387031, page=3, country=IN
2025-12-06 15:56:23,187 - INFO - [RapidAPI] ✓ Success: 48 products (total available: 46082)
2025-12-06 15:56:23,197 - INFO - [DB] ✓ Saved 48 products with analytics
2025-12-06 15:56:23,197 - INFO - [SAVED] ✓ 48 products
2025-12-06 15:56:23,197 - INFO - [RESULT] 144 products saved
2025-12-06 15:56:26,197 - INFO - 
[PROGRESS] Category 6/6
2025-12-06 15:56:26,197 - INFO - 
======================================================================
[COLLECT] Health & Personal Care
2025-12-06 15:56:26,197 - INFO - [PAGE] 1/3...
2025-12-06 15:56:26,197 - INFO - [RapidAPI] Fetching products: category=1350384031, page=1, country=IN
2025-12-06 15:56:29,782 - INFO - [RapidAPI] ✓ Success: 24 products (total available: 73481)
2025-12-06 15:56:29,789 - INFO - [DB] ✓ Saved 24 products with analytics
2025-12-06 15:56:29,789 - INFO - [SAVED] ✓ 24 products
2025-12-06 15:56:31,789 - INFO - [PAGE] 2/3...
2025-12-06 15:56:31,789 - INFO - [RapidAPI] Fetching products: category=1350384031, page=2, country=IN
2025-12-06 15:56:35,401 - INFO - [RapidAPI] ✓ Success: 24 products (total available: 73481)
2025-12-06 15:56:35,407 - INFO - [DB] ✓ Saved 24 products with analytics
2025-12-06 15:56:35,407 - INFO - [SAVED] ✓ 24 products
2025-12-06 15:56:37,407 - INFO - [PAGE] 3/3...
2025-12-06 15:56:37,407 - INFO - [RapidAPI] Fetching products: category=1350384031, page=3, country=IN
2025-12-06 15:56:40,542 - INFO - [RapidAPI] ✓ Success: 24 products (total available: 73481)
2025-12-06 15:56:40,548 - INFO - [DB] ✓ Saved 24 products with analytics
2025-12-06 15:56:40,548 - INFO - [SAVED] ✓ 24 products
2025-12-06 15:56:40,548 - INFO - [RESULT] 72 products saved
2025-12-06 15:56:40,551 - INFO - 
[STATS] Products: 1393, ASINs: 1276
2025-12-06 15:56:40,551 - INFO - [ANALYTICS] Avg Price: ₹2147.52
2025-12-06 15:56:40,551 - INFO - [ANALYTICS] Avg Sales: 168,207,055
2025-12-06 15:56:40,551 - INFO - [COMPLETE] 504 products collected
2025-12-06 15:56:40,552 - INFO - [DB] Disconnected
2025-12-07 15:55:01,646 - INFO - [CONFIG] ✓ Loaded
2025-12-07 15:55:01,646 - INFO - [RapidAPI] Client initialized for host: real-time-amazon-data.p.rapidapi.com
2025-12-07 15:55:01,646 - INFO - [START] Collection starting
2025-12-07 15:55:01,646 - INFO - [DB] Connecting (1/3)...
2025-12-07 15:55:01,655 - INFO - [DB] ✓ Connected
2025-12-07 15:55:01,659 - INFO - [DB] ✓ Tables ready
2025-12-07 15:55:01,660 - INFO - [MODE] Using DATABASE
2025-12-07 15:55:01,660 - INFO - 
[PROGRESS] Category 1/6
2025-12-07 15:55:01,660 - INFO - 
======================================================================
[COLLECT] Baby Products
2025-12-07 15:55:01,660 - INFO - [PAGE] 1/3...
2025-12-07 15:55:01,660 - INFO - [RapidAPI] Fetching products: category=1350380031, page=1, country=IN
2025-12-07 15:55:05,733 - INFO - [RapidAPI] ✓ Success: 24 products (total available: 70597)
2025-12-07 15:55:05,740 - INFO - [DB] ✓ Saved 24 products with analytics
2025-12-07 15:55:05,740 - INFO - [SAVED] ✓ 24 products
2025-12-07 15:55:07,740 - INFO - [PAGE] 2/3...
2025-12-07 15:55:07,740 - INFO - [RapidAPI] Fetching products: category=1350380031, page=2, country=IN
2025-12-07 15:55:11,339 - INFO - [RapidAPI] ✓ Success: 24 products (total available: 70597)
2025-12-07 15:55:11,345 - INFO - [DB] ✓ Saved 24 products with analytics
2025-12-07 15:55:11,345 - INFO - [SAVED] ✓ 24 products
2025-12-07 15:55:13,345 - INFO - [PAGE] 3/3...
2025-12-07 15:55:13,345 - INFO - [RapidAPI] Fetching products: category=1350380031, page=3, country=IN
2025-12-07 15:55:17,034 - INFO - [RapidAPI] ✓ Success: 24 products (total available: 70597)
2025-12-07 15:55:17,041 - INFO - [DB] ✓ Saved 24 products with analytics
2025-12-07 15:55:17,041 - INFO - [SAVED] ✓ 24 products
2025-12-07 15:55:17,041 - INFO - [RESULT] 72 products saved
2025-12-07 15:55:20,041 - INFO - 
[PROGRESS] Category 2/6
2025-12-07 15:55:20,041 - INFO - 
======================================================================
[COLLECT] Electronics
2025-12-07 15:55:20,041 - INFO - [PAGE] 1/3...
2025-12-07 15:55:20,041 - INFO - [RapidAPI] Fetching products: category=976419031, page=1, country=IN
2025-12-07 15:55:23,376 - INFO - [RapidAPI] ✓ Success: 24 products (total available: 73255)
2025-12-07 15:55:23,383 - INFO - [DB] ✓ Saved 24 products with analytics
2025-12-07 15:55:23,383 - INFO - [SAVED] ✓ 24 products
2025-12-07 15:55:25,383 - INFO - [PAGE] 2/3...
2025-12-07 15:55:25,383 - INFO - [RapidAPI] Fetching products: category=976419031, page=2, country=IN
2025-12-07 15:55:28,303 - INFO - [RapidAPI] ✓ Success: 24 products (total available: 73255)
2025-12-07 15:55:28,309 - INFO - [DB] ✓ Saved 24 products with analytics
2025-12-07 15:55:28,309 - INFO - [SAVED] ✓ 24 products
2025-12-07 15:55:30,310 - INFO - [PAGE] 3/3...
2025-12-07 15:55:30,310 - INFO - [RapidAPI] Fetching products: category=976419031, page=3, country=IN
2025-12-07 15:55:33,282 - INFO - [RapidAPI] ✓ Success: 24 products (total available: 73212)
2025-12-07 15:55:33,289 - INFO - [DB] ✓ Saved 24 products with analytics
2025-12-07 15:55:33,289 - INFO - [SAVED] ✓ 24 products
2025-12-07 15:55:33,289 - INFO - [RESULT] 72 products saved
2025-12-07 15:55:36,289 - INFO - 
[PROGRESS] Category 3/6
2025-12-07 15:55:36,289 - INFO - 
======================================================================
[COLLECT] Computers & Accessories
2025-12-07 15:55:36,289 - INFO - [PAGE] 1/3...
2025-12-07 15:55:36,289 - INFO - [RapidAPI] Fetching products: category=976392031, page=1, country=IN
2025-12-07 15:55:39,408 - INFO - [RapidAPI] ✓ Success: 24 products (total available: 70766)
2025-12-07 15:55:39,414 - INFO - [DB] ✓ Saved 24 products with analytics
2025-12-07 15:55:39,414 - INFO - [SAVED] ✓ 24 products
2025-12-07 15:55:41,415 - INFO - [PAGE] 2/3...
2025-12-07 15:55:41,415 - INFO - [RapidAPI] Fetching products: category=976392031, page=2, country=IN
2025-12-07 15:55:44,439 - INFO - [RapidAPI] ✓ Success: 24 products (total available: 70766)
2025-12-07 15:55:44,445 - INFO - [DB] ✓ Saved 24 products with analytics
2025-12-07 15:55:44,445 - INFO - [SAVED] ✓ 24 products
2025-12-07 15:55:46,446 - INFO - [PAGE] 3/3...
2025-12-07 15:55:46,446 - INFO - [RapidAPI] Fetching products: category=976392031, page=3, country=IN
2025-12-07 15:55:49,671 - INFO - [RapidAPI] ✓ Success: 24 products (total available: 70766)
2025-12-07 15:55:49,678 - INFO - [DB] ✓ Saved 24 products with analytics
2025-12-07 15:55:49,678 - INFO - [SAVED] ✓ 24 products
2025-12-07 15:55:49,678 - INFO - [RESULT] 72 products saved
2025-12-07 15:55:52,678 - INFO - 
[PROGRESS] Category 4/6
2025-12-07 15:55:52,679 - INFO - 
======================================================================
[COLLECT] Cell Phones
2025-12-07 15:55:52,679 - INFO - [PAGE] 1/3...
2025-12-07 15:55:52,679 - INFO - [RapidAPI] Fetching products: category=1389401031, page=1, country=IN
2025-12-07 15:55:55,755 - INFO - [RapidAPI] ✓ Success: 24 products (total available: 72617)
2025-12-07 15:55:55,761 - INFO - [DB] ✓ Saved 24 products with analytics
2025-12-07 15:55:55,761 - INFO - [SAVED] ✓ 24 products
2025-12-07 15:55:57,762 - INFO - [PAGE] 2/3...
2025-12-07 15:55:57,762 - INFO - [RapidAPI] Fetching products: category=1389401031, page=2, country=IN
2025-12-07 15:56:00,686 - INFO - [RapidAPI] ✓ Success: 24 products (total available: 72617)
2025-12-07 15:56:00,693 - INFO - [DB] ✓ Saved 24 products with analytics
2025-12-07 15:56:00,693 - INFO - [SAVED] ✓ 24 products
2025-12-07 15:56:02,693 - INFO - [PAGE] 3/3...
2025-12-07 15:56:02,693 - INFO - [RapidAPI] Fetching products: category=1389401031, page=3, country=IN
2025-12-07 15:56:05,671 - INFO - [RapidAPI] ✓ Success: 24 products (total available: 72617)
2025-12-07 15:56:05,677 - INFO - [DB] ✓ Saved 24 products with analytics
2025-12-07 15:56:05,677 - INFO - [SAVED] ✓ 24 products
2025-12-07 15:56:05,677 - INFO - [RESULT] 72 products saved
2025-12-07 15:56:08,677 - INFO - 
[PROGRESS] Category 5/6
2025-12-07 15:56:08,677 - INFO - 
======================================================================
[COLLECT] Toys & Games
2025-12-07 15:56:08,677 - INFO - [PAGE] 1/3...
2025-12-07 15:56:08,677 - INFO - [RapidAPI] Fetching products: category=1350387031, page=1, country=IN
2025-12-07 15:56:13,029 - INFO - [RapidAPI] ✓ Success: 48 products (total available: 45005)
2025-12-07 15:56:13,037 - INFO - [DB] ✓ Saved 48 products with analytics
2025-12-07 15:56:13,037 - INFO - [SAVED] ✓ 48 products
2025-12-07 15:56:15,038 - INFO - [PAGE] 2/3...
2025-12-07 15:56:15,038 - INFO - [RapidAPI] Fetching products: category=1350387031, page=2, country=IN
2025-12-07 15:56:18,971 - INFO - [RapidAPI] ✓ Success: 48 products (total available: 45005)
2025-12-07 15:56:18,980 - INFO - [DB] ✓ Saved 48 products with analytics
2025-12-07 15:56:18,980 - INFO - [SAVED] ✓ 48 products
2025-12-07 15:56:20,980 - INFO - [PAGE] 3/3...
2025-12-07 15:56:20,980 - INFO - [RapidAPI] Fetching products: category=1350387031, page=3, country=IN
2025-12-07 15:56:24,257 - INFO - [RapidAPI] ✓ Success: 48 products (total available: 42945)
2025-12-07 15:56:24,266 - INFO - [DB] ✓ Saved 48 products with analytics
2025-12-07 15:56:24,266 - INFO - [SAVED] ✓ 48 products
2025-12-07 15:56:24,266 - INFO - [RESULT] 144 products saved
2025-12-07 15:56:27,266 - INFO - 
[PROGRESS] Category 6/6
2025-12-07 15:56:27,266 - INFO - 
======================================================================
[COLLECT] Health & Personal Care
2025-12-07 15:56:27,266 - INFO - [PAGE] 1/3...
2025-12-07 15:56:27,266 - INFO - [RapidAPI] Fetching products: category=1350384031, page=1, country=IN
2025-12-07 15:56:30,974 - INFO - [RapidAPI] ✓ Success: 24 products (total available: 77229)
2025-12-07 15:56:30,983 - INFO - [DB] ✓ Saved 24 products with analytics
2025-12-07 15:56:30,983 - INFO - [SAVED] ✓ 24 products
2025-12-07 15:56:32,983 - INFO - [PAGE] 2/3...
2025-12-07 15:56:32,983 - INFO - [RapidAPI] Fetching products: category=1350384031, page=2, country=IN
2025-12-07 15:56:36,178 - INFO - [RapidAPI] ✓ Success: 24 products (total available: 77229)
2025-12-07 15:56:36,184 - INFO - [DB] ✓ Saved 24 products with analytics
2025-12-07 15:56:36,184 - INFO - [SAVED] ✓ 24 products
2025-12-07 15:56:38,184 - INFO - [PAGE] 3/3...
2025-12-07 15:56:38,184 - INFO - [RapidAPI] Fetching products: category=1350384031, page=3, country=IN
2025-12-07 15:56:41,278 - INFO - [RapidAPI] ✓ Success: 24 products (total available: 77229)
2025-12-07 15:56:41,283 - INFO - [DB] ✓ Saved 24 products with analytics
2025-12-07 15:56:41,283 - INFO - [SAVED] ✓ 24 products
2025-12-07 15:56:41,283 - INFO - [RESULT] 72 products saved
2025-12-07 15:56:41,287 - INFO - 
[STATS] Products: 1410, ASINs: 1290
2025-12-07 15:56:41,287 - INFO - [ANALYTICS] Avg Price: ₹2155.07
2025-12-07 15:56:41,287 - INFO - [ANALYTICS] Avg Sales: 168,412,698
2025-12-07 15:56:41,287 - INFO - [COMPLETE] 504 products collected
2025-12-07 15:56:41,287 - INFO - [DB] Disconnected
2025-12-08 15:55:01,420 - INFO - [CONFIG] ✓ Loaded
2025-12-08 15:55:01,421 - INFO - [RapidAPI] Client initialized for host: real-time-amazon-data.p.rapidapi.com
2025-12-08 15:55:01,421 - INFO - [START] Collection starting
2025-12-08 15:55:01,421 - INFO - [DB] Connecting (1/3)...
2025-12-08 15:55:01,443 - INFO - [DB] ✓ Connected
2025-12-08 15:55:01,451 - INFO - [DB] ✓ Tables ready
2025-12-08 15:55:01,451 - INFO - [MODE] Using DATABASE
2025-12-08 15:55:01,451 - INFO - 
[PROGRESS] Category 1/6
2025-12-08 15:55:01,451 - INFO - 
======================================================================
[COLLECT] Baby Products
2025-12-08 15:55:01,451 - INFO - [PAGE] 1/3...
2025-12-08 15:55:01,451 - INFO - [RapidAPI] Fetching products: category=1350380031, page=1, country=IN
2025-12-08 15:55:04,503 - INFO - [RapidAPI] ✓ Success: 24 products (total available: 69545)
2025-12-08 15:55:04,515 - INFO - [DB] ✓ Saved 24 products with analytics
2025-12-08 15:55:04,516 - INFO - [SAVED] ✓ 24 products
2025-12-08 15:55:06,516 - INFO - [PAGE] 2/3...
2025-12-08 15:55:06,516 - INFO - [RapidAPI] Fetching products: category=1350380031, page=2, country=IN
2025-12-08 15:55:09,392 - INFO - [RapidAPI] ✓ Success: 24 products (total available: 69545)
2025-12-08 15:55:09,399 - INFO - [DB] ✓ Saved 24 products with analytics
2025-12-08 15:55:09,399 - INFO - [SAVED] ✓ 24 products
2025-12-08 15:55:11,399 - INFO - [PAGE] 3/3...
2025-12-08 15:55:11,399 - INFO - [RapidAPI] Fetching products: category=1350380031, page=3, country=IN
2025-12-08 15:55:14,260 - INFO - [RapidAPI] ✓ Success: 24 products (total available: 69545)
2025-12-08 15:55:14,267 - INFO - [DB] ✓ Saved 24 products with analytics
2025-12-08 15:55:14,267 - INFO - [SAVED] ✓ 24 products
2025-12-08 15:55:14,267 - INFO - [RESULT] 72 products saved
2025-12-08 15:55:17,267 - INFO - 
[PROGRESS] Category 2/6
2025-12-08 15:55:17,268 - INFO - 
======================================================================
[COLLECT] Electronics
2025-12-08 15:55:17,268 - INFO - [PAGE] 1/3...
2025-12-08 15:55:17,268 - INFO - [RapidAPI] Fetching products: category=976419031, page=1, country=IN
2025-12-08 15:55:20,004 - INFO - [RapidAPI] ✓ Success: 24 products (total available: 72777)
2025-12-08 15:55:20,012 - INFO - [DB] ✓ Saved 24 products with analytics
2025-12-08 15:55:20,012 - INFO - [SAVED] ✓ 24 products
2025-12-08 15:55:22,013 - INFO - [PAGE] 2/3...
2025-12-08 15:55:22,013 - INFO - [RapidAPI] Fetching products: category=976419031, page=2, country=IN
2025-12-08 15:55:24,944 - INFO - [RapidAPI] ✓ Success: 24 products (total available: 76510)
2025-12-08 15:55:24,951 - INFO - [DB] ✓ Saved 24 products with analytics
2025-12-08 15:55:24,951 - INFO - [SAVED] ✓ 24 products
2025-12-08 15:55:26,951 - INFO - [PAGE] 3/3...
2025-12-08 15:55:26,951 - INFO - [RapidAPI] Fetching products: category=976419031, page=3, country=IN
2025-12-08 15:55:29,613 - INFO - [RapidAPI] ✓ Success: 24 products (total available: 76510)
2025-12-08 15:55:29,619 - INFO - [DB] ✓ Saved 24 products with analytics
2025-12-08 15:55:29,620 - INFO - [SAVED] ✓ 24 products
2025-12-08 15:55:29,620 - INFO - [RESULT] 72 products saved
2025-12-08 15:55:32,620 - INFO - 
[PROGRESS] Category 3/6
2025-12-08 15:55:32,620 - INFO - 
======================================================================
[COLLECT] Computers & Accessories
2025-12-08 15:55:32,620 - INFO - [PAGE] 1/3...
2025-12-08 15:55:32,620 - INFO - [RapidAPI] Fetching products: category=976392031, page=1, country=IN
2025-12-08 15:55:35,683 - INFO - [RapidAPI] ✓ Success: 24 products (total available: 69171)
2025-12-08 15:55:35,691 - INFO - [DB] ✓ Saved 24 products with analytics
2025-12-08 15:55:35,691 - INFO - [SAVED] ✓ 24 products
2025-12-08 15:55:37,691 - INFO - [PAGE] 2/3...
2025-12-08 15:55:37,691 - INFO - [RapidAPI] Fetching products: category=976392031, page=2, country=IN
2025-12-08 15:55:40,368 - INFO - [RapidAPI] ✓ Success: 24 products (total available: 69171)
2025-12-08 15:55:40,374 - INFO - [DB] ✓ Saved 24 products with analytics
2025-12-08 15:55:40,374 - INFO - [SAVED] ✓ 24 products
2025-12-08 15:55:42,375 - INFO - [PAGE] 3/3...
2025-12-08 15:55:42,375 - INFO - [RapidAPI] Fetching products: category=976392031, page=3, country=IN
2025-12-08 15:55:45,128 - INFO - [RapidAPI] ✓ Success: 24 products (total available: 69171)
2025-12-08 15:55:45,134 - INFO - [DB] ✓ Saved 24 products with analytics
2025-12-08 15:55:45,134 - INFO - [SAVED] ✓ 24 products
2025-12-08 15:55:45,134 - INFO - [RESULT] 72 products saved
2025-12-08 15:55:48,134 - INFO - 
[PROGRESS] Category 4/6
2025-12-08 15:55:48,134 - INFO - 
======================================================================
[COLLECT] Cell Phones
2025-12-08 15:55:48,134 - INFO - [PAGE] 1/3...
2025-12-08 15:55:48,134 - INFO - [RapidAPI] Fetching products: category=1389401031, page=1, country=IN
2025-12-08 15:55:50,861 - INFO - [RapidAPI] ✓ Success: 24 products (total available: 70761)
2025-12-08 15:55:50,873 - INFO - [DB] ✓ Saved 24 products with analytics
2025-12-08 15:55:50,873 - INFO - [SAVED] ✓ 24 products
2025-12-08 15:55:52,873 - INFO - [PAGE] 2/3...
2025-12-08 15:55:52,873 - INFO - [RapidAPI] Fetching products: category=1389401031, page=2, country=IN
2025-12-08 15:55:55,582 - INFO - [RapidAPI] ✓ Success: 24 products (total available: 70761)
2025-12-08 15:55:55,588 - INFO - [DB] ✓ Saved 24 products with analytics
2025-12-08 15:55:55,588 - INFO - [SAVED] ✓ 24 products
2025-12-08 15:55:57,588 - INFO - [PAGE] 3/3...
2025-12-08 15:55:57,588 - INFO - [RapidAPI] Fetching products: category=1389401031, page=3, country=IN
2025-12-08 15:56:00,627 - INFO - [RapidAPI] ✓ Success: 24 products (total available: 70761)
2025-12-08 15:56:00,633 - INFO - [DB] ✓ Saved 24 products with analytics
2025-12-08 15:56:00,633 - INFO - [SAVED] ✓ 24 products
2025-12-08 15:56:00,633 - INFO - [RESULT] 72 products saved
2025-12-08 15:56:03,633 - INFO - 
[PROGRESS] Category 5/6
2025-12-08 15:56:03,633 - INFO - 
======================================================================
[COLLECT] Toys & Games
2025-12-08 15:56:03,633 - INFO - [PAGE] 1/3...
2025-12-08 15:56:03,633 - INFO - [RapidAPI] Fetching products: category=1350387031, page=1, country=IN
2025-12-08 15:56:06,975 - INFO - [RapidAPI] ✓ Success: 48 products (total available: 47176)
2025-12-08 15:56:06,983 - INFO - [DB] ✓ Saved 48 products with analytics
2025-12-08 15:56:06,983 - INFO - [SAVED] ✓ 48 products
2025-12-08 15:56:08,984 - INFO - [PAGE] 2/3...
2025-12-08 15:56:08,984 - INFO - [RapidAPI] Fetching products: category=1350387031, page=2, country=IN
2025-12-08 15:56:11,979 - INFO - [RapidAPI] ✓ Success: 48 products (total available: 47176)
2025-12-08 15:56:11,988 - INFO - [DB] ✓ Saved 48 products with analytics
2025-12-08 15:56:11,988 - INFO - [SAVED] ✓ 48 products
2025-12-08 15:56:13,988 - INFO - [PAGE] 3/3...
2025-12-08 15:56:13,988 - INFO - [RapidAPI] Fetching products: category=1350387031, page=3, country=IN
2025-12-08 15:56:16,777 - INFO - [RapidAPI] ✓ Success: 48 products (total available: 43280)
2025-12-08 15:56:16,785 - INFO - [DB] ✓ Saved 48 products with analytics
2025-12-08 15:56:16,785 - INFO - [SAVED] ✓ 48 products
2025-12-08 15:56:16,785 - INFO - [RESULT] 144 products saved
2025-12-08 15:56:19,785 - INFO - 
[PROGRESS] Category 6/6
2025-12-08 15:56:19,785 - INFO - 
======================================================================
[COLLECT] Health & Personal Care
2025-12-08 15:56:19,785 - INFO - [PAGE] 1/3...
2025-12-08 15:56:19,785 - INFO - [RapidAPI] Fetching products: category=1350384031, page=1, country=IN
2025-12-08 15:56:22,469 - INFO - [RapidAPI] ✓ Success: 24 products (total available: 74494)
2025-12-08 15:56:22,476 - INFO - [DB] ✓ Saved 24 products with analytics
2025-12-08 15:56:22,476 - INFO - [SAVED] ✓ 24 products
2025-12-08 15:56:24,476 - INFO - [PAGE] 2/3...
2025-12-08 15:56:24,476 - INFO - [RapidAPI] Fetching products: category=1350384031, page=2, country=IN
2025-12-08 15:56:27,470 - INFO - [RapidAPI] ✓ Success: 24 products (total available: 74770)
2025-12-08 15:56:27,479 - INFO - [DB] ✓ Saved 24 products with analytics
2025-12-08 15:56:27,479 - INFO - [SAVED] ✓ 24 products
2025-12-08 15:56:29,479 - INFO - [PAGE] 3/3...
2025-12-08 15:56:29,479 - INFO - [RapidAPI] Fetching products: category=1350384031, page=3, country=IN
2025-12-08 15:56:32,383 - INFO - [RapidAPI] ✓ Success: 24 products (total available: 74494)
2025-12-08 15:56:32,390 - INFO - [DB] ✓ Saved 24 products with analytics
2025-12-08 15:56:32,390 - INFO - [SAVED] ✓ 24 products
2025-12-08 15:56:32,390 - INFO - [RESULT] 72 products saved
2025-12-08 15:56:32,393 - INFO - 
[STATS] Products: 1422, ASINs: 1302
2025-12-08 15:56:32,393 - INFO - [ANALYTICS] Avg Price: ₹2152.16
2025-12-08 15:56:32,393 - INFO - [ANALYTICS] Avg Sales: 169,863,261
2025-12-08 15:56:32,393 - INFO - [COMPLETE] 504 products collected
2025-12-08 15:56:32,393 - INFO - [DB] Disconnected
2025-12-10 15:55:01,968 - INFO - [CONFIG] ✓ Loaded
2025-12-10 15:55:01,969 - INFO - [RapidAPI] Client initialized for host: real-time-amazon-data.p.rapidapi.com
2025-12-10 15:55:01,969 - INFO - [START] Collection starting
2025-12-10 15:55:01,969 - INFO - [DB] Connecting (1/3)...
2025-12-10 15:55:01,989 - INFO - [DB] ✓ Connected
2025-12-10 15:55:01,997 - INFO - [DB] ✓ Tables ready
2025-12-10 15:55:01,998 - INFO - [MODE] Using DATABASE
2025-12-10 15:55:01,998 - INFO - 
[PROGRESS] Category 1/6
2025-12-10 15:55:01,998 - INFO - 
======================================================================
[COLLECT] Baby Products
2025-12-10 15:55:01,998 - INFO - [PAGE] 1/3...
2025-12-10 15:55:01,998 - INFO - [RapidAPI] Fetching products: category=1350380031, page=1, country=IN
2025-12-10 15:55:05,035 - INFO - [RapidAPI] ✓ Success: 24 products (total available: 72862)
2025-12-10 15:55:05,046 - INFO - [DB] ✓ Saved 24 products with analytics
2025-12-10 15:55:05,046 - INFO - [SAVED] ✓ 24 products
2025-12-10 15:55:07,046 - INFO - [PAGE] 2/3...
2025-12-10 15:55:07,047 - INFO - [RapidAPI] Fetching products: category=1350380031, page=2, country=IN
2025-12-10 15:55:10,025 - INFO - [RapidAPI] ✓ Success: 24 products (total available: 73421)
2025-12-10 15:55:10,032 - INFO - [DB] ✓ Saved 24 products with analytics
2025-12-10 15:55:10,032 - INFO - [SAVED] ✓ 24 products
2025-12-10 15:55:12,033 - INFO - [PAGE] 3/3...
2025-12-10 15:55:12,033 - INFO - [RapidAPI] Fetching products: category=1350380031, page=3, country=IN
2025-12-10 15:55:14,914 - INFO - [RapidAPI] ✓ Success: 24 products (total available: 72862)
2025-12-10 15:55:14,920 - INFO - [DB] ✓ Saved 24 products with analytics
2025-12-10 15:55:14,920 - INFO - [SAVED] ✓ 24 products
2025-12-10 15:55:14,920 - INFO - [RESULT] 72 products saved
2025-12-10 15:55:17,920 - INFO - 
[PROGRESS] Category 2/6
2025-12-10 15:55:17,920 - INFO - 
======================================================================
[COLLECT] Electronics
2025-12-10 15:55:17,920 - INFO - [PAGE] 1/3...
2025-12-10 15:55:17,920 - INFO - [RapidAPI] Fetching products: category=976419031, page=1, country=IN
2025-12-10 15:55:20,651 - INFO - [RapidAPI] ✓ Success: 24 products (total available: 73220)
2025-12-10 15:55:20,660 - INFO - [DB] ✓ Saved 24 products with analytics
2025-12-10 15:55:20,660 - INFO - [SAVED] ✓ 24 products
2025-12-10 15:55:22,660 - INFO - [PAGE] 2/3...
2025-12-10 15:55:22,660 - INFO - [RapidAPI] Fetching products: category=976419031, page=2, country=IN
2025-12-10 15:55:25,446 - INFO - [RapidAPI] ✓ Success: 24 products (total available: 73220)
2025-12-10 15:55:25,452 - INFO - [DB] ✓ Saved 24 products with analytics
2025-12-10 15:55:25,452 - INFO - [SAVED] ✓ 24 products
2025-12-10 15:55:27,453 - INFO - [PAGE] 3/3...
2025-12-10 15:55:27,453 - INFO - [RapidAPI] Fetching products: category=976419031, page=3, country=IN
2025-12-10 15:55:30,051 - INFO - [RapidAPI] ✓ Success: 24 products (total available: 73379)
2025-12-10 15:55:30,057 - INFO - [DB] ✓ Saved 24 products with analytics
2025-12-10 15:55:30,057 - INFO - [SAVED] ✓ 24 products
2025-12-10 15:55:30,057 - INFO - [RESULT] 72 products saved
2025-12-10 15:55:33,058 - INFO - 
[PROGRESS] Category 3/6
2025-12-10 15:55:33,058 - INFO - 
======================================================================
[COLLECT] Computers & Accessories
2025-12-10 15:55:33,058 - INFO - [PAGE] 1/3...
2025-12-10 15:55:33,058 - INFO - [RapidAPI] Fetching products: category=976392031, page=1, country=IN
2025-12-10 15:55:36,120 - INFO - [RapidAPI] ✓ Success: 24 products (total available: 71756)
2025-12-10 15:55:36,129 - INFO - [DB] ✓ Saved 24 products with analytics
2025-12-10 15:55:36,129 - INFO - [SAVED] ✓ 24 products
2025-12-10 15:55:38,129 - INFO - [PAGE] 2/3...
2025-12-10 15:55:38,129 - INFO - [RapidAPI] Fetching products: category=976392031, page=2, country=IN
2025-12-10 15:55:41,256 - INFO - [RapidAPI] ✓ Success: 24 products (total available: 71589)
2025-12-10 15:55:41,262 - INFO - [DB] ✓ Saved 24 products with analytics
2025-12-10 15:55:41,262 - INFO - [SAVED] ✓ 24 products
2025-12-10 15:55:43,263 - INFO - [PAGE] 3/3...
2025-12-10 15:55:43,263 - INFO - [RapidAPI] Fetching products: category=976392031, page=3, country=IN
2025-12-10 15:55:46,557 - INFO - [RapidAPI] ✓ Success: 24 products (total available: 71756)
2025-12-10 15:55:46,563 - INFO - [DB] ✓ Saved 24 products with analytics
2025-12-10 15:55:46,564 - INFO - [SAVED] ✓ 24 products
2025-12-10 15:55:46,564 - INFO - [RESULT] 72 products saved
2025-12-10 15:55:49,564 - INFO - 
[PROGRESS] Category 4/6
2025-12-10 15:55:49,564 - INFO - 
======================================================================
[COLLECT] Cell Phones
2025-12-10 15:55:49,564 - INFO - [PAGE] 1/3...
2025-12-10 15:55:49,564 - INFO - [RapidAPI] Fetching products: category=1389401031, page=1, country=IN
2025-12-10 15:55:52,620 - INFO - [RapidAPI] ✓ Success: 24 products (total available: 72486)
2025-12-10 15:55:52,629 - INFO - [DB] ✓ Saved 24 products with analytics
2025-12-10 15:55:52,629 - INFO - [SAVED] ✓ 24 products
2025-12-10 15:55:54,630 - INFO - [PAGE] 2/3...
2025-12-10 15:55:54,630 - INFO - [RapidAPI] Fetching products: category=1389401031, page=2, country=IN
2025-12-10 15:55:55,004 - ERROR - [RapidAPI] HTTP 429: Too Many Requests
2025-12-10 15:55:55,004 - ERROR - [RapidAPI] Response: {"message":"You have exceeded the MONTHLY quota for Requests on your current plan, BASIC. Upgrade your plan at https:\/\/rapidapi.com\/letscrape-6bRBa3QguO5\/api\/real-time-amazon-data"}
2025-12-10 15:55:55,004 - INFO - [RESULT] 24 products saved
2025-12-10 15:55:58,005 - INFO - 
[PROGRESS] Category 5/6
2025-12-10 15:55:58,005 - INFO - 
======================================================================
[COLLECT] Toys & Games
2025-12-10 15:55:58,005 - INFO - [PAGE] 1/3...
2025-12-10 15:55:58,005 - INFO - [RapidAPI] Fetching products: category=1350387031, page=1, country=IN
2025-12-10 15:55:58,370 - ERROR - [RapidAPI] HTTP 429: Too Many Requests
2025-12-10 15:55:58,370 - ERROR - [RapidAPI] Response: {"message":"You have exceeded the MONTHLY quota for Requests on your current plan, BASIC. Upgrade your plan at https:\/\/rapidapi.com\/letscrape-6bRBa3QguO5\/api\/real-time-amazon-data"}
2025-12-10 15:55:58,370 - INFO - [RESULT] 0 products saved
2025-12-10 15:56:01,370 - INFO - 
[PROGRESS] Category 6/6
2025-12-10 15:56:01,371 - INFO - 
======================================================================
[COLLECT] Health & Personal Care
2025-12-10 15:56:01,371 - INFO - [PAGE] 1/3...
2025-12-10 15:56:01,371 - INFO - [RapidAPI] Fetching products: category=1350384031, page=1, country=IN
2025-12-10 15:56:01,691 - ERROR - [RapidAPI] HTTP 429: Too Many Requests
2025-12-10 15:56:01,691 - ERROR - [RapidAPI] Response: {"message":"You have exceeded the MONTHLY quota for Requests on your current plan, BASIC. Upgrade your plan at https:\/\/rapidapi.com\/letscrape-6bRBa3QguO5\/api\/real-time-amazon-data"}
2025-12-10 15:56:01,691 - INFO - [RESULT] 0 products saved
2025-12-10 15:56:01,695 - INFO - 
[STATS] Products: 1443, ASINs: 1321
2025-12-10 15:56:01,695 - INFO - [ANALYTICS] Avg Price: ₹2157.95
2025-12-10 15:56:01,695 - INFO - [ANALYTICS] Avg Sales: 170,031,970
2025-12-10 15:56:01,695 - INFO - [COMPLETE] 240 products collected
2025-12-10 15:56:01,696 - INFO - [DB] Disconnected
2025-12-11 15:55:01,369 - INFO - [CONFIG] ✓ Loaded
2025-12-11 15:55:01,370 - INFO - [RapidAPI] Client initialized for host: real-time-amazon-data.p.rapidapi.com
2025-12-11 15:55:01,370 - INFO - [START] Collection starting
2025-12-11 15:55:01,370 - INFO - [DB] Connecting (1/3)...
2025-12-11 15:55:01,390 - INFO - [DB] ✓ Connected
2025-12-11 15:55:01,396 - INFO - [DB] ✓ Tables ready
2025-12-11 15:55:01,396 - INFO - [MODE] Using DATABASE
2025-12-11 15:55:01,396 - INFO - 
[PROGRESS] Category 1/6
2025-12-11 15:55:01,396 - INFO - 
======================================================================
[COLLECT] Baby Products
2025-12-11 15:55:01,396 - INFO - [PAGE] 1/3...
2025-12-11 15:55:01,396 - INFO - [RapidAPI] Fetching products: category=1350380031, page=1, country=IN
2025-12-11 15:55:01,757 - ERROR - [RapidAPI] HTTP 429: Too Many Requests
2025-12-11 15:55:01,757 - ERROR - [RapidAPI] Response: {"message":"You have exceeded the MONTHLY quota for Requests on your current plan, BASIC. Upgrade your plan at https:\/\/rapidapi.com\/letscrape-6bRBa3QguO5\/api\/real-time-amazon-data"}
2025-12-11 15:55:01,758 - INFO - [RESULT] 0 products saved
2025-12-11 15:55:04,758 - INFO - 
[PROGRESS] Category 2/6
2025-12-11 15:55:04,758 - INFO - 
======================================================================
[COLLECT] Electronics
2025-12-11 15:55:04,758 - INFO - [PAGE] 1/3...
2025-12-11 15:55:04,758 - INFO - [RapidAPI] Fetching products: category=976419031, page=1, country=IN
2025-12-11 15:55:05,179 - ERROR - [RapidAPI] HTTP 429: Too Many Requests
2025-12-11 15:55:05,179 - ERROR - [RapidAPI] Response: {"message":"You have exceeded the MONTHLY quota for Requests on your current plan, BASIC. Upgrade your plan at https:\/\/rapidapi.com\/letscrape-6bRBa3QguO5\/api\/real-time-amazon-data"}
2025-12-11 15:55:05,179 - INFO - [RESULT] 0 products saved
2025-12-11 15:55:08,180 - INFO - 
[PROGRESS] Category 3/6
2025-12-11 15:55:08,180 - INFO - 
======================================================================
[COLLECT] Computers & Accessories
2025-12-11 15:55:08,180 - INFO - [PAGE] 1/3...
2025-12-11 15:55:08,180 - INFO - [RapidAPI] Fetching products: category=976392031, page=1, country=IN
2025-12-11 15:55:08,536 - ERROR - [RapidAPI] HTTP 429: Too Many Requests
2025-12-11 15:55:08,536 - ERROR - [RapidAPI] Response: {"message":"You have exceeded the MONTHLY quota for Requests on your current plan, BASIC. Upgrade your plan at https:\/\/rapidapi.com\/letscrape-6bRBa3QguO5\/api\/real-time-amazon-data"}
2025-12-11 15:55:08,537 - INFO - [RESULT] 0 products saved
2025-12-11 15:55:11,537 - INFO - 
[PROGRESS] Category 4/6
2025-12-11 15:55:11,537 - INFO - 
======================================================================
[COLLECT] Cell Phones
2025-12-11 15:55:11,537 - INFO - [PAGE] 1/3...
2025-12-11 15:55:11,537 - INFO - [RapidAPI] Fetching products: category=1389401031, page=1, country=IN
2025-12-11 15:55:11,849 - ERROR - [RapidAPI] HTTP 429: Too Many Requests
2025-12-11 15:55:11,849 - ERROR - [RapidAPI] Response: {"message":"You have exceeded the MONTHLY quota for Requests on your current plan, BASIC. Upgrade your plan at https:\/\/rapidapi.com\/letscrape-6bRBa3QguO5\/api\/real-time-amazon-data"}
2025-12-11 15:55:11,849 - INFO - [RESULT] 0 products saved
2025-12-11 15:55:14,850 - INFO - 
[PROGRESS] Category 5/6
2025-12-11 15:55:14,850 - INFO - 
======================================================================
[COLLECT] Toys & Games
2025-12-11 15:55:14,850 - INFO - [PAGE] 1/3...
2025-12-11 15:55:14,850 - INFO - [RapidAPI] Fetching products: category=1350387031, page=1, country=IN
2025-12-11 15:55:15,160 - ERROR - [RapidAPI] HTTP 429: Too Many Requests
2025-12-11 15:55:15,160 - ERROR - [RapidAPI] Response: {"message":"You have exceeded the MONTHLY quota for Requests on your current plan, BASIC. Upgrade your plan at https:\/\/rapidapi.com\/letscrape-6bRBa3QguO5\/api\/real-time-amazon-data"}
2025-12-11 15:55:15,161 - INFO - [RESULT] 0 products saved
2025-12-11 15:55:18,161 - INFO - 
[PROGRESS] Category 6/6
2025-12-11 15:55:18,161 - INFO - 
======================================================================
[COLLECT] Health & Personal Care
2025-12-11 15:55:18,161 - INFO - [PAGE] 1/3...
2025-12-11 15:55:18,161 - INFO - [RapidAPI] Fetching products: category=1350384031, page=1, country=IN
2025-12-11 15:55:18,480 - ERROR - [RapidAPI] HTTP 429: Too Many Requests
2025-12-11 15:55:18,481 - ERROR - [RapidAPI] Response: {"message":"You have exceeded the MONTHLY quota for Requests on your current plan, BASIC. Upgrade your plan at https:\/\/rapidapi.com\/letscrape-6bRBa3QguO5\/api\/real-time-amazon-data"}
2025-12-11 15:55:18,481 - INFO - [RESULT] 0 products saved
2025-12-11 15:55:18,485 - INFO - 
[STATS] Products: 1443, ASINs: 1321
2025-12-11 15:55:18,486 - INFO - [ANALYTICS] Avg Price: ₹2157.95
2025-12-11 15:55:18,486 - INFO - [ANALYTICS] Avg Sales: 170,031,970
2025-12-11 15:55:18,486 - INFO - [COMPLETE] 0 products collected
2025-12-11 15:55:18,486 - INFO - [DB] Disconnected
2025-12-12 15:55:01,599 - INFO - [CONFIG] ✓ Loaded
2025-12-12 15:55:01,600 - INFO - [RapidAPI] Client initialized for host: real-time-amazon-data.p.rapidapi.com
2025-12-12 15:55:01,600 - INFO - [START] Collection starting
2025-12-12 15:55:01,600 - INFO - [DB] Connecting (1/3)...
2025-12-12 15:55:01,624 - INFO - [DB] ✓ Connected
2025-12-12 15:55:01,628 - INFO - [DB] ✓ Tables ready
2025-12-12 15:55:01,628 - INFO - [MODE] Using DATABASE
2025-12-12 15:55:01,628 - INFO - 
[PROGRESS] Category 1/6
2025-12-12 15:55:01,628 - INFO - 
======================================================================
[COLLECT] Baby Products
2025-12-12 15:55:01,628 - INFO - [PAGE] 1/3...
2025-12-12 15:55:01,628 - INFO - [RapidAPI] Fetching products: category=1350380031, page=1, country=IN
2025-12-12 15:55:02,850 - ERROR - [RapidAPI] HTTP 429: Too Many Requests
2025-12-12 15:55:02,850 - ERROR - [RapidAPI] Response: {"message":"You have exceeded the MONTHLY quota for Requests on your current plan, BASIC. Upgrade your plan at https:\/\/rapidapi.com\/letscrape-6bRBa3QguO5\/api\/real-time-amazon-data"}
2025-12-12 15:55:02,850 - INFO - [RESULT] 0 products saved
2025-12-12 15:55:05,851 - INFO - 
[PROGRESS] Category 2/6
2025-12-12 15:55:05,851 - INFO - 
======================================================================
[COLLECT] Electronics
2025-12-12 15:55:05,851 - INFO - [PAGE] 1/3...
2025-12-12 15:55:05,851 - INFO - [RapidAPI] Fetching products: category=976419031, page=1, country=IN
2025-12-12 15:55:06,604 - ERROR - [RapidAPI] HTTP 429: Too Many Requests
2025-12-12 15:55:06,604 - ERROR - [RapidAPI] Response: {"message":"You have exceeded the MONTHLY quota for Requests on your current plan, BASIC. Upgrade your plan at https:\/\/rapidapi.com\/letscrape-6bRBa3QguO5\/api\/real-time-amazon-data"}
2025-12-12 15:55:06,604 - INFO - [RESULT] 0 products saved
2025-12-12 15:55:09,605 - INFO - 
[PROGRESS] Category 3/6
2025-12-12 15:55:09,605 - INFO - 
======================================================================
[COLLECT] Computers & Accessories
2025-12-12 15:55:09,605 - INFO - [PAGE] 1/3...
2025-12-12 15:55:09,605 - INFO - [RapidAPI] Fetching products: category=976392031, page=1, country=IN
2025-12-12 15:55:10,002 - ERROR - [RapidAPI] HTTP 429: Too Many Requests
2025-12-12 15:55:10,002 - ERROR - [RapidAPI] Response: {"message":"You have exceeded the MONTHLY quota for Requests on your current plan, BASIC. Upgrade your plan at https:\/\/rapidapi.com\/letscrape-6bRBa3QguO5\/api\/real-time-amazon-data"}
2025-12-12 15:55:10,003 - INFO - [RESULT] 0 products saved
2025-12-12 15:55:13,003 - INFO - 
[PROGRESS] Category 4/6
2025-12-12 15:55:13,003 - INFO - 
======================================================================
[COLLECT] Cell Phones
2025-12-12 15:55:13,003 - INFO - [PAGE] 1/3...
2025-12-12 15:55:13,003 - INFO - [RapidAPI] Fetching products: category=1389401031, page=1, country=IN
2025-12-12 15:55:13,403 - ERROR - [RapidAPI] HTTP 429: Too Many Requests
2025-12-12 15:55:13,403 - ERROR - [RapidAPI] Response: {"message":"You have exceeded the MONTHLY quota for Requests on your current plan, BASIC. Upgrade your plan at https:\/\/rapidapi.com\/letscrape-6bRBa3QguO5\/api\/real-time-amazon-data"}
2025-12-12 15:55:13,404 - INFO - [RESULT] 0 products saved
2025-12-12 15:55:16,404 - INFO - 
[PROGRESS] Category 5/6
2025-12-12 15:55:16,404 - INFO - 
======================================================================
[COLLECT] Toys & Games
2025-12-12 15:55:16,404 - INFO - [PAGE] 1/3...
2025-12-12 15:55:16,404 - INFO - [RapidAPI] Fetching products: category=1350387031, page=1, country=IN
2025-12-12 15:55:16,733 - ERROR - [RapidAPI] HTTP 429: Too Many Requests
2025-12-12 15:55:16,733 - ERROR - [RapidAPI] Response: {"message":"You have exceeded the MONTHLY quota for Requests on your current plan, BASIC. Upgrade your plan at https:\/\/rapidapi.com\/letscrape-6bRBa3QguO5\/api\/real-time-amazon-data"}
2025-12-12 15:55:16,733 - INFO - [RESULT] 0 products saved
2025-12-12 15:55:19,733 - INFO - 
[PROGRESS] Category 6/6
2025-12-12 15:55:19,733 - INFO - 
======================================================================
[COLLECT] Health & Personal Care
2025-12-12 15:55:19,734 - INFO - [PAGE] 1/3...
2025-12-12 15:55:19,734 - INFO - [RapidAPI] Fetching products: category=1350384031, page=1, country=IN
2025-12-12 15:55:20,074 - ERROR - [RapidAPI] HTTP 429: Too Many Requests
2025-12-12 15:55:20,074 - ERROR - [RapidAPI] Response: {"message":"You have exceeded the MONTHLY quota for Requests on your current plan, BASIC. Upgrade your plan at https:\/\/rapidapi.com\/letscrape-6bRBa3QguO5\/api\/real-time-amazon-data"}
2025-12-12 15:55:20,074 - INFO - [RESULT] 0 products saved
2025-12-12 15:55:20,079 - INFO - 
[STATS] Products: 1443, ASINs: 1321
2025-12-12 15:55:20,079 - INFO - [ANALYTICS] Avg Price: ₹2157.95
2025-12-12 15:55:20,079 - INFO - [ANALYTICS] Avg Sales: 170,031,970
2025-12-12 15:55:20,079 - INFO - [COMPLETE] 0 products collected
2025-12-12 15:55:20,079 - INFO - [DB] Disconnected
2025-12-13 15:55:01,175 - INFO - [CONFIG] ✓ Loaded
2025-12-13 15:55:01,175 - INFO - [RapidAPI] Client initialized for host: real-time-amazon-data.p.rapidapi.com
2025-12-13 15:55:01,175 - INFO - [START] Collection starting
2025-12-13 15:55:01,175 - INFO - [DB] Connecting (1/3)...
2025-12-13 15:55:01,184 - INFO - [DB] ✓ Connected
2025-12-13 15:55:01,188 - INFO - [DB] ✓ Tables ready
2025-12-13 15:55:01,189 - INFO - [MODE] Using DATABASE
2025-12-13 15:55:01,189 - INFO - 
[PROGRESS] Category 1/6
2025-12-13 15:55:01,189 - INFO - 
======================================================================
[COLLECT] Baby Products
2025-12-13 15:55:01,189 - INFO - [PAGE] 1/3...
2025-12-13 15:55:01,189 - INFO - [RapidAPI] Fetching products: category=1350380031, page=1, country=IN
2025-12-13 15:55:01,811 - ERROR - [RapidAPI] HTTP 429: Too Many Requests
2025-12-13 15:55:01,811 - ERROR - [RapidAPI] Response: {"message":"You have exceeded the MONTHLY quota for Requests on your current plan, BASIC. Upgrade your plan at https:\/\/rapidapi.com\/letscrape-6bRBa3QguO5\/api\/real-time-amazon-data"}
2025-12-13 15:55:01,812 - INFO - [RESULT] 0 products saved
2025-12-13 15:55:04,812 - INFO - 
[PROGRESS] Category 2/6
2025-12-13 15:55:04,812 - INFO - 
======================================================================
[COLLECT] Electronics
2025-12-13 15:55:04,812 - INFO - [PAGE] 1/3...
2025-12-13 15:55:04,812 - INFO - [RapidAPI] Fetching products: category=976419031, page=1, country=IN
2025-12-13 15:55:05,342 - ERROR - [RapidAPI] HTTP 429: Too Many Requests
2025-12-13 15:55:05,342 - ERROR - [RapidAPI] Response: {"message":"You have exceeded the MONTHLY quota for Requests on your current plan, BASIC. Upgrade your plan at https:\/\/rapidapi.com\/letscrape-6bRBa3QguO5\/api\/real-time-amazon-data"}
2025-12-13 15:55:05,343 - INFO - [RESULT] 0 products saved
2025-12-13 15:55:08,343 - INFO - 
[PROGRESS] Category 3/6
2025-12-13 15:55:08,343 - INFO - 
======================================================================
[COLLECT] Computers & Accessories
2025-12-13 15:55:08,343 - INFO - [PAGE] 1/3...
2025-12-13 15:55:08,343 - INFO - [RapidAPI] Fetching products: category=976392031, page=1, country=IN
2025-12-13 15:55:08,757 - ERROR - [RapidAPI] HTTP 429: Too Many Requests
2025-12-13 15:55:08,758 - ERROR - [RapidAPI] Response: {"message":"You have exceeded the MONTHLY quota for Requests on your current plan, BASIC. Upgrade your plan at https:\/\/rapidapi.com\/letscrape-6bRBa3QguO5\/api\/real-time-amazon-data"}
2025-12-13 15:55:08,758 - INFO - [RESULT] 0 products saved
2025-12-13 15:55:11,758 - INFO - 
[PROGRESS] Category 4/6
2025-12-13 15:55:11,758 - INFO - 
======================================================================
[COLLECT] Cell Phones
2025-12-13 15:55:11,759 - INFO - [PAGE] 1/3...
2025-12-13 15:55:11,759 - INFO - [RapidAPI] Fetching products: category=1389401031, page=1, country=IN
2025-12-13 15:55:12,119 - ERROR - [RapidAPI] HTTP 429: Too Many Requests
2025-12-13 15:55:12,119 - ERROR - [RapidAPI] Response: {"message":"You have exceeded the MONTHLY quota for Requests on your current plan, BASIC. Upgrade your plan at https:\/\/rapidapi.com\/letscrape-6bRBa3QguO5\/api\/real-time-amazon-data"}
2025-12-13 15:55:12,119 - INFO - [RESULT] 0 products saved
2025-12-13 15:55:15,120 - INFO - 
[PROGRESS] Category 5/6
2025-12-13 15:55:15,120 - INFO - 
======================================================================
[COLLECT] Toys & Games
2025-12-13 15:55:15,120 - INFO - [PAGE] 1/3...
2025-12-13 15:55:15,120 - INFO - [RapidAPI] Fetching products: category=1350387031, page=1, country=IN
2025-12-13 15:55:15,542 - ERROR - [RapidAPI] HTTP 429: Too Many Requests
2025-12-13 15:55:15,543 - ERROR - [RapidAPI] Response: {"message":"You have exceeded the MONTHLY quota for Requests on your current plan, BASIC. Upgrade your plan at https:\/\/rapidapi.com\/letscrape-6bRBa3QguO5\/api\/real-time-amazon-data"}
2025-12-13 15:55:15,543 - INFO - [RESULT] 0 products saved
2025-12-13 15:55:18,543 - INFO - 
[PROGRESS] Category 6/6
2025-12-13 15:55:18,543 - INFO - 
======================================================================
[COLLECT] Health & Personal Care
2025-12-13 15:55:18,543 - INFO - [PAGE] 1/3...
2025-12-13 15:55:18,543 - INFO - [RapidAPI] Fetching products: category=1350384031, page=1, country=IN
2025-12-13 15:55:18,954 - ERROR - [RapidAPI] HTTP 429: Too Many Requests
2025-12-13 15:55:18,954 - ERROR - [RapidAPI] Response: {"message":"You have exceeded the MONTHLY quota for Requests on your current plan, BASIC. Upgrade your plan at https:\/\/rapidapi.com\/letscrape-6bRBa3QguO5\/api\/real-time-amazon-data"}
2025-12-13 15:55:18,954 - INFO - [RESULT] 0 products saved
2025-12-13 15:55:18,959 - INFO - 
[STATS] Products: 1443, ASINs: 1321
2025-12-13 15:55:18,959 - INFO - [ANALYTICS] Avg Price: ₹2157.95
2025-12-13 15:55:18,959 - INFO - [ANALYTICS] Avg Sales: 170,031,970
2025-12-13 15:55:18,959 - INFO - [COMPLETE] 0 products collected
2025-12-13 15:55:18,959 - INFO - [DB] Disconnected
2025-12-14 15:55:02,061 - INFO - [CONFIG] ✓ Loaded
2025-12-14 15:55:02,061 - INFO - [RapidAPI] Client initialized for host: real-time-amazon-data.p.rapidapi.com
2025-12-14 15:55:02,061 - INFO - [START] Collection starting
2025-12-14 15:55:02,061 - INFO - [DB] Connecting (1/3)...
2025-12-14 15:55:02,070 - INFO - [DB] ✓ Connected
2025-12-14 15:55:02,075 - INFO - [DB] ✓ Tables ready
2025-12-14 15:55:02,075 - INFO - [MODE] Using DATABASE
2025-12-14 15:55:02,075 - INFO - 
[PROGRESS] Category 1/6
2025-12-14 15:55:02,075 - INFO - 
======================================================================
[COLLECT] Baby Products
2025-12-14 15:55:02,075 - INFO - [PAGE] 1/3...
2025-12-14 15:55:02,075 - INFO - [RapidAPI] Fetching products: category=1350380031, page=1, country=IN
2025-12-14 15:55:02,442 - ERROR - [RapidAPI] HTTP 429: Too Many Requests
2025-12-14 15:55:02,442 - ERROR - [RapidAPI] Response: {"message":"You have exceeded the MONTHLY quota for Requests on your current plan, BASIC. Upgrade your plan at https:\/\/rapidapi.com\/letscrape-6bRBa3QguO5\/api\/real-time-amazon-data"}
2025-12-14 15:55:02,443 - INFO - [RESULT] 0 products saved
2025-12-14 15:55:05,443 - INFO - 
[PROGRESS] Category 2/6
2025-12-14 15:55:05,443 - INFO - 
======================================================================
[COLLECT] Electronics
2025-12-14 15:55:05,443 - INFO - [PAGE] 1/3...
2025-12-14 15:55:05,443 - INFO - [RapidAPI] Fetching products: category=976419031, page=1, country=IN
2025-12-14 15:55:05,856 - ERROR - [RapidAPI] HTTP 429: Too Many Requests
2025-12-14 15:55:05,856 - ERROR - [RapidAPI] Response: {"message":"You have exceeded the MONTHLY quota for Requests on your current plan, BASIC. Upgrade your plan at https:\/\/rapidapi.com\/letscrape-6bRBa3QguO5\/api\/real-time-amazon-data"}
2025-12-14 15:55:05,857 - INFO - [RESULT] 0 products saved
2025-12-14 15:55:08,857 - INFO - 
[PROGRESS] Category 3/6
2025-12-14 15:55:08,857 - INFO - 
======================================================================
[COLLECT] Computers & Accessories
2025-12-14 15:55:08,857 - INFO - [PAGE] 1/3...
2025-12-14 15:55:08,857 - INFO - [RapidAPI] Fetching products: category=976392031, page=1, country=IN
2025-12-14 15:55:09,207 - ERROR - [RapidAPI] HTTP 429: Too Many Requests
2025-12-14 15:55:09,207 - ERROR - [RapidAPI] Response: {"message":"You have exceeded the MONTHLY quota for Requests on your current plan, BASIC. Upgrade your plan at https:\/\/rapidapi.com\/letscrape-6bRBa3QguO5\/api\/real-time-amazon-data"}
2025-12-14 15:55:09,207 - INFO - [RESULT] 0 products saved
2025-12-14 15:55:12,208 - INFO - 
[PROGRESS] Category 4/6
2025-12-14 15:55:12,208 - INFO - 
======================================================================
[COLLECT] Cell Phones
2025-12-14 15:55:12,208 - INFO - [PAGE] 1/3...
2025-12-14 15:55:12,208 - INFO - [RapidAPI] Fetching products: category=1389401031, page=1, country=IN
2025-12-14 15:55:12,514 - ERROR - [RapidAPI] HTTP 429: Too Many Requests
2025-12-14 15:55:12,514 - ERROR - [RapidAPI] Response: {"message":"You have exceeded the MONTHLY quota for Requests on your current plan, BASIC. Upgrade your plan at https:\/\/rapidapi.com\/letscrape-6bRBa3QguO5\/api\/real-time-amazon-data"}
2025-12-14 15:55:12,515 - INFO - [RESULT] 0 products saved
2025-12-14 15:55:15,515 - INFO - 
[PROGRESS] Category 5/6
2025-12-14 15:55:15,515 - INFO - 
======================================================================
[COLLECT] Toys & Games
2025-12-14 15:55:15,515 - INFO - [PAGE] 1/3...
2025-12-14 15:55:15,515 - INFO - [RapidAPI] Fetching products: category=1350387031, page=1, country=IN
2025-12-14 15:55:15,878 - ERROR - [RapidAPI] HTTP 429: Too Many Requests
2025-12-14 15:55:15,878 - ERROR - [RapidAPI] Response: {"message":"You have exceeded the MONTHLY quota for Requests on your current plan, BASIC. Upgrade your plan at https:\/\/rapidapi.com\/letscrape-6bRBa3QguO5\/api\/real-time-amazon-data"}
2025-12-14 15:55:15,878 - INFO - [RESULT] 0 products saved
2025-12-14 15:55:18,879 - INFO - 
[PROGRESS] Category 6/6
2025-12-14 15:55:18,879 - INFO - 
======================================================================
[COLLECT] Health & Personal Care
2025-12-14 15:55:18,879 - INFO - [PAGE] 1/3...
2025-12-14 15:55:18,879 - INFO - [RapidAPI] Fetching products: category=1350384031, page=1, country=IN
2025-12-14 15:55:19,193 - ERROR - [RapidAPI] HTTP 429: Too Many Requests
2025-12-14 15:55:19,193 - ERROR - [RapidAPI] Response: {"message":"You have exceeded the MONTHLY quota for Requests on your current plan, BASIC. Upgrade your plan at https:\/\/rapidapi.com\/letscrape-6bRBa3QguO5\/api\/real-time-amazon-data"}
2025-12-14 15:55:19,194 - INFO - [RESULT] 0 products saved
2025-12-14 15:55:19,198 - INFO - 
[STATS] Products: 1443, ASINs: 1321
2025-12-14 15:55:19,198 - INFO - [ANALYTICS] Avg Price: ₹2157.95
2025-12-14 15:55:19,198 - INFO - [ANALYTICS] Avg Sales: 170,031,970
2025-12-14 15:55:19,198 - INFO - [COMPLETE] 0 products collected
2025-12-14 15:55:19,198 - INFO - [DB] Disconnected
